Copyright 1986-2018 Xilinx, Inc. All Rights Reserved.
----------------------------------------------------------------------------------------------------------------------------------------------------------------------------------------------------------------------------------------------------------------------------------
| Tool Version : Vivado v.2018.2 (win64) Build 2258646 Thu Jun 14 20:03:12 MDT 2018
| Date         : Thu Jul 23 17:56:14 2026
| Host         : Mo-AZ running 64-bit major release  (build 9200)
| Command      : report_timing_summary -delay_type min_max -report_unconstrained -check_timing_verbose -max_paths 10 -input_pins -routable_nets -name timing_1 -file {D:/Digital IC/9_Projects/UART/UART_TX/Design_and_tb/uart_tx_top/FPGA_Flow/Implementation/timing_report.rpt}
| Design       : uart_tx
| Device       : 7a35t-cpg236
| Speed File   : -1  PRODUCTION 1.22 2018-03-21
----------------------------------------------------------------------------------------------------------------------------------------------------------------------------------------------------------------------------------------------------------------------------------

Timing Summary Report

------------------------------------------------------------------------------------------------
| Timer Settings
| --------------
------------------------------------------------------------------------------------------------

  Enable Multi Corner Analysis               :  Yes
  Enable Pessimism Removal                   :  Yes
  Pessimism Removal Resolution               :  Nearest Common Node
  Enable Input Delay Default Clock           :  No
  Enable Preset / Clear Arcs                 :  No
  Disable Flight Delays                      :  No
  Ignore I/O Paths                           :  No
  Timing Early Launch at Borrowing Latches   :  false

  Corner  Analyze    Analyze    
  Name    Max Paths  Min Paths  
  ------  ---------  ---------  
  Slow    Yes        Yes        
  Fast    Yes        Yes        



check_timing report

Table of Contents
-----------------
1. checking no_clock
2. checking constant_clock
3. checking pulse_width_clock
4. checking unconstrained_internal_endpoints
5. checking no_input_delay
6. checking no_output_delay
7. checking multiple_clock
8. checking generated_clocks
9. checking loops
10. checking partial_input_delay
11. checking partial_output_delay
12. checking latch_loops

1. checking no_clock
--------------------
 There are 0 register/latch pins with no clock.


2. checking constant_clock
--------------------------
 There are 0 register/latch pins with constant_clock.


3. checking pulse_width_clock
-----------------------------
 There are 0 register/latch pins which need pulse_width check


4. checking unconstrained_internal_endpoints
--------------------------------------------
 There are 0 pins that are not constrained for maximum delay.

 There are 0 pins that are not constrained for maximum delay due to constant clock.


5. checking no_input_delay
--------------------------
 There are 12 input ports with no input delay specified. (HIGH)

data_valid
p_data[0]
p_data[1]
p_data[2]
p_data[3]
p_data[4]
p_data[5]
p_data[6]
p_data[7]
par_en
par_typ
rst_n

 There are 0 input ports with no input delay but user has a false path constraint.


6. checking no_output_delay
---------------------------
 There are 2 ports with no output delay specified. (HIGH)

busy
tx_out

 There are 0 ports with no output delay but user has a false path constraint

 There are 0 ports with no output delay but with a timing clock defined on it or propagating through it


7. checking multiple_clock
--------------------------
 There are 0 register/latch pins with multiple clocks.


8. checking generated_clocks
----------------------------
 There are 0 generated clocks that are not connected to a clock source.


9. checking loops
-----------------
 There are 0 combinational loops in the design.


10. checking partial_input_delay
--------------------------------
 There are 0 input ports with partial input delay specified.


11. checking partial_output_delay
---------------------------------
 There are 0 ports with partial output delay specified.


12. checking latch_loops
------------------------
 There are 0 combinational latch loops in the design through latch input



------------------------------------------------------------------------------------------------
| Design Timing Summary
| ---------------------
------------------------------------------------------------------------------------------------

    WNS(ns)      TNS(ns)  TNS Failing Endpoints  TNS Total Endpoints      WHS(ns)      THS(ns)  THS Failing Endpoints  THS Total Endpoints     WPWS(ns)     TPWS(ns)  TPWS Failing Endpoints  TPWS Total Endpoints  
    -------      -------  ---------------------  -------------------      -------      -------  ---------------------  -------------------     --------     --------  ----------------------  --------------------  
     37.639        0.000                      0                   10        0.163        0.000                      0                   10        4.500        0.000                       0                    12  


All user specified timing constraints are met.


------------------------------------------------------------------------------------------------
| Clock Summary
| -------------
------------------------------------------------------------------------------------------------

Clock        Waveform(ns)       Period(ns)      Frequency(MHz)
-----        ------------       ----------      --------------
sys_clk_pin  {0.000 5.000}      40.000          25.000          


------------------------------------------------------------------------------------------------
| Intra Clock Table
| -----------------
------------------------------------------------------------------------------------------------

Clock             WNS(ns)      TNS(ns)  TNS Failing Endpoints  TNS Total Endpoints      WHS(ns)      THS(ns)  THS Failing Endpoints  THS Total Endpoints     WPWS(ns)     TPWS(ns)  TPWS Failing Endpoints  TPWS Total Endpoints  
-----             -------      -------  ---------------------  -------------------      -------      -------  ---------------------  -------------------     --------     --------  ----------------------  --------------------  
sys_clk_pin        37.639        0.000                      0                   10        0.163        0.000                      0                   10        4.500        0.000                       0                    12  


------------------------------------------------------------------------------------------------
| Inter Clock Table
| -----------------
------------------------------------------------------------------------------------------------

From Clock    To Clock          WNS(ns)      TNS(ns)  TNS Failing Endpoints  TNS Total Endpoints      WHS(ns)      THS(ns)  THS Failing Endpoints  THS Total Endpoints  
----------    --------          -------      -------  ---------------------  -------------------      -------      -------  ---------------------  -------------------  


------------------------------------------------------------------------------------------------
| Other Path Groups Table
| -----------------------
------------------------------------------------------------------------------------------------

Path Group    From Clock    To Clock          WNS(ns)      TNS(ns)  TNS Failing Endpoints  TNS Total Endpoints      WHS(ns)      THS(ns)  THS Failing Endpoints  THS Total Endpoints  
----------    ----------    --------          -------      -------  ---------------------  -------------------      -------      -------  ---------------------  -------------------  


------------------------------------------------------------------------------------------------
| User Ignored Path Table
| -----------------------
------------------------------------------------------------------------------------------------

Path Group    From Clock    To Clock    
----------    ----------    --------    


------------------------------------------------------------------------------------------------
| Unconstrained Path Table
| ------------------------
------------------------------------------------------------------------------------------------

Path Group    From Clock    To Clock    
----------    ----------    --------    
(none)                                    
(none)        sys_clk_pin                 
(none)                      sys_clk_pin   


------------------------------------------------------------------------------------------------
| Timing Details
| --------------
------------------------------------------------------------------------------------------------


---------------------------------------------------------------------------------------------------
From Clock:  sys_clk_pin
  To Clock:  sys_clk_pin

Setup :            0  Failing Endpoints,  Worst Slack       37.639ns,  Total Violation        0.000ns
Hold  :            0  Failing Endpoints,  Worst Slack        0.163ns,  Total Violation        0.000ns
PW    :            0  Failing Endpoints,  Worst Slack        4.500ns,  Total Violation        0.000ns
---------------------------------------------------------------------------------------------------


Max Delay Paths
--------------------------------------------------------------------------------------
Slack (MET) :             37.639ns  (required time - arrival time)
  Source:                 uart_tx_serializer_mod/ser_counter_reg[1]/C
                            (rising edge-triggered cell FDCE clocked by sys_clk_pin  {rise@0.000ns fall@5.000ns period=40.000ns})
  Destination:            uart_tx_serializer_mod/ser_data_reg/D
                            (rising edge-triggered cell FDCE clocked by sys_clk_pin  {rise@0.000ns fall@5.000ns period=40.000ns})
  Path Group:             sys_clk_pin
  Path Type:              Setup (Max at Slow Process Corner)
  Requirement:            40.000ns  (sys_clk_pin rise@40.000ns - sys_clk_pin rise@0.000ns)
  Data Path Delay:        2.333ns  (logic 0.704ns (30.177%)  route 1.629ns (69.823%))
  Logic Levels:           2  (LUT6=2)
  Clock Path Skew:        -0.022ns (DCD - SCD + CPR)
    Destination Clock Delay (DCD):    4.856ns = ( 44.856 - 40.000 ) 
    Source Clock Delay      (SCD):    5.155ns
    Clock Pessimism Removal (CPR):    0.277ns
  Clock Uncertainty:      0.035ns  ((TSJ^2 + TIJ^2)^1/2 + DJ) / 2 + PE
    Total System Jitter     (TSJ):    0.071ns
    Total Input Jitter      (TIJ):    0.000ns
    Discrete Jitter          (DJ):    0.000ns
    Phase Error              (PE):    0.000ns

    Location             Delay type                Incr(ns)  Path(ns)    Netlist Resource(s)
  -------------------------------------------------------------------    -------------------
                         (clock sys_clk_pin rise edge)
                                                      0.000     0.000 r  
    W5                                                0.000     0.000 r  clk (IN)
                         net (fo=0)                   0.000     0.000    clk
    W5                                                                r  clk_IBUF_inst/I
    W5                   IBUF (Prop_ibuf_I_O)         1.458     1.458 r  clk_IBUF_inst/O
                         net (fo=1, routed)           1.967     3.425    clk_IBUF
    BUFGCTRL_X0Y0                                                     r  clk_IBUF_BUFG_inst/I
    BUFGCTRL_X0Y0        BUFG (Prop_bufg_I_O)         0.096     3.521 r  clk_IBUF_BUFG_inst/O
                         net (fo=11, routed)          1.634     5.155    uart_tx_serializer_mod/CLK
    SLICE_X1Y12          FDCE                                         r  uart_tx_serializer_mod/ser_counter_reg[1]/C
  -------------------------------------------------------------------    -------------------
    SLICE_X1Y12          FDCE (Prop_fdce_C_Q)         0.456     5.611 r  uart_tx_serializer_mod/ser_counter_reg[1]/Q
                         net (fo=5, routed)           0.831     6.442    uart_tx_serializer_mod/Q[1]
    SLICE_X0Y11                                                       r  uart_tx_serializer_mod/ser_data_i_3/I2
    SLICE_X0Y11          LUT6 (Prop_lut6_I2_O)        0.124     6.566 r  uart_tx_serializer_mod/ser_data_i_3/O
                         net (fo=1, routed)           0.798     7.364    uart_tx_serializer_mod/ser_data_i_3_n_0
    SLICE_X0Y12                                                       r  uart_tx_serializer_mod/ser_data_i_1/I2
    SLICE_X0Y12          LUT6 (Prop_lut6_I2_O)        0.124     7.488 r  uart_tx_serializer_mod/ser_data_i_1/O
                         net (fo=1, routed)           0.000     7.488    uart_tx_serializer_mod/ser_data_i_1_n_0
    SLICE_X0Y12          FDCE                                         r  uart_tx_serializer_mod/ser_data_reg/D
  -------------------------------------------------------------------    -------------------

                         (clock sys_clk_pin rise edge)
                                                     40.000    40.000 r  
    W5                                                0.000    40.000 r  clk (IN)
                         net (fo=0)                   0.000    40.000    clk
    W5                                                                r  clk_IBUF_inst/I
    W5                   IBUF (Prop_ibuf_I_O)         1.388    41.388 r  clk_IBUF_inst/O
                         net (fo=1, routed)           1.862    43.250    clk_IBUF
    BUFGCTRL_X0Y0                                                     r  clk_IBUF_BUFG_inst/I
    BUFGCTRL_X0Y0        BUFG (Prop_bufg_I_O)         0.091    43.341 r  clk_IBUF_BUFG_inst/O
                         net (fo=11, routed)          1.515    44.856    uart_tx_serializer_mod/CLK
    SLICE_X0Y12          FDCE                                         r  uart_tx_serializer_mod/ser_data_reg/C
                         clock pessimism              0.277    45.133    
                         clock uncertainty           -0.035    45.098    
    SLICE_X0Y12          FDCE (Setup_fdce_C_D)        0.029    45.127    uart_tx_serializer_mod/ser_data_reg
  -------------------------------------------------------------------
                         required time                         45.127    
                         arrival time                          -7.488    
  -------------------------------------------------------------------
                         slack                                 37.639    

Slack (MET) :             38.213ns  (required time - arrival time)
  Source:                 uart_tx_controller_mod/FSM_onehot_state_reg[2]/C
                            (rising edge-triggered cell FDRE clocked by sys_clk_pin  {rise@0.000ns fall@5.000ns period=40.000ns})
  Destination:            uart_tx_serializer_mod/ser_counter_reg[0]/D
                            (rising edge-triggered cell FDCE clocked by sys_clk_pin  {rise@0.000ns fall@5.000ns period=40.000ns})
  Path Group:             sys_clk_pin
  Path Type:              Setup (Max at Slow Process Corner)
  Requirement:            40.000ns  (sys_clk_pin rise@40.000ns - sys_clk_pin rise@0.000ns)
  Data Path Delay:        1.759ns  (logic 0.580ns (32.982%)  route 1.179ns (67.018%))
  Logic Levels:           1  (LUT4=1)
  Clock Path Skew:        -0.022ns (DCD - SCD + CPR)
    Destination Clock Delay (DCD):    4.856ns = ( 44.856 - 40.000 ) 
    Source Clock Delay      (SCD):    5.152ns
    Clock Pessimism Removal (CPR):    0.274ns
  Clock Uncertainty:      0.035ns  ((TSJ^2 + TIJ^2)^1/2 + DJ) / 2 + PE
    Total System Jitter     (TSJ):    0.071ns
    Total Input Jitter      (TIJ):    0.000ns
    Discrete Jitter          (DJ):    0.000ns
    Phase Error              (PE):    0.000ns

    Location             Delay type                Incr(ns)  Path(ns)    Netlist Resource(s)
  -------------------------------------------------------------------    -------------------
                         (clock sys_clk_pin rise edge)
                                                      0.000     0.000 r  
    W5                                                0.000     0.000 r  clk (IN)
                         net (fo=0)                   0.000     0.000    clk
    W5                                                                r  clk_IBUF_inst/I
    W5                   IBUF (Prop_ibuf_I_O)         1.458     1.458 r  clk_IBUF_inst/O
                         net (fo=1, routed)           1.967     3.425    clk_IBUF
    BUFGCTRL_X0Y0                                                     r  clk_IBUF_BUFG_inst/I
    BUFGCTRL_X0Y0        BUFG (Prop_bufg_I_O)         0.096     3.521 r  clk_IBUF_BUFG_inst/O
                         net (fo=11, routed)          1.631     5.152    uart_tx_controller_mod/CLK
    SLICE_X1Y15          FDRE                                         r  uart_tx_controller_mod/FSM_onehot_state_reg[2]/C
  -------------------------------------------------------------------    -------------------
    SLICE_X1Y15          FDRE (Prop_fdre_C_Q)         0.456     5.608 r  uart_tx_controller_mod/FSM_onehot_state_reg[2]/Q
                         net (fo=9, routed)           1.179     6.787    uart_tx_controller_mod/out[1]
    SLICE_X1Y12                                                       r  uart_tx_controller_mod/ser_counter[0]_i_1/I1
    SLICE_X1Y12          LUT4 (Prop_lut4_I1_O)        0.124     6.911 r  uart_tx_controller_mod/ser_counter[0]_i_1/O
                         net (fo=1, routed)           0.000     6.911    uart_tx_serializer_mod/D[0]
    SLICE_X1Y12          FDCE                                         r  uart_tx_serializer_mod/ser_counter_reg[0]/D
  -------------------------------------------------------------------    -------------------

                         (clock sys_clk_pin rise edge)
                                                     40.000    40.000 r  
    W5                                                0.000    40.000 r  clk (IN)
                         net (fo=0)                   0.000    40.000    clk
    W5                                                                r  clk_IBUF_inst/I
    W5                   IBUF (Prop_ibuf_I_O)         1.388    41.388 r  clk_IBUF_inst/O
                         net (fo=1, routed)           1.862    43.250    clk_IBUF
    BUFGCTRL_X0Y0                                                     r  clk_IBUF_BUFG_inst/I
    BUFGCTRL_X0Y0        BUFG (Prop_bufg_I_O)         0.091    43.341 r  clk_IBUF_BUFG_inst/O
                         net (fo=11, routed)          1.515    44.856    uart_tx_serializer_mod/CLK
    SLICE_X1Y12          FDCE                                         r  uart_tx_serializer_mod/ser_counter_reg[0]/C
                         clock pessimism              0.274    45.130    
                         clock uncertainty           -0.035    45.095    
    SLICE_X1Y12          FDCE (Setup_fdce_C_D)        0.029    45.124    uart_tx_serializer_mod/ser_counter_reg[0]
  -------------------------------------------------------------------
                         required time                         45.124    
                         arrival time                          -6.911    
  -------------------------------------------------------------------
                         slack                                 38.213    

Slack (MET) :             38.213ns  (required time - arrival time)
  Source:                 uart_tx_controller_mod/FSM_onehot_state_reg[2]/C
                            (rising edge-triggered cell FDRE clocked by sys_clk_pin  {rise@0.000ns fall@5.000ns period=40.000ns})
  Destination:            uart_tx_serializer_mod/ser_counter_reg[1]/D
                            (rising edge-triggered cell FDCE clocked by sys_clk_pin  {rise@0.000ns fall@5.000ns period=40.000ns})
  Path Group:             sys_clk_pin
  Path Type:              Setup (Max at Slow Process Corner)
  Requirement:            40.000ns  (sys_clk_pin rise@40.000ns - sys_clk_pin rise@0.000ns)
  Data Path Delay:        1.761ns  (logic 0.580ns (32.945%)  route 1.181ns (67.055%))
  Logic Levels:           1  (LUT5=1)
  Clock Path Skew:        -0.022ns (DCD - SCD + CPR)
    Destination Clock Delay (DCD):    4.856ns = ( 44.856 - 40.000 ) 
    Source Clock Delay      (SCD):    5.152ns
    Clock Pessimism Removal (CPR):    0.274ns
  Clock Uncertainty:      0.035ns  ((TSJ^2 + TIJ^2)^1/2 + DJ) / 2 + PE
    Total System Jitter     (TSJ):    0.071ns
    Total Input Jitter      (TIJ):    0.000ns
    Discrete Jitter          (DJ):    0.000ns
    Phase Error              (PE):    0.000ns

    Location             Delay type                Incr(ns)  Path(ns)    Netlist Resource(s)
  -------------------------------------------------------------------    -------------------
                         (clock sys_clk_pin rise edge)
                                                      0.000     0.000 r  
    W5                                                0.000     0.000 r  clk (IN)
                         net (fo=0)                   0.000     0.000    clk
    W5                                                                r  clk_IBUF_inst/I
    W5                   IBUF (Prop_ibuf_I_O)         1.458     1.458 r  clk_IBUF_inst/O
                         net (fo=1, routed)           1.967     3.425    clk_IBUF
    BUFGCTRL_X0Y0                                                     r  clk_IBUF_BUFG_inst/I
    BUFGCTRL_X0Y0        BUFG (Prop_bufg_I_O)         0.096     3.521 r  clk_IBUF_BUFG_inst/O
                         net (fo=11, routed)          1.631     5.152    uart_tx_controller_mod/CLK
    SLICE_X1Y15          FDRE                                         r  uart_tx_controller_mod/FSM_onehot_state_reg[2]/C
  -------------------------------------------------------------------    -------------------
    SLICE_X1Y15          FDRE (Prop_fdre_C_Q)         0.456     5.608 r  uart_tx_controller_mod/FSM_onehot_state_reg[2]/Q
                         net (fo=9, routed)           1.181     6.789    uart_tx_controller_mod/out[1]
    SLICE_X1Y12                                                       r  uart_tx_controller_mod/ser_counter[1]_i_1/I1
    SLICE_X1Y12          LUT5 (Prop_lut5_I1_O)        0.124     6.913 r  uart_tx_controller_mod/ser_counter[1]_i_1/O
                         net (fo=1, routed)           0.000     6.913    uart_tx_serializer_mod/D[1]
    SLICE_X1Y12          FDCE                                         r  uart_tx_serializer_mod/ser_counter_reg[1]/D
  -------------------------------------------------------------------    -------------------

                         (clock sys_clk_pin rise edge)
                                                     40.000    40.000 r  
    W5                                                0.000    40.000 r  clk (IN)
                         net (fo=0)                   0.000    40.000    clk
    W5                                                                r  clk_IBUF_inst/I
    W5                   IBUF (Prop_ibuf_I_O)         1.388    41.388 r  clk_IBUF_inst/O
                         net (fo=1, routed)           1.862    43.250    clk_IBUF
    BUFGCTRL_X0Y0                                                     r  clk_IBUF_BUFG_inst/I
    BUFGCTRL_X0Y0        BUFG (Prop_bufg_I_O)         0.091    43.341 r  clk_IBUF_BUFG_inst/O
                         net (fo=11, routed)          1.515    44.856    uart_tx_serializer_mod/CLK
    SLICE_X1Y12          FDCE                                         r  uart_tx_serializer_mod/ser_counter_reg[1]/C
                         clock pessimism              0.274    45.130    
                         clock uncertainty           -0.035    45.095    
    SLICE_X1Y12          FDCE (Setup_fdce_C_D)        0.031    45.126    uart_tx_serializer_mod/ser_counter_reg[1]
  -------------------------------------------------------------------
                         required time                         45.126    
                         arrival time                          -6.913    
  -------------------------------------------------------------------
                         slack                                 38.213    

Slack (MET) :             38.345ns  (required time - arrival time)
  Source:                 uart_tx_controller_mod/FSM_onehot_state_reg[3]/C
                            (rising edge-triggered cell FDRE clocked by sys_clk_pin  {rise@0.000ns fall@5.000ns period=40.000ns})
  Destination:            uart_tx_controller_mod/FSM_onehot_state_reg[4]/D
                            (rising edge-triggered cell FDRE clocked by sys_clk_pin  {rise@0.000ns fall@5.000ns period=40.000ns})
  Path Group:             sys_clk_pin
  Path Type:              Setup (Max at Slow Process Corner)
  Requirement:            40.000ns  (sys_clk_pin rise@40.000ns - sys_clk_pin rise@0.000ns)
  Data Path Delay:        1.628ns  (logic 0.642ns (39.431%)  route 0.986ns (60.569%))
  Logic Levels:           1  (LUT6=1)
  Clock Path Skew:        -0.023ns (DCD - SCD + CPR)
    Destination Clock Delay (DCD):    4.854ns = ( 44.854 - 40.000 ) 
    Source Clock Delay      (SCD):    5.151ns
    Clock Pessimism Removal (CPR):    0.274ns
  Clock Uncertainty:      0.035ns  ((TSJ^2 + TIJ^2)^1/2 + DJ) / 2 + PE
    Total System Jitter     (TSJ):    0.071ns
    Total Input Jitter      (TIJ):    0.000ns
    Discrete Jitter          (DJ):    0.000ns
    Phase Error              (PE):    0.000ns

    Location             Delay type                Incr(ns)  Path(ns)    Netlist Resource(s)
  -------------------------------------------------------------------    -------------------
                         (clock sys_clk_pin rise edge)
                                                      0.000     0.000 r  
    W5                                                0.000     0.000 r  clk (IN)
                         net (fo=0)                   0.000     0.000    clk
    W5                                                                r  clk_IBUF_inst/I
    W5                   IBUF (Prop_ibuf_I_O)         1.458     1.458 r  clk_IBUF_inst/O
                         net (fo=1, routed)           1.967     3.425    clk_IBUF
    BUFGCTRL_X0Y0                                                     r  clk_IBUF_BUFG_inst/I
    BUFGCTRL_X0Y0        BUFG (Prop_bufg_I_O)         0.096     3.521 r  clk_IBUF_BUFG_inst/O
                         net (fo=11, routed)          1.630     5.151    uart_tx_controller_mod/CLK
    SLICE_X2Y16          FDRE                                         r  uart_tx_controller_mod/FSM_onehot_state_reg[3]/C
  -------------------------------------------------------------------    -------------------
    SLICE_X2Y16          FDRE (Prop_fdre_C_Q)         0.518     5.669 r  uart_tx_controller_mod/FSM_onehot_state_reg[3]/Q
                         net (fo=5, routed)           0.986     6.655    uart_tx_controller_mod/FSM_onehot_state_reg_n_0_[3]
    SLICE_X1Y15                                                       r  uart_tx_controller_mod/FSM_onehot_state[4]_i_2/I0
    SLICE_X1Y15          LUT6 (Prop_lut6_I0_O)        0.124     6.779 r  uart_tx_controller_mod/FSM_onehot_state[4]_i_2/O
                         net (fo=1, routed)           0.000     6.779    uart_tx_controller_mod/FSM_onehot_state[4]_i_2_n_0
    SLICE_X1Y15          FDRE                                         r  uart_tx_controller_mod/FSM_onehot_state_reg[4]/D
  -------------------------------------------------------------------    -------------------

                         (clock sys_clk_pin rise edge)
                                                     40.000    40.000 r  
    W5                                                0.000    40.000 r  clk (IN)
                         net (fo=0)                   0.000    40.000    clk
    W5                                                                r  clk_IBUF_inst/I
    W5                   IBUF (Prop_ibuf_I_O)         1.388    41.388 r  clk_IBUF_inst/O
                         net (fo=1, routed)           1.862    43.250    clk_IBUF
    BUFGCTRL_X0Y0                                                     r  clk_IBUF_BUFG_inst/I
    BUFGCTRL_X0Y0        BUFG (Prop_bufg_I_O)         0.091    43.341 r  clk_IBUF_BUFG_inst/O
                         net (fo=11, routed)          1.513    44.854    uart_tx_controller_mod/CLK
    SLICE_X1Y15          FDRE                                         r  uart_tx_controller_mod/FSM_onehot_state_reg[4]/C
                         clock pessimism              0.274    45.128    
                         clock uncertainty           -0.035    45.093    
    SLICE_X1Y15          FDRE (Setup_fdre_C_D)        0.032    45.125    uart_tx_controller_mod/FSM_onehot_state_reg[4]
  -------------------------------------------------------------------
                         required time                         45.125    
                         arrival time                          -6.779    
  -------------------------------------------------------------------
                         slack                                 38.345    

Slack (MET) :             38.380ns  (required time - arrival time)
  Source:                 uart_tx_controller_mod/FSM_onehot_state_reg[2]/C
                            (rising edge-triggered cell FDRE clocked by sys_clk_pin  {rise@0.000ns fall@5.000ns period=40.000ns})
  Destination:            uart_tx_serializer_mod/ser_counter_reg[2]/D
                            (rising edge-triggered cell FDCE clocked by sys_clk_pin  {rise@0.000ns fall@5.000ns period=40.000ns})
  Path Group:             sys_clk_pin
  Path Type:              Setup (Max at Slow Process Corner)
  Requirement:            40.000ns  (sys_clk_pin rise@40.000ns - sys_clk_pin rise@0.000ns)
  Data Path Delay:        1.594ns  (logic 0.580ns (36.397%)  route 1.014ns (63.603%))
  Logic Levels:           1  (LUT6=1)
  Clock Path Skew:        -0.022ns (DCD - SCD + CPR)
    Destination Clock Delay (DCD):    4.856ns = ( 44.856 - 40.000 ) 
    Source Clock Delay      (SCD):    5.152ns
    Clock Pessimism Removal (CPR):    0.274ns
  Clock Uncertainty:      0.035ns  ((TSJ^2 + TIJ^2)^1/2 + DJ) / 2 + PE
    Total System Jitter     (TSJ):    0.071ns
    Total Input Jitter      (TIJ):    0.000ns
    Discrete Jitter          (DJ):    0.000ns
    Phase Error              (PE):    0.000ns

    Location             Delay type                Incr(ns)  Path(ns)    Netlist Resource(s)
  -------------------------------------------------------------------    -------------------
                         (clock sys_clk_pin rise edge)
                                                      0.000     0.000 r  
    W5                                                0.000     0.000 r  clk (IN)
                         net (fo=0)                   0.000     0.000    clk
    W5                                                                r  clk_IBUF_inst/I
    W5                   IBUF (Prop_ibuf_I_O)         1.458     1.458 r  clk_IBUF_inst/O
                         net (fo=1, routed)           1.967     3.425    clk_IBUF
    BUFGCTRL_X0Y0                                                     r  clk_IBUF_BUFG_inst/I
    BUFGCTRL_X0Y0        BUFG (Prop_bufg_I_O)         0.096     3.521 r  clk_IBUF_BUFG_inst/O
                         net (fo=11, routed)          1.631     5.152    uart_tx_controller_mod/CLK
    SLICE_X1Y15          FDRE                                         r  uart_tx_controller_mod/FSM_onehot_state_reg[2]/C
  -------------------------------------------------------------------    -------------------
    SLICE_X1Y15          FDRE (Prop_fdre_C_Q)         0.456     5.608 r  uart_tx_controller_mod/FSM_onehot_state_reg[2]/Q
                         net (fo=9, routed)           1.014     6.622    uart_tx_serializer_mod/out[1]
    SLICE_X1Y12                                                       r  uart_tx_serializer_mod/ser_counter[2]_i_1/I1
    SLICE_X1Y12          LUT6 (Prop_lut6_I1_O)        0.124     6.746 r  uart_tx_serializer_mod/ser_counter[2]_i_1/O
                         net (fo=1, routed)           0.000     6.746    uart_tx_serializer_mod/ser_counter[2]_i_1_n_0
    SLICE_X1Y12          FDCE                                         r  uart_tx_serializer_mod/ser_counter_reg[2]/D
  -------------------------------------------------------------------    -------------------

                         (clock sys_clk_pin rise edge)
                                                     40.000    40.000 r  
    W5                                                0.000    40.000 r  clk (IN)
                         net (fo=0)                   0.000    40.000    clk
    W5                                                                r  clk_IBUF_inst/I
    W5                   IBUF (Prop_ibuf_I_O)         1.388    41.388 r  clk_IBUF_inst/O
                         net (fo=1, routed)           1.862    43.250    clk_IBUF
    BUFGCTRL_X0Y0                                                     r  clk_IBUF_BUFG_inst/I
    BUFGCTRL_X0Y0        BUFG (Prop_bufg_I_O)         0.091    43.341 r  clk_IBUF_BUFG_inst/O
                         net (fo=11, routed)          1.515    44.856    uart_tx_serializer_mod/CLK
    SLICE_X1Y12          FDCE                                         r  uart_tx_serializer_mod/ser_counter_reg[2]/C
                         clock pessimism              0.274    45.130    
                         clock uncertainty           -0.035    45.095    
    SLICE_X1Y12          FDCE (Setup_fdce_C_D)        0.031    45.126    uart_tx_serializer_mod/ser_counter_reg[2]
  -------------------------------------------------------------------
                         required time                         45.126    
                         arrival time                          -6.746    
  -------------------------------------------------------------------
                         slack                                 38.380    

Slack (MET) :             38.454ns  (required time - arrival time)
  Source:                 uart_tx_controller_mod/FSM_onehot_state_reg[2]/C
                            (rising edge-triggered cell FDRE clocked by sys_clk_pin  {rise@0.000ns fall@5.000ns period=40.000ns})
  Destination:            uart_tx_controller_mod/FSM_onehot_state_reg[3]/D
                            (rising edge-triggered cell FDRE clocked by sys_clk_pin  {rise@0.000ns fall@5.000ns period=40.000ns})
  Path Group:             sys_clk_pin
  Path Type:              Setup (Max at Slow Process Corner)
  Requirement:            40.000ns  (sys_clk_pin rise@40.000ns - sys_clk_pin rise@0.000ns)
  Data Path Delay:        1.562ns  (logic 0.580ns (37.120%)  route 0.982ns (62.880%))
  Logic Levels:           1  (LUT5=1)
  Clock Path Skew:        -0.025ns (DCD - SCD + CPR)
    Destination Clock Delay (DCD):    4.853ns = ( 44.853 - 40.000 ) 
    Source Clock Delay      (SCD):    5.152ns
    Clock Pessimism Removal (CPR):    0.274ns
  Clock Uncertainty:      0.035ns  ((TSJ^2 + TIJ^2)^1/2 + DJ) / 2 + PE
    Total System Jitter     (TSJ):    0.071ns
    Total Input Jitter      (TIJ):    0.000ns
    Discrete Jitter          (DJ):    0.000ns
    Phase Error              (PE):    0.000ns

    Location             Delay type                Incr(ns)  Path(ns)    Netlist Resource(s)
  -------------------------------------------------------------------    -------------------
                         (clock sys_clk_pin rise edge)
                                                      0.000     0.000 r  
    W5                                                0.000     0.000 r  clk (IN)
                         net (fo=0)                   0.000     0.000    clk
    W5                                                                r  clk_IBUF_inst/I
    W5                   IBUF (Prop_ibuf_I_O)         1.458     1.458 r  clk_IBUF_inst/O
                         net (fo=1, routed)           1.967     3.425    clk_IBUF
    BUFGCTRL_X0Y0                                                     r  clk_IBUF_BUFG_inst/I
    BUFGCTRL_X0Y0        BUFG (Prop_bufg_I_O)         0.096     3.521 r  clk_IBUF_BUFG_inst/O
                         net (fo=11, routed)          1.631     5.152    uart_tx_controller_mod/CLK
    SLICE_X1Y15          FDRE                                         r  uart_tx_controller_mod/FSM_onehot_state_reg[2]/C
  -------------------------------------------------------------------    -------------------
    SLICE_X1Y15          FDRE (Prop_fdre_C_Q)         0.456     5.608 r  uart_tx_controller_mod/FSM_onehot_state_reg[2]/Q
                         net (fo=9, routed)           0.982     6.591    uart_tx_controller_mod/out[1]
    SLICE_X2Y16                                                       r  uart_tx_controller_mod/FSM_onehot_state[3]_i_1/I2
    SLICE_X2Y16          LUT5 (Prop_lut5_I2_O)        0.124     6.715 r  uart_tx_controller_mod/FSM_onehot_state[3]_i_1/O
                         net (fo=1, routed)           0.000     6.715    uart_tx_controller_mod/FSM_onehot_state[3]_i_1_n_0
    SLICE_X2Y16          FDRE                                         r  uart_tx_controller_mod/FSM_onehot_state_reg[3]/D
  -------------------------------------------------------------------    -------------------

                         (clock sys_clk_pin rise edge)
                                                     40.000    40.000 r  
    W5                                                0.000    40.000 r  clk (IN)
                         net (fo=0)                   0.000    40.000    clk
    W5                                                                r  clk_IBUF_inst/I
    W5                   IBUF (Prop_ibuf_I_O)         1.388    41.388 r  clk_IBUF_inst/O
                         net (fo=1, routed)           1.862    43.250    clk_IBUF
    BUFGCTRL_X0Y0                                                     r  clk_IBUF_BUFG_inst/I
    BUFGCTRL_X0Y0        BUFG (Prop_bufg_I_O)         0.091    43.341 r  clk_IBUF_BUFG_inst/O
                         net (fo=11, routed)          1.512    44.853    uart_tx_controller_mod/CLK
    SLICE_X2Y16          FDRE                                         r  uart_tx_controller_mod/FSM_onehot_state_reg[3]/C
                         clock pessimism              0.274    45.127    
                         clock uncertainty           -0.035    45.092    
    SLICE_X2Y16          FDRE (Setup_fdre_C_D)        0.077    45.169    uart_tx_controller_mod/FSM_onehot_state_reg[3]
  -------------------------------------------------------------------
                         required time                         45.169    
                         arrival time                          -6.715    
  -------------------------------------------------------------------
                         slack                                 38.454    

Slack (MET) :             38.652ns  (required time - arrival time)
  Source:                 uart_tx_serializer_mod/ser_done_reg/C
                            (rising edge-triggered cell FDCE clocked by sys_clk_pin  {rise@0.000ns fall@5.000ns period=40.000ns})
  Destination:            uart_tx_controller_mod/FSM_onehot_state_reg[2]/D
                            (rising edge-triggered cell FDRE clocked by sys_clk_pin  {rise@0.000ns fall@5.000ns period=40.000ns})
  Path Group:             sys_clk_pin
  Path Type:              Setup (Max at Slow Process Corner)
  Requirement:            40.000ns  (sys_clk_pin rise@40.000ns - sys_clk_pin rise@0.000ns)
  Data Path Delay:        1.316ns  (logic 0.580ns (44.057%)  route 0.736ns (55.943%))
  Logic Levels:           1  (LUT4=1)
  Clock Path Skew:        -0.027ns (DCD - SCD + CPR)
    Destination Clock Delay (DCD):    4.854ns = ( 44.854 - 40.000 ) 
    Source Clock Delay      (SCD):    5.155ns
    Clock Pessimism Removal (CPR):    0.274ns
  Clock Uncertainty:      0.035ns  ((TSJ^2 + TIJ^2)^1/2 + DJ) / 2 + PE
    Total System Jitter     (TSJ):    0.071ns
    Total Input Jitter      (TIJ):    0.000ns
    Discrete Jitter          (DJ):    0.000ns
    Phase Error              (PE):    0.000ns

    Location             Delay type                Incr(ns)  Path(ns)    Netlist Resource(s)
  -------------------------------------------------------------------    -------------------
                         (clock sys_clk_pin rise edge)
                                                      0.000     0.000 r  
    W5                                                0.000     0.000 r  clk (IN)
                         net (fo=0)                   0.000     0.000    clk
    W5                                                                r  clk_IBUF_inst/I
    W5                   IBUF (Prop_ibuf_I_O)         1.458     1.458 r  clk_IBUF_inst/O
                         net (fo=1, routed)           1.967     3.425    clk_IBUF
    BUFGCTRL_X0Y0                                                     r  clk_IBUF_BUFG_inst/I
    BUFGCTRL_X0Y0        BUFG (Prop_bufg_I_O)         0.096     3.521 r  clk_IBUF_BUFG_inst/O
                         net (fo=11, routed)          1.634     5.155    uart_tx_serializer_mod/CLK
    SLICE_X1Y12          FDCE                                         r  uart_tx_serializer_mod/ser_done_reg/C
  -------------------------------------------------------------------    -------------------
    SLICE_X1Y12          FDCE (Prop_fdce_C_Q)         0.456     5.611 f  uart_tx_serializer_mod/ser_done_reg/Q
                         net (fo=3, routed)           0.736     6.348    uart_tx_controller_mod/ser_done
    SLICE_X1Y15                                                       f  uart_tx_controller_mod/FSM_onehot_state[2]_i_1/I2
    SLICE_X1Y15          LUT4 (Prop_lut4_I2_O)        0.124     6.472 r  uart_tx_controller_mod/FSM_onehot_state[2]_i_1/O
                         net (fo=1, routed)           0.000     6.472    uart_tx_controller_mod/FSM_onehot_state[2]_i_1_n_0
    SLICE_X1Y15          FDRE                                         r  uart_tx_controller_mod/FSM_onehot_state_reg[2]/D
  -------------------------------------------------------------------    -------------------

                         (clock sys_clk_pin rise edge)
                                                     40.000    40.000 r  
    W5                                                0.000    40.000 r  clk (IN)
                         net (fo=0)                   0.000    40.000    clk
    W5                                                                r  clk_IBUF_inst/I
    W5                   IBUF (Prop_ibuf_I_O)         1.388    41.388 r  clk_IBUF_inst/O
                         net (fo=1, routed)           1.862    43.250    clk_IBUF
    BUFGCTRL_X0Y0                                                     r  clk_IBUF_BUFG_inst/I
    BUFGCTRL_X0Y0        BUFG (Prop_bufg_I_O)         0.091    43.341 r  clk_IBUF_BUFG_inst/O
                         net (fo=11, routed)          1.513    44.854    uart_tx_controller_mod/CLK
    SLICE_X1Y15          FDRE                                         r  uart_tx_controller_mod/FSM_onehot_state_reg[2]/C
                         clock pessimism              0.274    45.128    
                         clock uncertainty           -0.035    45.093    
    SLICE_X1Y15          FDRE (Setup_fdre_C_D)        0.031    45.124    uart_tx_controller_mod/FSM_onehot_state_reg[2]
  -------------------------------------------------------------------
                         required time                         45.124    
                         arrival time                          -6.472    
  -------------------------------------------------------------------
                         slack                                 38.652    

Slack (MET) :             38.736ns  (required time - arrival time)
  Source:                 uart_tx_serializer_mod/ser_counter_reg[2]/C
                            (rising edge-triggered cell FDCE clocked by sys_clk_pin  {rise@0.000ns fall@5.000ns period=40.000ns})
  Destination:            uart_tx_serializer_mod/ser_done_reg/D
                            (rising edge-triggered cell FDCE clocked by sys_clk_pin  {rise@0.000ns fall@5.000ns period=40.000ns})
  Path Group:             sys_clk_pin
  Path Type:              Setup (Max at Slow Process Corner)
  Requirement:            40.000ns  (sys_clk_pin rise@40.000ns - sys_clk_pin rise@0.000ns)
  Data Path Delay:        1.260ns  (logic 0.580ns (46.020%)  route 0.680ns (53.980%))
  Logic Levels:           1  (LUT3=1)
  Clock Path Skew:        0.000ns (DCD - SCD + CPR)
    Destination Clock Delay (DCD):    4.856ns = ( 44.856 - 40.000 ) 
    Source Clock Delay      (SCD):    5.155ns
    Clock Pessimism Removal (CPR):    0.299ns
  Clock Uncertainty:      0.035ns  ((TSJ^2 + TIJ^2)^1/2 + DJ) / 2 + PE
    Total System Jitter     (TSJ):    0.071ns
    Total Input Jitter      (TIJ):    0.000ns
    Discrete Jitter          (DJ):    0.000ns
    Phase Error              (PE):    0.000ns

    Location             Delay type                Incr(ns)  Path(ns)    Netlist Resource(s)
  -------------------------------------------------------------------    -------------------
                         (clock sys_clk_pin rise edge)
                                                      0.000     0.000 r  
    W5                                                0.000     0.000 r  clk (IN)
                         net (fo=0)                   0.000     0.000    clk
    W5                                                                r  clk_IBUF_inst/I
    W5                   IBUF (Prop_ibuf_I_O)         1.458     1.458 r  clk_IBUF_inst/O
                         net (fo=1, routed)           1.967     3.425    clk_IBUF
    BUFGCTRL_X0Y0                                                     r  clk_IBUF_BUFG_inst/I
    BUFGCTRL_X0Y0        BUFG (Prop_bufg_I_O)         0.096     3.521 r  clk_IBUF_BUFG_inst/O
                         net (fo=11, routed)          1.634     5.155    uart_tx_serializer_mod/CLK
    SLICE_X1Y12          FDCE                                         r  uart_tx_serializer_mod/ser_counter_reg[2]/C
  -------------------------------------------------------------------    -------------------
    SLICE_X1Y12          FDCE (Prop_fdce_C_Q)         0.456     5.611 r  uart_tx_serializer_mod/ser_counter_reg[2]/Q
                         net (fo=3, routed)           0.680     6.292    uart_tx_serializer_mod/ser_counter[2]
    SLICE_X1Y12                                                       r  uart_tx_serializer_mod/ser_done_i_1/I2
    SLICE_X1Y12          LUT3 (Prop_lut3_I2_O)        0.124     6.416 r  uart_tx_serializer_mod/ser_done_i_1/O
                         net (fo=1, routed)           0.000     6.416    uart_tx_serializer_mod/ser_done_i_1_n_0
    SLICE_X1Y12          FDCE                                         r  uart_tx_serializer_mod/ser_done_reg/D
  -------------------------------------------------------------------    -------------------

                         (clock sys_clk_pin rise edge)
                                                     40.000    40.000 r  
    W5                                                0.000    40.000 r  clk (IN)
                         net (fo=0)                   0.000    40.000    clk
    W5                                                                r  clk_IBUF_inst/I
    W5                   IBUF (Prop_ibuf_I_O)         1.388    41.388 r  clk_IBUF_inst/O
                         net (fo=1, routed)           1.862    43.250    clk_IBUF
    BUFGCTRL_X0Y0                                                     r  clk_IBUF_BUFG_inst/I
    BUFGCTRL_X0Y0        BUFG (Prop_bufg_I_O)         0.091    43.341 r  clk_IBUF_BUFG_inst/O
                         net (fo=11, routed)          1.515    44.856    uart_tx_serializer_mod/CLK
    SLICE_X1Y12          FDCE                                         r  uart_tx_serializer_mod/ser_done_reg/C
                         clock pessimism              0.299    45.155    
                         clock uncertainty           -0.035    45.120    
    SLICE_X1Y12          FDCE (Setup_fdce_C_D)        0.032    45.152    uart_tx_serializer_mod/ser_done_reg
  -------------------------------------------------------------------
                         required time                         45.152    
                         arrival time                          -6.416    
  -------------------------------------------------------------------
                         slack                                 38.736    

Slack (MET) :             38.895ns  (required time - arrival time)
  Source:                 uart_tx_controller_mod/FSM_onehot_state_reg[0]/C
                            (rising edge-triggered cell FDSE clocked by sys_clk_pin  {rise@0.000ns fall@5.000ns period=40.000ns})
  Destination:            uart_tx_controller_mod/FSM_onehot_state_reg[1]/D
                            (rising edge-triggered cell FDRE clocked by sys_clk_pin  {rise@0.000ns fall@5.000ns period=40.000ns})
  Path Group:             sys_clk_pin
  Path Type:              Setup (Max at Slow Process Corner)
  Requirement:            40.000ns  (sys_clk_pin rise@40.000ns - sys_clk_pin rise@0.000ns)
  Data Path Delay:        1.100ns  (logic 0.580ns (52.712%)  route 0.520ns (47.288%))
  Logic Levels:           1  (LUT3=1)
  Clock Path Skew:        0.000ns (DCD - SCD + CPR)
    Destination Clock Delay (DCD):    4.854ns = ( 44.854 - 40.000 ) 
    Source Clock Delay      (SCD):    5.152ns
    Clock Pessimism Removal (CPR):    0.298ns
  Clock Uncertainty:      0.035ns  ((TSJ^2 + TIJ^2)^1/2 + DJ) / 2 + PE
    Total System Jitter     (TSJ):    0.071ns
    Total Input Jitter      (TIJ):    0.000ns
    Discrete Jitter          (DJ):    0.000ns
    Phase Error              (PE):    0.000ns

    Location             Delay type                Incr(ns)  Path(ns)    Netlist Resource(s)
  -------------------------------------------------------------------    -------------------
                         (clock sys_clk_pin rise edge)
                                                      0.000     0.000 r  
    W5                                                0.000     0.000 r  clk (IN)
                         net (fo=0)                   0.000     0.000    clk
    W5                                                                r  clk_IBUF_inst/I
    W5                   IBUF (Prop_ibuf_I_O)         1.458     1.458 r  clk_IBUF_inst/O
                         net (fo=1, routed)           1.967     3.425    clk_IBUF
    BUFGCTRL_X0Y0                                                     r  clk_IBUF_BUFG_inst/I
    BUFGCTRL_X0Y0        BUFG (Prop_bufg_I_O)         0.096     3.521 r  clk_IBUF_BUFG_inst/O
                         net (fo=11, routed)          1.631     5.152    uart_tx_controller_mod/CLK
    SLICE_X1Y15          FDSE                                         r  uart_tx_controller_mod/FSM_onehot_state_reg[0]/C
  -------------------------------------------------------------------    -------------------
    SLICE_X1Y15          FDSE (Prop_fdse_C_Q)         0.456     5.608 r  uart_tx_controller_mod/FSM_onehot_state_reg[0]/Q
                         net (fo=3, routed)           0.520     6.129    uart_tx_controller_mod/FSM_onehot_state_reg_n_0_[0]
    SLICE_X1Y15                                                       r  uart_tx_controller_mod/FSM_onehot_state[1]_i_1/I0
    SLICE_X1Y15          LUT3 (Prop_lut3_I0_O)        0.124     6.253 r  uart_tx_controller_mod/FSM_onehot_state[1]_i_1/O
                         net (fo=1, routed)           0.000     6.253    uart_tx_controller_mod/FSM_onehot_state[1]_i_1_n_0
    SLICE_X1Y15          FDRE                                         r  uart_tx_controller_mod/FSM_onehot_state_reg[1]/D
  -------------------------------------------------------------------    -------------------

                         (clock sys_clk_pin rise edge)
                                                     40.000    40.000 r  
    W5                                                0.000    40.000 r  clk (IN)
                         net (fo=0)                   0.000    40.000    clk
    W5                                                                r  clk_IBUF_inst/I
    W5                   IBUF (Prop_ibuf_I_O)         1.388    41.388 r  clk_IBUF_inst/O
                         net (fo=1, routed)           1.862    43.250    clk_IBUF
    BUFGCTRL_X0Y0                                                     r  clk_IBUF_BUFG_inst/I
    BUFGCTRL_X0Y0        BUFG (Prop_bufg_I_O)         0.091    43.341 r  clk_IBUF_BUFG_inst/O
                         net (fo=11, routed)          1.513    44.854    uart_tx_controller_mod/CLK
    SLICE_X1Y15          FDRE                                         r  uart_tx_controller_mod/FSM_onehot_state_reg[1]/C
                         clock pessimism              0.298    45.152    
                         clock uncertainty           -0.035    45.117    
    SLICE_X1Y15          FDRE (Setup_fdre_C_D)        0.031    45.148    uart_tx_controller_mod/FSM_onehot_state_reg[1]
  -------------------------------------------------------------------
                         required time                         45.148    
                         arrival time                          -6.253    
  -------------------------------------------------------------------
                         slack                                 38.895    

Slack (MET) :             38.898ns  (required time - arrival time)
  Source:                 uart_tx_controller_mod/FSM_onehot_state_reg[0]/C
                            (rising edge-triggered cell FDSE clocked by sys_clk_pin  {rise@0.000ns fall@5.000ns period=40.000ns})
  Destination:            uart_tx_controller_mod/FSM_onehot_state_reg[0]/D
                            (rising edge-triggered cell FDSE clocked by sys_clk_pin  {rise@0.000ns fall@5.000ns period=40.000ns})
  Path Group:             sys_clk_pin
  Path Type:              Setup (Max at Slow Process Corner)
  Requirement:            40.000ns  (sys_clk_pin rise@40.000ns - sys_clk_pin rise@0.000ns)
  Data Path Delay:        1.095ns  (logic 0.580ns (52.953%)  route 0.515ns (47.047%))
  Logic Levels:           1  (LUT3=1)
  Clock Path Skew:        0.000ns (DCD - SCD + CPR)
    Destination Clock Delay (DCD):    4.854ns = ( 44.854 - 40.000 ) 
    Source Clock Delay      (SCD):    5.152ns
    Clock Pessimism Removal (CPR):    0.298ns
  Clock Uncertainty:      0.035ns  ((TSJ^2 + TIJ^2)^1/2 + DJ) / 2 + PE
    Total System Jitter     (TSJ):    0.071ns
    Total Input Jitter      (TIJ):    0.000ns
    Discrete Jitter          (DJ):    0.000ns
    Phase Error              (PE):    0.000ns

    Location             Delay type                Incr(ns)  Path(ns)    Netlist Resource(s)
  -------------------------------------------------------------------    -------------------
                         (clock sys_clk_pin rise edge)
                                                      0.000     0.000 r  
    W5                                                0.000     0.000 r  clk (IN)
                         net (fo=0)                   0.000     0.000    clk
    W5                                                                r  clk_IBUF_inst/I
    W5                   IBUF (Prop_ibuf_I_O)         1.458     1.458 r  clk_IBUF_inst/O
                         net (fo=1, routed)           1.967     3.425    clk_IBUF
    BUFGCTRL_X0Y0                                                     r  clk_IBUF_BUFG_inst/I
    BUFGCTRL_X0Y0        BUFG (Prop_bufg_I_O)         0.096     3.521 r  clk_IBUF_BUFG_inst/O
                         net (fo=11, routed)          1.631     5.152    uart_tx_controller_mod/CLK
    SLICE_X1Y15          FDSE                                         r  uart_tx_controller_mod/FSM_onehot_state_reg[0]/C
  -------------------------------------------------------------------    -------------------
    SLICE_X1Y15          FDSE (Prop_fdse_C_Q)         0.456     5.608 r  uart_tx_controller_mod/FSM_onehot_state_reg[0]/Q
                         net (fo=3, routed)           0.515     6.124    uart_tx_controller_mod/FSM_onehot_state_reg_n_0_[0]
    SLICE_X1Y15                                                       r  uart_tx_controller_mod/FSM_onehot_state[0]_i_1/I0
    SLICE_X1Y15          LUT3 (Prop_lut3_I0_O)        0.124     6.248 r  uart_tx_controller_mod/FSM_onehot_state[0]_i_1/O
                         net (fo=1, routed)           0.000     6.248    uart_tx_controller_mod/FSM_onehot_state[0]_i_1_n_0
    SLICE_X1Y15          FDSE                                         r  uart_tx_controller_mod/FSM_onehot_state_reg[0]/D
  -------------------------------------------------------------------    -------------------

                         (clock sys_clk_pin rise edge)
                                                     40.000    40.000 r  
    W5                                                0.000    40.000 r  clk (IN)
                         net (fo=0)                   0.000    40.000    clk
    W5                                                                r  clk_IBUF_inst/I
    W5                   IBUF (Prop_ibuf_I_O)         1.388    41.388 r  clk_IBUF_inst/O
                         net (fo=1, routed)           1.862    43.250    clk_IBUF
    BUFGCTRL_X0Y0                                                     r  clk_IBUF_BUFG_inst/I
    BUFGCTRL_X0Y0        BUFG (Prop_bufg_I_O)         0.091    43.341 r  clk_IBUF_BUFG_inst/O
                         net (fo=11, routed)          1.513    44.854    uart_tx_controller_mod/CLK
    SLICE_X1Y15          FDSE                                         r  uart_tx_controller_mod/FSM_onehot_state_reg[0]/C
                         clock pessimism              0.298    45.152    
                         clock uncertainty           -0.035    45.117    
    SLICE_X1Y15          FDSE (Setup_fdse_C_D)        0.029    45.146    uart_tx_controller_mod/FSM_onehot_state_reg[0]
  -------------------------------------------------------------------
                         required time                         45.146    
                         arrival time                          -6.248    
  -------------------------------------------------------------------
                         slack                                 38.898    





Min Delay Paths
--------------------------------------------------------------------------------------
Slack (MET) :             0.163ns  (arrival time - required time)
  Source:                 uart_tx_serializer_mod/ser_counter_reg[2]/C
                            (rising edge-triggered cell FDCE clocked by sys_clk_pin  {rise@0.000ns fall@5.000ns period=40.000ns})
  Destination:            uart_tx_serializer_mod/ser_data_reg/D
                            (rising edge-triggered cell FDCE clocked by sys_clk_pin  {rise@0.000ns fall@5.000ns period=40.000ns})
  Path Group:             sys_clk_pin
  Path Type:              Hold (Min at Fast Process Corner)
  Requirement:            0.000ns  (sys_clk_pin rise@0.000ns - sys_clk_pin rise@0.000ns)
  Data Path Delay:        0.267ns  (logic 0.186ns (69.743%)  route 0.081ns (30.257%))
  Logic Levels:           1  (LUT6=1)
  Clock Path Skew:        0.013ns (DCD - SCD - CPR)
    Destination Clock Delay (DCD):    1.989ns
    Source Clock Delay      (SCD):    1.475ns
    Clock Pessimism Removal (CPR):    0.501ns

    Location             Delay type                Incr(ns)  Path(ns)    Netlist Resource(s)
  -------------------------------------------------------------------    -------------------
                         (clock sys_clk_pin rise edge)
                                                      0.000     0.000 r  
    W5                                                0.000     0.000 r  clk (IN)
                         net (fo=0)                   0.000     0.000    clk
    W5                                                                r  clk_IBUF_inst/I
    W5                   IBUF (Prop_ibuf_I_O)         0.226     0.226 r  clk_IBUF_inst/O
                         net (fo=1, routed)           0.631     0.858    clk_IBUF
    BUFGCTRL_X0Y0                                                     r  clk_IBUF_BUFG_inst/I
    BUFGCTRL_X0Y0        BUFG (Prop_bufg_I_O)         0.026     0.884 r  clk_IBUF_BUFG_inst/O
                         net (fo=11, routed)          0.592     1.475    uart_tx_serializer_mod/CLK
    SLICE_X1Y12          FDCE                                         r  uart_tx_serializer_mod/ser_counter_reg[2]/C
  -------------------------------------------------------------------    -------------------
    SLICE_X1Y12          FDCE (Prop_fdce_C_Q)         0.141     1.616 r  uart_tx_serializer_mod/ser_counter_reg[2]/Q
                         net (fo=3, routed)           0.081     1.697    uart_tx_serializer_mod/ser_counter[2]
    SLICE_X0Y12                                                       r  uart_tx_serializer_mod/ser_data_i_1/I1
    SLICE_X0Y12          LUT6 (Prop_lut6_I1_O)        0.045     1.742 r  uart_tx_serializer_mod/ser_data_i_1/O
                         net (fo=1, routed)           0.000     1.742    uart_tx_serializer_mod/ser_data_i_1_n_0
    SLICE_X0Y12          FDCE                                         r  uart_tx_serializer_mod/ser_data_reg/D
  -------------------------------------------------------------------    -------------------

                         (clock sys_clk_pin rise edge)
                                                      0.000     0.000 r  
    W5                                                0.000     0.000 r  clk (IN)
                         net (fo=0)                   0.000     0.000    clk
    W5                                                                r  clk_IBUF_inst/I
    W5                   IBUF (Prop_ibuf_I_O)         0.414     0.414 r  clk_IBUF_inst/O
                         net (fo=1, routed)           0.685     1.099    clk_IBUF
    BUFGCTRL_X0Y0                                                     r  clk_IBUF_BUFG_inst/I
    BUFGCTRL_X0Y0        BUFG (Prop_bufg_I_O)         0.029     1.128 r  clk_IBUF_BUFG_inst/O
                         net (fo=11, routed)          0.862     1.989    uart_tx_serializer_mod/CLK
    SLICE_X0Y12          FDCE                                         r  uart_tx_serializer_mod/ser_data_reg/C
                         clock pessimism             -0.501     1.488    
    SLICE_X0Y12          FDCE (Hold_fdce_C_D)         0.091     1.579    uart_tx_serializer_mod/ser_data_reg
  -------------------------------------------------------------------
                         required time                         -1.579    
                         arrival time                           1.742    
  -------------------------------------------------------------------
                         slack                                  0.163    

Slack (MET) :             0.239ns  (arrival time - required time)
  Source:                 uart_tx_controller_mod/FSM_onehot_state_reg[1]/C
                            (rising edge-triggered cell FDRE clocked by sys_clk_pin  {rise@0.000ns fall@5.000ns period=40.000ns})
  Destination:            uart_tx_controller_mod/FSM_onehot_state_reg[1]/D
                            (rising edge-triggered cell FDRE clocked by sys_clk_pin  {rise@0.000ns fall@5.000ns period=40.000ns})
  Path Group:             sys_clk_pin
  Path Type:              Hold (Min at Fast Process Corner)
  Requirement:            0.000ns  (sys_clk_pin rise@0.000ns - sys_clk_pin rise@0.000ns)
  Data Path Delay:        0.331ns  (logic 0.186ns (56.176%)  route 0.145ns (43.824%))
  Logic Levels:           1  (LUT3=1)
  Clock Path Skew:        0.000ns (DCD - SCD - CPR)
    Destination Clock Delay (DCD):    1.987ns
    Source Clock Delay      (SCD):    1.474ns
    Clock Pessimism Removal (CPR):    0.513ns

    Location             Delay type                Incr(ns)  Path(ns)    Netlist Resource(s)
  -------------------------------------------------------------------    -------------------
                         (clock sys_clk_pin rise edge)
                                                      0.000     0.000 r  
    W5                                                0.000     0.000 r  clk (IN)
                         net (fo=0)                   0.000     0.000    clk
    W5                                                                r  clk_IBUF_inst/I
    W5                   IBUF (Prop_ibuf_I_O)         0.226     0.226 r  clk_IBUF_inst/O
                         net (fo=1, routed)           0.631     0.858    clk_IBUF
    BUFGCTRL_X0Y0                                                     r  clk_IBUF_BUFG_inst/I
    BUFGCTRL_X0Y0        BUFG (Prop_bufg_I_O)         0.026     0.884 r  clk_IBUF_BUFG_inst/O
                         net (fo=11, routed)          0.591     1.474    uart_tx_controller_mod/CLK
    SLICE_X1Y15          FDRE                                         r  uart_tx_controller_mod/FSM_onehot_state_reg[1]/C
  -------------------------------------------------------------------    -------------------
    SLICE_X1Y15          FDRE (Prop_fdre_C_Q)         0.141     1.615 r  uart_tx_controller_mod/FSM_onehot_state_reg[1]/Q
                         net (fo=7, routed)           0.145     1.760    uart_tx_controller_mod/out[0]
    SLICE_X1Y15                                                       r  uart_tx_controller_mod/FSM_onehot_state[1]_i_1/I2
    SLICE_X1Y15          LUT3 (Prop_lut3_I2_O)        0.045     1.805 r  uart_tx_controller_mod/FSM_onehot_state[1]_i_1/O
                         net (fo=1, routed)           0.000     1.805    uart_tx_controller_mod/FSM_onehot_state[1]_i_1_n_0
    SLICE_X1Y15          FDRE                                         r  uart_tx_controller_mod/FSM_onehot_state_reg[1]/D
  -------------------------------------------------------------------    -------------------

                         (clock sys_clk_pin rise edge)
                                                      0.000     0.000 r  
    W5                                                0.000     0.000 r  clk (IN)
                         net (fo=0)                   0.000     0.000    clk
    W5                                                                r  clk_IBUF_inst/I
    W5                   IBUF (Prop_ibuf_I_O)         0.414     0.414 r  clk_IBUF_inst/O
                         net (fo=1, routed)           0.685     1.099    clk_IBUF
    BUFGCTRL_X0Y0                                                     r  clk_IBUF_BUFG_inst/I
    BUFGCTRL_X0Y0        BUFG (Prop_bufg_I_O)         0.029     1.128 r  clk_IBUF_BUFG_inst/O
                         net (fo=11, routed)          0.860     1.987    uart_tx_controller_mod/CLK
    SLICE_X1Y15          FDRE                                         r  uart_tx_controller_mod/FSM_onehot_state_reg[1]/C
                         clock pessimism             -0.513     1.474    
    SLICE_X1Y15          FDRE (Hold_fdre_C_D)         0.092     1.566    uart_tx_controller_mod/FSM_onehot_state_reg[1]
  -------------------------------------------------------------------
                         required time                         -1.566    
                         arrival time                           1.805    
  -------------------------------------------------------------------
                         slack                                  0.239    

Slack (MET) :             0.239ns  (arrival time - required time)
  Source:                 uart_tx_serializer_mod/ser_counter_reg[0]/C
                            (rising edge-triggered cell FDCE clocked by sys_clk_pin  {rise@0.000ns fall@5.000ns period=40.000ns})
  Destination:            uart_tx_serializer_mod/ser_counter_reg[1]/D
                            (rising edge-triggered cell FDCE clocked by sys_clk_pin  {rise@0.000ns fall@5.000ns period=40.000ns})
  Path Group:             sys_clk_pin
  Path Type:              Hold (Min at Fast Process Corner)
  Requirement:            0.000ns  (sys_clk_pin rise@0.000ns - sys_clk_pin rise@0.000ns)
  Data Path Delay:        0.331ns  (logic 0.186ns (56.111%)  route 0.145ns (43.889%))
  Logic Levels:           1  (LUT5=1)
  Clock Path Skew:        0.000ns (DCD - SCD - CPR)
    Destination Clock Delay (DCD):    1.989ns
    Source Clock Delay      (SCD):    1.475ns
    Clock Pessimism Removal (CPR):    0.514ns

    Location             Delay type                Incr(ns)  Path(ns)    Netlist Resource(s)
  -------------------------------------------------------------------    -------------------
                         (clock sys_clk_pin rise edge)
                                                      0.000     0.000 r  
    W5                                                0.000     0.000 r  clk (IN)
                         net (fo=0)                   0.000     0.000    clk
    W5                                                                r  clk_IBUF_inst/I
    W5                   IBUF (Prop_ibuf_I_O)         0.226     0.226 r  clk_IBUF_inst/O
                         net (fo=1, routed)           0.631     0.858    clk_IBUF
    BUFGCTRL_X0Y0                                                     r  clk_IBUF_BUFG_inst/I
    BUFGCTRL_X0Y0        BUFG (Prop_bufg_I_O)         0.026     0.884 r  clk_IBUF_BUFG_inst/O
                         net (fo=11, routed)          0.592     1.475    uart_tx_serializer_mod/CLK
    SLICE_X1Y12          FDCE                                         r  uart_tx_serializer_mod/ser_counter_reg[0]/C
  -------------------------------------------------------------------    -------------------
    SLICE_X1Y12          FDCE (Prop_fdce_C_Q)         0.141     1.616 r  uart_tx_serializer_mod/ser_counter_reg[0]/Q
                         net (fo=6, routed)           0.145     1.762    uart_tx_controller_mod/Q[0]
    SLICE_X1Y12                                                       r  uart_tx_controller_mod/ser_counter[1]_i_1/I4
    SLICE_X1Y12          LUT5 (Prop_lut5_I4_O)        0.045     1.807 r  uart_tx_controller_mod/ser_counter[1]_i_1/O
                         net (fo=1, routed)           0.000     1.807    uart_tx_serializer_mod/D[1]
    SLICE_X1Y12          FDCE                                         r  uart_tx_serializer_mod/ser_counter_reg[1]/D
  -------------------------------------------------------------------    -------------------

                         (clock sys_clk_pin rise edge)
                                                      0.000     0.000 r  
    W5                                                0.000     0.000 r  clk (IN)
                         net (fo=0)                   0.000     0.000    clk
    W5                                                                r  clk_IBUF_inst/I
    W5                   IBUF (Prop_ibuf_I_O)         0.414     0.414 r  clk_IBUF_inst/O
                         net (fo=1, routed)           0.685     1.099    clk_IBUF
    BUFGCTRL_X0Y0                                                     r  clk_IBUF_BUFG_inst/I
    BUFGCTRL_X0Y0        BUFG (Prop_bufg_I_O)         0.029     1.128 r  clk_IBUF_BUFG_inst/O
                         net (fo=11, routed)          0.862     1.989    uart_tx_serializer_mod/CLK
    SLICE_X1Y12          FDCE                                         r  uart_tx_serializer_mod/ser_counter_reg[1]/C
                         clock pessimism             -0.514     1.475    
    SLICE_X1Y12          FDCE (Hold_fdce_C_D)         0.092     1.567    uart_tx_serializer_mod/ser_counter_reg[1]
  -------------------------------------------------------------------
                         required time                         -1.567    
                         arrival time                           1.807    
  -------------------------------------------------------------------
                         slack                                  0.239    

Slack (MET) :             0.240ns  (arrival time - required time)
  Source:                 uart_tx_controller_mod/FSM_onehot_state_reg[4]/C
                            (rising edge-triggered cell FDRE clocked by sys_clk_pin  {rise@0.000ns fall@5.000ns period=40.000ns})
  Destination:            uart_tx_controller_mod/FSM_onehot_state_reg[0]/D
                            (rising edge-triggered cell FDSE clocked by sys_clk_pin  {rise@0.000ns fall@5.000ns period=40.000ns})
  Path Group:             sys_clk_pin
  Path Type:              Hold (Min at Fast Process Corner)
  Requirement:            0.000ns  (sys_clk_pin rise@0.000ns - sys_clk_pin rise@0.000ns)
  Data Path Delay:        0.331ns  (logic 0.186ns (56.154%)  route 0.145ns (43.846%))
  Logic Levels:           1  (LUT3=1)
  Clock Path Skew:        0.000ns (DCD - SCD - CPR)
    Destination Clock Delay (DCD):    1.987ns
    Source Clock Delay      (SCD):    1.474ns
    Clock Pessimism Removal (CPR):    0.513ns

    Location             Delay type                Incr(ns)  Path(ns)    Netlist Resource(s)
  -------------------------------------------------------------------    -------------------
                         (clock sys_clk_pin rise edge)
                                                      0.000     0.000 r  
    W5                                                0.000     0.000 r  clk (IN)
                         net (fo=0)                   0.000     0.000    clk
    W5                                                                r  clk_IBUF_inst/I
    W5                   IBUF (Prop_ibuf_I_O)         0.226     0.226 r  clk_IBUF_inst/O
                         net (fo=1, routed)           0.631     0.858    clk_IBUF
    BUFGCTRL_X0Y0                                                     r  clk_IBUF_BUFG_inst/I
    BUFGCTRL_X0Y0        BUFG (Prop_bufg_I_O)         0.026     0.884 r  clk_IBUF_BUFG_inst/O
                         net (fo=11, routed)          0.591     1.474    uart_tx_controller_mod/CLK
    SLICE_X1Y15          FDRE                                         r  uart_tx_controller_mod/FSM_onehot_state_reg[4]/C
  -------------------------------------------------------------------    -------------------
    SLICE_X1Y15          FDRE (Prop_fdre_C_Q)         0.141     1.615 r  uart_tx_controller_mod/FSM_onehot_state_reg[4]/Q
                         net (fo=4, routed)           0.145     1.760    uart_tx_controller_mod/FSM_onehot_state_reg_n_0_[4]
    SLICE_X1Y15                                                       r  uart_tx_controller_mod/FSM_onehot_state[0]_i_1/I2
    SLICE_X1Y15          LUT3 (Prop_lut3_I2_O)        0.045     1.805 r  uart_tx_controller_mod/FSM_onehot_state[0]_i_1/O
                         net (fo=1, routed)           0.000     1.805    uart_tx_controller_mod/FSM_onehot_state[0]_i_1_n_0
    SLICE_X1Y15          FDSE                                         r  uart_tx_controller_mod/FSM_onehot_state_reg[0]/D
  -------------------------------------------------------------------    -------------------

                         (clock sys_clk_pin rise edge)
                                                      0.000     0.000 r  
    W5                                                0.000     0.000 r  clk (IN)
                         net (fo=0)                   0.000     0.000    clk
    W5                                                                r  clk_IBUF_inst/I
    W5                   IBUF (Prop_ibuf_I_O)         0.414     0.414 r  clk_IBUF_inst/O
                         net (fo=1, routed)           0.685     1.099    clk_IBUF
    BUFGCTRL_X0Y0                                                     r  clk_IBUF_BUFG_inst/I
    BUFGCTRL_X0Y0        BUFG (Prop_bufg_I_O)         0.029     1.128 r  clk_IBUF_BUFG_inst/O
                         net (fo=11, routed)          0.860     1.987    uart_tx_controller_mod/CLK
    SLICE_X1Y15          FDSE                                         r  uart_tx_controller_mod/FSM_onehot_state_reg[0]/C
                         clock pessimism             -0.513     1.474    
    SLICE_X1Y15          FDSE (Hold_fdse_C_D)         0.091     1.565    uart_tx_controller_mod/FSM_onehot_state_reg[0]
  -------------------------------------------------------------------
                         required time                         -1.565    
                         arrival time                           1.805    
  -------------------------------------------------------------------
                         slack                                  0.240    

Slack (MET) :             0.263ns  (arrival time - required time)
  Source:                 uart_tx_controller_mod/FSM_onehot_state_reg[4]/C
                            (rising edge-triggered cell FDRE clocked by sys_clk_pin  {rise@0.000ns fall@5.000ns period=40.000ns})
  Destination:            uart_tx_controller_mod/FSM_onehot_state_reg[4]/D
                            (rising edge-triggered cell FDRE clocked by sys_clk_pin  {rise@0.000ns fall@5.000ns period=40.000ns})
  Path Group:             sys_clk_pin
  Path Type:              Hold (Min at Fast Process Corner)
  Requirement:            0.000ns  (sys_clk_pin rise@0.000ns - sys_clk_pin rise@0.000ns)
  Data Path Delay:        0.355ns  (logic 0.186ns (52.394%)  route 0.169ns (47.606%))
  Logic Levels:           1  (LUT6=1)
  Clock Path Skew:        0.000ns (DCD - SCD - CPR)
    Destination Clock Delay (DCD):    1.987ns
    Source Clock Delay      (SCD):    1.474ns
    Clock Pessimism Removal (CPR):    0.513ns

    Location             Delay type                Incr(ns)  Path(ns)    Netlist Resource(s)
  -------------------------------------------------------------------    -------------------
                         (clock sys_clk_pin rise edge)
                                                      0.000     0.000 r  
    W5                                                0.000     0.000 r  clk (IN)
                         net (fo=0)                   0.000     0.000    clk
    W5                                                                r  clk_IBUF_inst/I
    W5                   IBUF (Prop_ibuf_I_O)         0.226     0.226 r  clk_IBUF_inst/O
                         net (fo=1, routed)           0.631     0.858    clk_IBUF
    BUFGCTRL_X0Y0                                                     r  clk_IBUF_BUFG_inst/I
    BUFGCTRL_X0Y0        BUFG (Prop_bufg_I_O)         0.026     0.884 r  clk_IBUF_BUFG_inst/O
                         net (fo=11, routed)          0.591     1.474    uart_tx_controller_mod/CLK
    SLICE_X1Y15          FDRE                                         r  uart_tx_controller_mod/FSM_onehot_state_reg[4]/C
  -------------------------------------------------------------------    -------------------
    SLICE_X1Y15          FDRE (Prop_fdre_C_Q)         0.141     1.615 r  uart_tx_controller_mod/FSM_onehot_state_reg[4]/Q
                         net (fo=4, routed)           0.169     1.784    uart_tx_controller_mod/FSM_onehot_state_reg_n_0_[4]
    SLICE_X1Y15                                                       r  uart_tx_controller_mod/FSM_onehot_state[4]_i_2/I5
    SLICE_X1Y15          LUT6 (Prop_lut6_I5_O)        0.045     1.829 r  uart_tx_controller_mod/FSM_onehot_state[4]_i_2/O
                         net (fo=1, routed)           0.000     1.829    uart_tx_controller_mod/FSM_onehot_state[4]_i_2_n_0
    SLICE_X1Y15          FDRE                                         r  uart_tx_controller_mod/FSM_onehot_state_reg[4]/D
  -------------------------------------------------------------------    -------------------

                         (clock sys_clk_pin rise edge)
                                                      0.000     0.000 r  
    W5                                                0.000     0.000 r  clk (IN)
                         net (fo=0)                   0.000     0.000    clk
    W5                                                                r  clk_IBUF_inst/I
    W5                   IBUF (Prop_ibuf_I_O)         0.414     0.414 r  clk_IBUF_inst/O
                         net (fo=1, routed)           0.685     1.099    clk_IBUF
    BUFGCTRL_X0Y0                                                     r  clk_IBUF_BUFG_inst/I
    BUFGCTRL_X0Y0        BUFG (Prop_bufg_I_O)         0.029     1.128 r  clk_IBUF_BUFG_inst/O
                         net (fo=11, routed)          0.860     1.987    uart_tx_controller_mod/CLK
    SLICE_X1Y15          FDRE                                         r  uart_tx_controller_mod/FSM_onehot_state_reg[4]/C
                         clock pessimism             -0.513     1.474    
    SLICE_X1Y15          FDRE (Hold_fdre_C_D)         0.092     1.566    uart_tx_controller_mod/FSM_onehot_state_reg[4]
  -------------------------------------------------------------------
                         required time                         -1.566    
                         arrival time                           1.829    
  -------------------------------------------------------------------
                         slack                                  0.263    

Slack (MET) :             0.264ns  (arrival time - required time)
  Source:                 uart_tx_controller_mod/FSM_onehot_state_reg[3]/C
                            (rising edge-triggered cell FDRE clocked by sys_clk_pin  {rise@0.000ns fall@5.000ns period=40.000ns})
  Destination:            uart_tx_controller_mod/FSM_onehot_state_reg[3]/D
                            (rising edge-triggered cell FDRE clocked by sys_clk_pin  {rise@0.000ns fall@5.000ns period=40.000ns})
  Path Group:             sys_clk_pin
  Path Type:              Hold (Min at Fast Process Corner)
  Requirement:            0.000ns  (sys_clk_pin rise@0.000ns - sys_clk_pin rise@0.000ns)
  Data Path Delay:        0.384ns  (logic 0.209ns (54.393%)  route 0.175ns (45.607%))
  Logic Levels:           1  (LUT5=1)
  Clock Path Skew:        0.000ns (DCD - SCD - CPR)
    Destination Clock Delay (DCD):    1.986ns
    Source Clock Delay      (SCD):    1.473ns
    Clock Pessimism Removal (CPR):    0.513ns

    Location             Delay type                Incr(ns)  Path(ns)    Netlist Resource(s)
  -------------------------------------------------------------------    -------------------
                         (clock sys_clk_pin rise edge)
                                                      0.000     0.000 r  
    W5                                                0.000     0.000 r  clk (IN)
                         net (fo=0)                   0.000     0.000    clk
    W5                                                                r  clk_IBUF_inst/I
    W5                   IBUF (Prop_ibuf_I_O)         0.226     0.226 r  clk_IBUF_inst/O
                         net (fo=1, routed)           0.631     0.858    clk_IBUF
    BUFGCTRL_X0Y0                                                     r  clk_IBUF_BUFG_inst/I
    BUFGCTRL_X0Y0        BUFG (Prop_bufg_I_O)         0.026     0.884 r  clk_IBUF_BUFG_inst/O
                         net (fo=11, routed)          0.590     1.473    uart_tx_controller_mod/CLK
    SLICE_X2Y16          FDRE                                         r  uart_tx_controller_mod/FSM_onehot_state_reg[3]/C
  -------------------------------------------------------------------    -------------------
    SLICE_X2Y16          FDRE (Prop_fdre_C_Q)         0.164     1.637 r  uart_tx_controller_mod/FSM_onehot_state_reg[3]/Q
                         net (fo=5, routed)           0.175     1.812    uart_tx_controller_mod/FSM_onehot_state_reg_n_0_[3]
    SLICE_X2Y16                                                       r  uart_tx_controller_mod/FSM_onehot_state[3]_i_1/I4
    SLICE_X2Y16          LUT5 (Prop_lut5_I4_O)        0.045     1.857 r  uart_tx_controller_mod/FSM_onehot_state[3]_i_1/O
                         net (fo=1, routed)           0.000     1.857    uart_tx_controller_mod/FSM_onehot_state[3]_i_1_n_0
    SLICE_X2Y16          FDRE                                         r  uart_tx_controller_mod/FSM_onehot_state_reg[3]/D
  -------------------------------------------------------------------    -------------------

                         (clock sys_clk_pin rise edge)
                                                      0.000     0.000 r  
    W5                                                0.000     0.000 r  clk (IN)
                         net (fo=0)                   0.000     0.000    clk
    W5                                                                r  clk_IBUF_inst/I
    W5                   IBUF (Prop_ibuf_I_O)         0.414     0.414 r  clk_IBUF_inst/O
                         net (fo=1, routed)           0.685     1.099    clk_IBUF
    BUFGCTRL_X0Y0                                                     r  clk_IBUF_BUFG_inst/I
    BUFGCTRL_X0Y0        BUFG (Prop_bufg_I_O)         0.029     1.128 r  clk_IBUF_BUFG_inst/O
                         net (fo=11, routed)          0.859     1.986    uart_tx_controller_mod/CLK
    SLICE_X2Y16          FDRE                                         r  uart_tx_controller_mod/FSM_onehot_state_reg[3]/C
                         clock pessimism             -0.513     1.473    
    SLICE_X2Y16          FDRE (Hold_fdre_C_D)         0.120     1.593    uart_tx_controller_mod/FSM_onehot_state_reg[3]
  -------------------------------------------------------------------
                         required time                         -1.593    
                         arrival time                           1.857    
  -------------------------------------------------------------------
                         slack                                  0.264    

Slack (MET) :             0.271ns  (arrival time - required time)
  Source:                 uart_tx_serializer_mod/ser_counter_reg[0]/C
                            (rising edge-triggered cell FDCE clocked by sys_clk_pin  {rise@0.000ns fall@5.000ns period=40.000ns})
  Destination:            uart_tx_serializer_mod/ser_counter_reg[2]/D
                            (rising edge-triggered cell FDCE clocked by sys_clk_pin  {rise@0.000ns fall@5.000ns period=40.000ns})
  Path Group:             sys_clk_pin
  Path Type:              Hold (Min at Fast Process Corner)
  Requirement:            0.000ns  (sys_clk_pin rise@0.000ns - sys_clk_pin rise@0.000ns)
  Data Path Delay:        0.363ns  (logic 0.186ns (51.171%)  route 0.177ns (48.829%))
  Logic Levels:           1  (LUT6=1)
  Clock Path Skew:        0.000ns (DCD - SCD - CPR)
    Destination Clock Delay (DCD):    1.989ns
    Source Clock Delay      (SCD):    1.475ns
    Clock Pessimism Removal (CPR):    0.514ns

    Location             Delay type                Incr(ns)  Path(ns)    Netlist Resource(s)
  -------------------------------------------------------------------    -------------------
                         (clock sys_clk_pin rise edge)
                                                      0.000     0.000 r  
    W5                                                0.000     0.000 r  clk (IN)
                         net (fo=0)                   0.000     0.000    clk
    W5                                                                r  clk_IBUF_inst/I
    W5                   IBUF (Prop_ibuf_I_O)         0.226     0.226 r  clk_IBUF_inst/O
                         net (fo=1, routed)           0.631     0.858    clk_IBUF
    BUFGCTRL_X0Y0                                                     r  clk_IBUF_BUFG_inst/I
    BUFGCTRL_X0Y0        BUFG (Prop_bufg_I_O)         0.026     0.884 r  clk_IBUF_BUFG_inst/O
                         net (fo=11, routed)          0.592     1.475    uart_tx_serializer_mod/CLK
    SLICE_X1Y12          FDCE                                         r  uart_tx_serializer_mod/ser_counter_reg[0]/C
  -------------------------------------------------------------------    -------------------
    SLICE_X1Y12          FDCE (Prop_fdce_C_Q)         0.141     1.616 r  uart_tx_serializer_mod/ser_counter_reg[0]/Q
                         net (fo=6, routed)           0.177     1.794    uart_tx_serializer_mod/Q[0]
    SLICE_X1Y12                                                       r  uart_tx_serializer_mod/ser_counter[2]_i_1/I5
    SLICE_X1Y12          LUT6 (Prop_lut6_I5_O)        0.045     1.839 r  uart_tx_serializer_mod/ser_counter[2]_i_1/O
                         net (fo=1, routed)           0.000     1.839    uart_tx_serializer_mod/ser_counter[2]_i_1_n_0
    SLICE_X1Y12          FDCE                                         r  uart_tx_serializer_mod/ser_counter_reg[2]/D
  -------------------------------------------------------------------    -------------------

                         (clock sys_clk_pin rise edge)
                                                      0.000     0.000 r  
    W5                                                0.000     0.000 r  clk (IN)
                         net (fo=0)                   0.000     0.000    clk
    W5                                                                r  clk_IBUF_inst/I
    W5                   IBUF (Prop_ibuf_I_O)         0.414     0.414 r  clk_IBUF_inst/O
                         net (fo=1, routed)           0.685     1.099    clk_IBUF
    BUFGCTRL_X0Y0                                                     r  clk_IBUF_BUFG_inst/I
    BUFGCTRL_X0Y0        BUFG (Prop_bufg_I_O)         0.029     1.128 r  clk_IBUF_BUFG_inst/O
                         net (fo=11, routed)          0.862     1.989    uart_tx_serializer_mod/CLK
    SLICE_X1Y12          FDCE                                         r  uart_tx_serializer_mod/ser_counter_reg[2]/C
                         clock pessimism             -0.514     1.475    
    SLICE_X1Y12          FDCE (Hold_fdce_C_D)         0.092     1.567    uart_tx_serializer_mod/ser_counter_reg[2]
  -------------------------------------------------------------------
                         required time                         -1.567    
                         arrival time                           1.839    
  -------------------------------------------------------------------
                         slack                                  0.271    

Slack (MET) :             0.271ns  (arrival time - required time)
  Source:                 uart_tx_serializer_mod/ser_counter_reg[0]/C
                            (rising edge-triggered cell FDCE clocked by sys_clk_pin  {rise@0.000ns fall@5.000ns period=40.000ns})
  Destination:            uart_tx_serializer_mod/ser_done_reg/D
                            (rising edge-triggered cell FDCE clocked by sys_clk_pin  {rise@0.000ns fall@5.000ns period=40.000ns})
  Path Group:             sys_clk_pin
  Path Type:              Hold (Min at Fast Process Corner)
  Requirement:            0.000ns  (sys_clk_pin rise@0.000ns - sys_clk_pin rise@0.000ns)
  Data Path Delay:        0.363ns  (logic 0.186ns (51.171%)  route 0.177ns (48.829%))
  Logic Levels:           1  (LUT3=1)
  Clock Path Skew:        0.000ns (DCD - SCD - CPR)
    Destination Clock Delay (DCD):    1.989ns
    Source Clock Delay      (SCD):    1.475ns
    Clock Pessimism Removal (CPR):    0.514ns

    Location             Delay type                Incr(ns)  Path(ns)    Netlist Resource(s)
  -------------------------------------------------------------------    -------------------
                         (clock sys_clk_pin rise edge)
                                                      0.000     0.000 r  
    W5                                                0.000     0.000 r  clk (IN)
                         net (fo=0)                   0.000     0.000    clk
    W5                                                                r  clk_IBUF_inst/I
    W5                   IBUF (Prop_ibuf_I_O)         0.226     0.226 r  clk_IBUF_inst/O
                         net (fo=1, routed)           0.631     0.858    clk_IBUF
    BUFGCTRL_X0Y0                                                     r  clk_IBUF_BUFG_inst/I
    BUFGCTRL_X0Y0        BUFG (Prop_bufg_I_O)         0.026     0.884 r  clk_IBUF_BUFG_inst/O
                         net (fo=11, routed)          0.592     1.475    uart_tx_serializer_mod/CLK
    SLICE_X1Y12          FDCE                                         r  uart_tx_serializer_mod/ser_counter_reg[0]/C
  -------------------------------------------------------------------    -------------------
    SLICE_X1Y12          FDCE (Prop_fdce_C_Q)         0.141     1.616 r  uart_tx_serializer_mod/ser_counter_reg[0]/Q
                         net (fo=6, routed)           0.177     1.794    uart_tx_serializer_mod/Q[0]
    SLICE_X1Y12                                                       r  uart_tx_serializer_mod/ser_done_i_1/I1
    SLICE_X1Y12          LUT3 (Prop_lut3_I1_O)        0.045     1.839 r  uart_tx_serializer_mod/ser_done_i_1/O
                         net (fo=1, routed)           0.000     1.839    uart_tx_serializer_mod/ser_done_i_1_n_0
    SLICE_X1Y12          FDCE                                         r  uart_tx_serializer_mod/ser_done_reg/D
  -------------------------------------------------------------------    -------------------

                         (clock sys_clk_pin rise edge)
                                                      0.000     0.000 r  
    W5                                                0.000     0.000 r  clk (IN)
                         net (fo=0)                   0.000     0.000    clk
    W5                                                                r  clk_IBUF_inst/I
    W5                   IBUF (Prop_ibuf_I_O)         0.414     0.414 r  clk_IBUF_inst/O
                         net (fo=1, routed)           0.685     1.099    clk_IBUF
    BUFGCTRL_X0Y0                                                     r  clk_IBUF_BUFG_inst/I
    BUFGCTRL_X0Y0        BUFG (Prop_bufg_I_O)         0.029     1.128 r  clk_IBUF_BUFG_inst/O
                         net (fo=11, routed)          0.862     1.989    uart_tx_serializer_mod/CLK
    SLICE_X1Y12          FDCE                                         r  uart_tx_serializer_mod/ser_done_reg/C
                         clock pessimism             -0.514     1.475    
    SLICE_X1Y12          FDCE (Hold_fdce_C_D)         0.092     1.567    uart_tx_serializer_mod/ser_done_reg
  -------------------------------------------------------------------
                         required time                         -1.567    
                         arrival time                           1.839    
  -------------------------------------------------------------------
                         slack                                  0.271    

Slack (MET) :             0.275ns  (arrival time - required time)
  Source:                 uart_tx_serializer_mod/ser_counter_reg[0]/C
                            (rising edge-triggered cell FDCE clocked by sys_clk_pin  {rise@0.000ns fall@5.000ns period=40.000ns})
  Destination:            uart_tx_serializer_mod/ser_counter_reg[0]/D
                            (rising edge-triggered cell FDCE clocked by sys_clk_pin  {rise@0.000ns fall@5.000ns period=40.000ns})
  Path Group:             sys_clk_pin
  Path Type:              Hold (Min at Fast Process Corner)
  Requirement:            0.000ns  (sys_clk_pin rise@0.000ns - sys_clk_pin rise@0.000ns)
  Data Path Delay:        0.366ns  (logic 0.186ns (50.768%)  route 0.180ns (49.232%))
  Logic Levels:           1  (LUT4=1)
  Clock Path Skew:        0.000ns (DCD - SCD - CPR)
    Destination Clock Delay (DCD):    1.989ns
    Source Clock Delay      (SCD):    1.475ns
    Clock Pessimism Removal (CPR):    0.514ns

    Location             Delay type                Incr(ns)  Path(ns)    Netlist Resource(s)
  -------------------------------------------------------------------    -------------------
                         (clock sys_clk_pin rise edge)
                                                      0.000     0.000 r  
    W5                                                0.000     0.000 r  clk (IN)
                         net (fo=0)                   0.000     0.000    clk
    W5                                                                r  clk_IBUF_inst/I
    W5                   IBUF (Prop_ibuf_I_O)         0.226     0.226 r  clk_IBUF_inst/O
                         net (fo=1, routed)           0.631     0.858    clk_IBUF
    BUFGCTRL_X0Y0                                                     r  clk_IBUF_BUFG_inst/I
    BUFGCTRL_X0Y0        BUFG (Prop_bufg_I_O)         0.026     0.884 r  clk_IBUF_BUFG_inst/O
                         net (fo=11, routed)          0.592     1.475    uart_tx_serializer_mod/CLK
    SLICE_X1Y12          FDCE                                         r  uart_tx_serializer_mod/ser_counter_reg[0]/C
  -------------------------------------------------------------------    -------------------
    SLICE_X1Y12          FDCE (Prop_fdce_C_Q)         0.141     1.616 f  uart_tx_serializer_mod/ser_counter_reg[0]/Q
                         net (fo=6, routed)           0.180     1.797    uart_tx_controller_mod/Q[0]
    SLICE_X1Y12                                                       f  uart_tx_controller_mod/ser_counter[0]_i_1/I3
    SLICE_X1Y12          LUT4 (Prop_lut4_I3_O)        0.045     1.842 r  uart_tx_controller_mod/ser_counter[0]_i_1/O
                         net (fo=1, routed)           0.000     1.842    uart_tx_serializer_mod/D[0]
    SLICE_X1Y12          FDCE                                         r  uart_tx_serializer_mod/ser_counter_reg[0]/D
  -------------------------------------------------------------------    -------------------

                         (clock sys_clk_pin rise edge)
                                                      0.000     0.000 r  
    W5                                                0.000     0.000 r  clk (IN)
                         net (fo=0)                   0.000     0.000    clk
    W5                                                                r  clk_IBUF_inst/I
    W5                   IBUF (Prop_ibuf_I_O)         0.414     0.414 r  clk_IBUF_inst/O
                         net (fo=1, routed)           0.685     1.099    clk_IBUF
    BUFGCTRL_X0Y0                                                     r  clk_IBUF_BUFG_inst/I
    BUFGCTRL_X0Y0        BUFG (Prop_bufg_I_O)         0.029     1.128 r  clk_IBUF_BUFG_inst/O
                         net (fo=11, routed)          0.862     1.989    uart_tx_serializer_mod/CLK
    SLICE_X1Y12          FDCE                                         r  uart_tx_serializer_mod/ser_counter_reg[0]/C
                         clock pessimism             -0.514     1.475    
    SLICE_X1Y12          FDCE (Hold_fdce_C_D)         0.091     1.566    uart_tx_serializer_mod/ser_counter_reg[0]
  -------------------------------------------------------------------
                         required time                         -1.566    
                         arrival time                           1.842    
  -------------------------------------------------------------------
                         slack                                  0.275    

Slack (MET) :             0.348ns  (arrival time - required time)
  Source:                 uart_tx_controller_mod/FSM_onehot_state_reg[1]/C
                            (rising edge-triggered cell FDRE clocked by sys_clk_pin  {rise@0.000ns fall@5.000ns period=40.000ns})
  Destination:            uart_tx_controller_mod/FSM_onehot_state_reg[2]/D
                            (rising edge-triggered cell FDRE clocked by sys_clk_pin  {rise@0.000ns fall@5.000ns period=40.000ns})
  Path Group:             sys_clk_pin
  Path Type:              Hold (Min at Fast Process Corner)
  Requirement:            0.000ns  (sys_clk_pin rise@0.000ns - sys_clk_pin rise@0.000ns)
  Data Path Delay:        0.440ns  (logic 0.186ns (42.263%)  route 0.254ns (57.737%))
  Logic Levels:           1  (LUT4=1)
  Clock Path Skew:        0.000ns (DCD - SCD - CPR)
    Destination Clock Delay (DCD):    1.987ns
    Source Clock Delay      (SCD):    1.474ns
    Clock Pessimism Removal (CPR):    0.513ns

    Location             Delay type                Incr(ns)  Path(ns)    Netlist Resource(s)
  -------------------------------------------------------------------    -------------------
                         (clock sys_clk_pin rise edge)
                                                      0.000     0.000 r  
    W5                                                0.000     0.000 r  clk (IN)
                         net (fo=0)                   0.000     0.000    clk
    W5                                                                r  clk_IBUF_inst/I
    W5                   IBUF (Prop_ibuf_I_O)         0.226     0.226 r  clk_IBUF_inst/O
                         net (fo=1, routed)           0.631     0.858    clk_IBUF
    BUFGCTRL_X0Y0                                                     r  clk_IBUF_BUFG_inst/I
    BUFGCTRL_X0Y0        BUFG (Prop_bufg_I_O)         0.026     0.884 r  clk_IBUF_BUFG_inst/O
                         net (fo=11, routed)          0.591     1.474    uart_tx_controller_mod/CLK
    SLICE_X1Y15          FDRE                                         r  uart_tx_controller_mod/FSM_onehot_state_reg[1]/C
  -------------------------------------------------------------------    -------------------
    SLICE_X1Y15          FDRE (Prop_fdre_C_Q)         0.141     1.615 r  uart_tx_controller_mod/FSM_onehot_state_reg[1]/Q
                         net (fo=7, routed)           0.254     1.869    uart_tx_controller_mod/out[0]
    SLICE_X1Y15                                                       r  uart_tx_controller_mod/FSM_onehot_state[2]_i_1/I0
    SLICE_X1Y15          LUT4 (Prop_lut4_I0_O)        0.045     1.914 r  uart_tx_controller_mod/FSM_onehot_state[2]_i_1/O
                         net (fo=1, routed)           0.000     1.914    uart_tx_controller_mod/FSM_onehot_state[2]_i_1_n_0
    SLICE_X1Y15          FDRE                                         r  uart_tx_controller_mod/FSM_onehot_state_reg[2]/D
  -------------------------------------------------------------------    -------------------

                         (clock sys_clk_pin rise edge)
                                                      0.000     0.000 r  
    W5                                                0.000     0.000 r  clk (IN)
                         net (fo=0)                   0.000     0.000    clk
    W5                                                                r  clk_IBUF_inst/I
    W5                   IBUF (Prop_ibuf_I_O)         0.414     0.414 r  clk_IBUF_inst/O
                         net (fo=1, routed)           0.685     1.099    clk_IBUF
    BUFGCTRL_X0Y0                                                     r  clk_IBUF_BUFG_inst/I
    BUFGCTRL_X0Y0        BUFG (Prop_bufg_I_O)         0.029     1.128 r  clk_IBUF_BUFG_inst/O
                         net (fo=11, routed)          0.860     1.987    uart_tx_controller_mod/CLK
    SLICE_X1Y15          FDRE                                         r  uart_tx_controller_mod/FSM_onehot_state_reg[2]/C
                         clock pessimism             -0.513     1.474    
    SLICE_X1Y15          FDRE (Hold_fdre_C_D)         0.092     1.566    uart_tx_controller_mod/FSM_onehot_state_reg[2]
  -------------------------------------------------------------------
                         required time                         -1.566    
                         arrival time                           1.914    
  -------------------------------------------------------------------
                         slack                                  0.348    





Pulse Width Checks
--------------------------------------------------------------------------------------
Clock Name:         sys_clk_pin
Waveform(ns):       { 0.000 5.000 }
Period(ns):         40.000
Sources:            { clk }

Check Type        Corner  Lib Pin  Reference Pin  Required(ns)  Actual(ns)  Slack(ns)  Location       Pin
Min Period        n/a     BUFG/I   n/a            2.155         40.000      37.845     BUFGCTRL_X0Y0  clk_IBUF_BUFG_inst/I
Min Period        n/a     FDSE/C   n/a            1.000         40.000      39.000     SLICE_X1Y15    uart_tx_controller_mod/FSM_onehot_state_reg[0]/C
Min Period        n/a     FDRE/C   n/a            1.000         40.000      39.000     SLICE_X1Y15    uart_tx_controller_mod/FSM_onehot_state_reg[1]/C
Min Period        n/a     FDRE/C   n/a            1.000         40.000      39.000     SLICE_X1Y15    uart_tx_controller_mod/FSM_onehot_state_reg[2]/C
Min Period        n/a     FDRE/C   n/a            1.000         40.000      39.000     SLICE_X2Y16    uart_tx_controller_mod/FSM_onehot_state_reg[3]/C
Min Period        n/a     FDRE/C   n/a            1.000         40.000      39.000     SLICE_X1Y15    uart_tx_controller_mod/FSM_onehot_state_reg[4]/C
Min Period        n/a     FDRE/C   n/a            1.000         40.000      39.000     SLICE_X0Y13    uart_tx_parity_bit_mod/par_bit_reg/C
Min Period        n/a     FDCE/C   n/a            1.000         40.000      39.000     SLICE_X1Y12    uart_tx_serializer_mod/ser_counter_reg[0]/C
Min Period        n/a     FDCE/C   n/a            1.000         40.000      39.000     SLICE_X1Y12    uart_tx_serializer_mod/ser_counter_reg[1]/C
Min Period        n/a     FDCE/C   n/a            1.000         40.000      39.000     SLICE_X1Y12    uart_tx_serializer_mod/ser_counter_reg[2]/C
Low Pulse Width   Slow    FDSE/C   n/a            0.500         35.000      34.500     SLICE_X1Y15    uart_tx_controller_mod/FSM_onehot_state_reg[0]/C
Low Pulse Width   Slow    FDRE/C   n/a            0.500         35.000      34.500     SLICE_X1Y15    uart_tx_controller_mod/FSM_onehot_state_reg[1]/C
Low Pulse Width   Slow    FDRE/C   n/a            0.500         35.000      34.500     SLICE_X1Y15    uart_tx_controller_mod/FSM_onehot_state_reg[2]/C
Low Pulse Width   Slow    FDRE/C   n/a            0.500         35.000      34.500     SLICE_X2Y16    uart_tx_controller_mod/FSM_onehot_state_reg[3]/C
Low Pulse Width   Fast    FDRE/C   n/a            0.500         35.000      34.500     SLICE_X2Y16    uart_tx_controller_mod/FSM_onehot_state_reg[3]/C
Low Pulse Width   Slow    FDRE/C   n/a            0.500         35.000      34.500     SLICE_X1Y15    uart_tx_controller_mod/FSM_onehot_state_reg[4]/C
Low Pulse Width   Slow    FDRE/C   n/a            0.500         35.000      34.500     SLICE_X0Y13    uart_tx_parity_bit_mod/par_bit_reg/C
Low Pulse Width   Fast    FDRE/C   n/a            0.500         35.000      34.500     SLICE_X0Y13    uart_tx_parity_bit_mod/par_bit_reg/C
Low Pulse Width   Fast    FDCE/C   n/a            0.500         35.000      34.500     SLICE_X1Y12    uart_tx_serializer_mod/ser_counter_reg[0]/C
Low Pulse Width   Fast    FDCE/C   n/a            0.500         35.000      34.500     SLICE_X1Y12    uart_tx_serializer_mod/ser_counter_reg[1]/C
High Pulse Width  Slow    FDSE/C   n/a            0.500         5.000       4.500      SLICE_X1Y15    uart_tx_controller_mod/FSM_onehot_state_reg[0]/C
High Pulse Width  Slow    FDRE/C   n/a            0.500         5.000       4.500      SLICE_X1Y15    uart_tx_controller_mod/FSM_onehot_state_reg[1]/C
High Pulse Width  Slow    FDRE/C   n/a            0.500         5.000       4.500      SLICE_X1Y15    uart_tx_controller_mod/FSM_onehot_state_reg[2]/C
High Pulse Width  Slow    FDRE/C   n/a            0.500         5.000       4.500      SLICE_X2Y16    uart_tx_controller_mod/FSM_onehot_state_reg[3]/C
High Pulse Width  Fast    FDRE/C   n/a            0.500         5.000       4.500      SLICE_X2Y16    uart_tx_controller_mod/FSM_onehot_state_reg[3]/C
High Pulse Width  Slow    FDRE/C   n/a            0.500         5.000       4.500      SLICE_X1Y15    uart_tx_controller_mod/FSM_onehot_state_reg[4]/C
High Pulse Width  Fast    FDSE/C   n/a            0.500         5.000       4.500      SLICE_X1Y15    uart_tx_controller_mod/FSM_onehot_state_reg[0]/C
High Pulse Width  Fast    FDRE/C   n/a            0.500         5.000       4.500      SLICE_X1Y15    uart_tx_controller_mod/FSM_onehot_state_reg[1]/C
High Pulse Width  Fast    FDRE/C   n/a            0.500         5.000       4.500      SLICE_X1Y15    uart_tx_controller_mod/FSM_onehot_state_reg[2]/C
High Pulse Width  Fast    FDRE/C   n/a            0.500         5.000       4.500      SLICE_X1Y15    uart_tx_controller_mod/FSM_onehot_state_reg[4]/C



--------------------------------------------------------------------------------------
Path Group:  (none)
From Clock:  
  To Clock:  

Max Delay             2 Endpoints
Min Delay             2 Endpoints
--------------------------------------------------------------------------------------


Max Delay Paths
--------------------------------------------------------------------------------------
Slack:                    inf
  Source:                 rst_n
                            (input port)
  Destination:            tx_out
                            (output port)
  Path Group:             (none)
  Path Type:              Max at Slow Process Corner
  Data Path Delay:        8.829ns  (logic 5.194ns (58.827%)  route 3.635ns (41.173%))
  Logic Levels:           4  (IBUF=1 LUT4=1 LUT6=1 OBUF=1)

    Location             Delay type                Incr(ns)  Path(ns)    Netlist Resource(s)
  -------------------------------------------------------------------    -------------------
    U18                                               0.000     0.000 f  rst_n (IN)
                         net (fo=0)                   0.000     0.000    rst_n
    U18                                                               f  rst_n_IBUF_inst/I
    U18                  IBUF (Prop_ibuf_I_O)         1.441     1.441 f  rst_n_IBUF_inst/O
                         net (fo=9, routed)           1.266     2.707    uart_tx_controller_mod/rst_n_IBUF
    SLICE_X0Y15                                                       f  uart_tx_controller_mod/tx_out_OBUF_inst_i_2/I3
    SLICE_X0Y15          LUT4 (Prop_lut4_I3_O)        0.124     2.831 r  uart_tx_controller_mod/tx_out_OBUF_inst_i_2/O
                         net (fo=1, routed)           0.303     3.133    uart_tx_controller_mod/tx_out_OBUF_inst_i_2_n_0
    SLICE_X0Y13                                                       r  uart_tx_controller_mod/tx_out_OBUF_inst_i_1/I4
    SLICE_X0Y13          LUT6 (Prop_lut6_I4_O)        0.124     3.257 r  uart_tx_controller_mod/tx_out_OBUF_inst_i_1/O
                         net (fo=1, routed)           2.067     5.325    tx_out_OBUF
    U16                                                               r  tx_out_OBUF_inst/I
    U16                  OBUF (Prop_obuf_I_O)         3.505     8.829 r  tx_out_OBUF_inst/O
                         net (fo=0)                   0.000     8.829    tx_out
    U16                                                               r  tx_out (OUT)
  -------------------------------------------------------------------    -------------------

Slack:                    inf
  Source:                 rst_n
                            (input port)
  Destination:            busy
                            (output port)
  Path Group:             (none)
  Path Type:              Max at Slow Process Corner
  Data Path Delay:        8.648ns  (logic 5.095ns (58.915%)  route 3.553ns (41.085%))
  Logic Levels:           3  (IBUF=1 LUT5=1 OBUF=1)

    Location             Delay type                Incr(ns)  Path(ns)    Netlist Resource(s)
  -------------------------------------------------------------------    -------------------
    U18                                               0.000     0.000 r  rst_n (IN)
                         net (fo=0)                   0.000     0.000    rst_n
    U18                                                               r  rst_n_IBUF_inst/I
    U18                  IBUF (Prop_ibuf_I_O)         1.441     1.441 r  rst_n_IBUF_inst/O
                         net (fo=9, routed)           1.273     2.715    uart_tx_controller_mod/rst_n_IBUF
    SLICE_X0Y15                                                       r  uart_tx_controller_mod/busy_OBUF_inst_i_1/I0
    SLICE_X0Y15          LUT5 (Prop_lut5_I0_O)        0.124     2.839 r  uart_tx_controller_mod/busy_OBUF_inst_i_1/O
                         net (fo=1, routed)           2.280     5.118    busy_OBUF
    E19                                                               r  busy_OBUF_inst/I
    E19                  OBUF (Prop_obuf_I_O)         3.530     8.648 r  busy_OBUF_inst/O
                         net (fo=0)                   0.000     8.648    busy
    E19                                                               r  busy (OUT)
  -------------------------------------------------------------------    -------------------





Min Delay Paths
--------------------------------------------------------------------------------------
Slack:                    inf
  Source:                 rst_n
                            (input port)
  Destination:            tx_out
                            (output port)
  Path Group:             (none)
  Path Type:              Min at Fast Process Corner
  Data Path Delay:        2.343ns  (logic 1.460ns (62.320%)  route 0.883ns (37.680%))
  Logic Levels:           3  (IBUF=1 LUT6=1 OBUF=1)

    Location             Delay type                Incr(ns)  Path(ns)    Netlist Resource(s)
  -------------------------------------------------------------------    -------------------
    U18                                               0.000     0.000 r  rst_n (IN)
                         net (fo=0)                   0.000     0.000    rst_n
    U18                                                               r  rst_n_IBUF_inst/I
    U18                  IBUF (Prop_ibuf_I_O)         0.210     0.210 r  rst_n_IBUF_inst/O
                         net (fo=9, routed)           0.389     0.598    uart_tx_controller_mod/rst_n_IBUF
    SLICE_X0Y13                                                       r  uart_tx_controller_mod/tx_out_OBUF_inst_i_1/I1
    SLICE_X0Y13          LUT6 (Prop_lut6_I1_O)        0.045     0.643 r  uart_tx_controller_mod/tx_out_OBUF_inst_i_1/O
                         net (fo=1, routed)           0.494     1.138    tx_out_OBUF
    U16                                                               r  tx_out_OBUF_inst/I
    U16                  OBUF (Prop_obuf_I_O)         1.206     2.343 r  tx_out_OBUF_inst/O
                         net (fo=0)                   0.000     2.343    tx_out
    U16                                                               r  tx_out (OUT)
  -------------------------------------------------------------------    -------------------

Slack:                    inf
  Source:                 rst_n
                            (input port)
  Destination:            busy
                            (output port)
  Path Group:             (none)
  Path Type:              Min at Fast Process Corner
  Data Path Delay:        2.587ns  (logic 1.485ns (57.402%)  route 1.102ns (42.598%))
  Logic Levels:           3  (IBUF=1 LUT5=1 OBUF=1)

    Location             Delay type                Incr(ns)  Path(ns)    Netlist Resource(s)
  -------------------------------------------------------------------    -------------------
    U18                                               0.000     0.000 r  rst_n (IN)
                         net (fo=0)                   0.000     0.000    rst_n
    U18                                                               r  rst_n_IBUF_inst/I
    U18                  IBUF (Prop_ibuf_I_O)         0.210     0.210 r  rst_n_IBUF_inst/O
                         net (fo=9, routed)           0.528     0.738    uart_tx_controller_mod/rst_n_IBUF
    SLICE_X0Y15                                                       r  uart_tx_controller_mod/busy_OBUF_inst_i_1/I0
    SLICE_X0Y15          LUT5 (Prop_lut5_I0_O)        0.045     0.783 r  uart_tx_controller_mod/busy_OBUF_inst_i_1/O
                         net (fo=1, routed)           0.574     1.357    busy_OBUF
    E19                                                               r  busy_OBUF_inst/I
    E19                  OBUF (Prop_obuf_I_O)         1.231     2.587 r  busy_OBUF_inst/O
                         net (fo=0)                   0.000     2.587    busy
    E19                                                               r  busy (OUT)
  -------------------------------------------------------------------    -------------------





--------------------------------------------------------------------------------------
Path Group:  (none)
From Clock:  sys_clk_pin
  To Clock:  

Max Delay             2 Endpoints
Min Delay             2 Endpoints
--------------------------------------------------------------------------------------


Max Delay Paths
--------------------------------------------------------------------------------------
Slack:                    inf
  Source:                 uart_tx_controller_mod/FSM_onehot_state_reg[3]/C
                            (rising edge-triggered cell FDRE clocked by sys_clk_pin  {rise@0.000ns fall@5.000ns period=40.000ns})
  Destination:            tx_out
                            (output port)
  Path Group:             (none)
  Path Type:              Max at Slow Process Corner
  Data Path Delay:        7.472ns  (logic 4.271ns (57.159%)  route 3.201ns (42.841%))
  Logic Levels:           3  (LUT4=1 LUT6=1 OBUF=1)
  Clock Uncertainty:      0.025ns  ((TSJ^2 + TIJ^2)^1/2 + DJ) / 2 + PE
    Total System Jitter     (TSJ):    0.050ns
    Total Input Jitter      (TIJ):    0.000ns
    Discrete Jitter          (DJ):    0.000ns
    Phase Error              (PE):    0.000ns

    Location             Delay type                Incr(ns)  Path(ns)    Netlist Resource(s)
  -------------------------------------------------------------------    -------------------
                         (clock sys_clk_pin rise edge)
                                                      0.000     0.000 r  
    W5                                                0.000     0.000 r  clk (IN)
                         net (fo=0)                   0.000     0.000    clk
    W5                                                                r  clk_IBUF_inst/I
    W5                   IBUF (Prop_ibuf_I_O)         1.458     1.458 r  clk_IBUF_inst/O
                         net (fo=1, routed)           1.967     3.425    clk_IBUF
    BUFGCTRL_X0Y0                                                     r  clk_IBUF_BUFG_inst/I
    BUFGCTRL_X0Y0        BUFG (Prop_bufg_I_O)         0.096     3.521 r  clk_IBUF_BUFG_inst/O
                         net (fo=11, routed)          1.630     5.151    uart_tx_controller_mod/CLK
    SLICE_X2Y16          FDRE                                         r  uart_tx_controller_mod/FSM_onehot_state_reg[3]/C
  -------------------------------------------------------------------    -------------------
    SLICE_X2Y16          FDRE (Prop_fdre_C_Q)         0.518     5.669 r  uart_tx_controller_mod/FSM_onehot_state_reg[3]/Q
                         net (fo=5, routed)           0.831     6.500    uart_tx_controller_mod/FSM_onehot_state_reg_n_0_[3]
    SLICE_X0Y15                                                       r  uart_tx_controller_mod/tx_out_OBUF_inst_i_2/I2
    SLICE_X0Y15          LUT4 (Prop_lut4_I2_O)        0.124     6.624 r  uart_tx_controller_mod/tx_out_OBUF_inst_i_2/O
                         net (fo=1, routed)           0.303     6.927    uart_tx_controller_mod/tx_out_OBUF_inst_i_2_n_0
    SLICE_X0Y13                                                       r  uart_tx_controller_mod/tx_out_OBUF_inst_i_1/I4
    SLICE_X0Y13          LUT6 (Prop_lut6_I4_O)        0.124     7.051 r  uart_tx_controller_mod/tx_out_OBUF_inst_i_1/O
                         net (fo=1, routed)           2.067     9.118    tx_out_OBUF
    U16                                                               r  tx_out_OBUF_inst/I
    U16                  OBUF (Prop_obuf_I_O)         3.505    12.623 r  tx_out_OBUF_inst/O
                         net (fo=0)                   0.000    12.623    tx_out
    U16                                                               r  tx_out (OUT)
  -------------------------------------------------------------------    -------------------

Slack:                    inf
  Source:                 uart_tx_controller_mod/FSM_onehot_state_reg[4]/C
                            (rising edge-triggered cell FDRE clocked by sys_clk_pin  {rise@0.000ns fall@5.000ns period=40.000ns})
  Destination:            busy
                            (output port)
  Path Group:             (none)
  Path Type:              Max at Slow Process Corner
  Data Path Delay:        7.458ns  (logic 4.110ns (55.104%)  route 3.348ns (44.896%))
  Logic Levels:           2  (LUT5=1 OBUF=1)
  Clock Uncertainty:      0.025ns  ((TSJ^2 + TIJ^2)^1/2 + DJ) / 2 + PE
    Total System Jitter     (TSJ):    0.050ns
    Total Input Jitter      (TIJ):    0.000ns
    Discrete Jitter          (DJ):    0.000ns
    Phase Error              (PE):    0.000ns

    Location             Delay type                Incr(ns)  Path(ns)    Netlist Resource(s)
  -------------------------------------------------------------------    -------------------
                         (clock sys_clk_pin rise edge)
                                                      0.000     0.000 r  
    W5                                                0.000     0.000 r  clk (IN)
                         net (fo=0)                   0.000     0.000    clk
    W5                                                                r  clk_IBUF_inst/I
    W5                   IBUF (Prop_ibuf_I_O)         1.458     1.458 r  clk_IBUF_inst/O
                         net (fo=1, routed)           1.967     3.425    clk_IBUF
    BUFGCTRL_X0Y0                                                     r  clk_IBUF_BUFG_inst/I
    BUFGCTRL_X0Y0        BUFG (Prop_bufg_I_O)         0.096     3.521 r  clk_IBUF_BUFG_inst/O
                         net (fo=11, routed)          1.631     5.152    uart_tx_controller_mod/CLK
    SLICE_X1Y15          FDRE                                         r  uart_tx_controller_mod/FSM_onehot_state_reg[4]/C
  -------------------------------------------------------------------    -------------------
    SLICE_X1Y15          FDRE (Prop_fdre_C_Q)         0.456     5.608 r  uart_tx_controller_mod/FSM_onehot_state_reg[4]/Q
                         net (fo=4, routed)           1.069     6.677    uart_tx_controller_mod/FSM_onehot_state_reg_n_0_[4]
    SLICE_X0Y15                                                       r  uart_tx_controller_mod/busy_OBUF_inst_i_1/I4
    SLICE_X0Y15          LUT5 (Prop_lut5_I4_O)        0.124     6.801 r  uart_tx_controller_mod/busy_OBUF_inst_i_1/O
                         net (fo=1, routed)           2.280     9.081    busy_OBUF
    E19                                                               r  busy_OBUF_inst/I
    E19                  OBUF (Prop_obuf_I_O)         3.530    12.610 r  busy_OBUF_inst/O
                         net (fo=0)                   0.000    12.610    busy
    E19                                                               r  busy (OUT)
  -------------------------------------------------------------------    -------------------





Min Delay Paths
--------------------------------------------------------------------------------------
Slack:                    inf
  Source:                 uart_tx_parity_bit_mod/par_bit_reg/C
                            (rising edge-triggered cell FDRE clocked by sys_clk_pin  {rise@0.000ns fall@5.000ns period=40.000ns})
  Destination:            tx_out
                            (output port)
  Path Group:             (none)
  Path Type:              Min at Fast Process Corner
  Data Path Delay:        2.048ns  (logic 1.392ns (67.972%)  route 0.656ns (32.028%))
  Logic Levels:           2  (LUT6=1 OBUF=1)
  Clock Uncertainty:      0.025ns  ((TSJ^2 + TIJ^2)^1/2 + DJ) / 2 + PE
    Total System Jitter     (TSJ):    0.050ns
    Total Input Jitter      (TIJ):    0.000ns
    Discrete Jitter          (DJ):    0.000ns
    Phase Error              (PE):    0.000ns

    Location             Delay type                Incr(ns)  Path(ns)    Netlist Resource(s)
  -------------------------------------------------------------------    -------------------
                         (clock sys_clk_pin rise edge)
                                                      0.000     0.000 r  
    W5                                                0.000     0.000 r  clk (IN)
                         net (fo=0)                   0.000     0.000    clk
    W5                                                                r  clk_IBUF_inst/I
    W5                   IBUF (Prop_ibuf_I_O)         0.226     0.226 r  clk_IBUF_inst/O
                         net (fo=1, routed)           0.631     0.858    clk_IBUF
    BUFGCTRL_X0Y0                                                     r  clk_IBUF_BUFG_inst/I
    BUFGCTRL_X0Y0        BUFG (Prop_bufg_I_O)         0.026     0.884 r  clk_IBUF_BUFG_inst/O
                         net (fo=11, routed)          0.591     1.474    uart_tx_parity_bit_mod/CLK
    SLICE_X0Y13          FDRE                                         r  uart_tx_parity_bit_mod/par_bit_reg/C
  -------------------------------------------------------------------    -------------------
    SLICE_X0Y13          FDRE (Prop_fdre_C_Q)         0.141     1.615 r  uart_tx_parity_bit_mod/par_bit_reg/Q
                         net (fo=1, routed)           0.162     1.777    uart_tx_controller_mod/par_bit
    SLICE_X0Y13                                                       r  uart_tx_controller_mod/tx_out_OBUF_inst_i_1/I0
    SLICE_X0Y13          LUT6 (Prop_lut6_I0_O)        0.045     1.822 r  uart_tx_controller_mod/tx_out_OBUF_inst_i_1/O
                         net (fo=1, routed)           0.494     2.316    tx_out_OBUF
    U16                                                               r  tx_out_OBUF_inst/I
    U16                  OBUF (Prop_obuf_I_O)         1.206     3.522 r  tx_out_OBUF_inst/O
                         net (fo=0)                   0.000     3.522    tx_out
    U16                                                               r  tx_out (OUT)
  -------------------------------------------------------------------    -------------------

Slack:                    inf
  Source:                 uart_tx_controller_mod/FSM_onehot_state_reg[2]/C
                            (rising edge-triggered cell FDRE clocked by sys_clk_pin  {rise@0.000ns fall@5.000ns period=40.000ns})
  Destination:            busy
                            (output port)
  Path Group:             (none)
  Path Type:              Min at Fast Process Corner
  Data Path Delay:        2.095ns  (logic 1.417ns (67.611%)  route 0.679ns (32.389%))
  Logic Levels:           2  (LUT5=1 OBUF=1)
  Clock Uncertainty:      0.025ns  ((TSJ^2 + TIJ^2)^1/2 + DJ) / 2 + PE
    Total System Jitter     (TSJ):    0.050ns
    Total Input Jitter      (TIJ):    0.000ns
    Discrete Jitter          (DJ):    0.000ns
    Phase Error              (PE):    0.000ns

    Location             Delay type                Incr(ns)  Path(ns)    Netlist Resource(s)
  -------------------------------------------------------------------    -------------------
                         (clock sys_clk_pin rise edge)
                                                      0.000     0.000 r  
    W5                                                0.000     0.000 r  clk (IN)
                         net (fo=0)                   0.000     0.000    clk
    W5                                                                r  clk_IBUF_inst/I
    W5                   IBUF (Prop_ibuf_I_O)         0.226     0.226 r  clk_IBUF_inst/O
                         net (fo=1, routed)           0.631     0.858    clk_IBUF
    BUFGCTRL_X0Y0                                                     r  clk_IBUF_BUFG_inst/I
    BUFGCTRL_X0Y0        BUFG (Prop_bufg_I_O)         0.026     0.884 r  clk_IBUF_BUFG_inst/O
                         net (fo=11, routed)          0.591     1.474    uart_tx_controller_mod/CLK
    SLICE_X1Y15          FDRE                                         r  uart_tx_controller_mod/FSM_onehot_state_reg[2]/C
  -------------------------------------------------------------------    -------------------
    SLICE_X1Y15          FDRE (Prop_fdre_C_Q)         0.141     1.615 r  uart_tx_controller_mod/FSM_onehot_state_reg[2]/Q
                         net (fo=9, routed)           0.105     1.720    uart_tx_controller_mod/out[1]
    SLICE_X0Y15                                                       r  uart_tx_controller_mod/busy_OBUF_inst_i_1/I1
    SLICE_X0Y15          LUT5 (Prop_lut5_I1_O)        0.045     1.765 r  uart_tx_controller_mod/busy_OBUF_inst_i_1/O
                         net (fo=1, routed)           0.574     2.339    busy_OBUF
    E19                                                               r  busy_OBUF_inst/I
    E19                  OBUF (Prop_obuf_I_O)         1.231     3.569 r  busy_OBUF_inst/O
                         net (fo=0)                   0.000     3.569    busy
    E19                                                               r  busy (OUT)
  -------------------------------------------------------------------    -------------------





--------------------------------------------------------------------------------------
Path Group:  (none)
From Clock:  
  To Clock:  sys_clk_pin

Max Delay            20 Endpoints
Min Delay            20 Endpoints
--------------------------------------------------------------------------------------


Max Delay Paths
--------------------------------------------------------------------------------------
Slack:                    inf
  Source:                 par_typ
                            (input port)
  Destination:            uart_tx_parity_bit_mod/par_bit_reg/D
                            (rising edge-triggered cell FDRE clocked by sys_clk_pin  {rise@0.000ns fall@5.000ns period=40.000ns})
  Path Group:             (none)
  Path Type:              Setup (Max at Slow Process Corner)
  Data Path Delay:        5.683ns  (logic 1.588ns (27.937%)  route 4.096ns (72.063%))
  Logic Levels:           2  (IBUF=1 LUT4=1)
  Clock Path Skew:        4.855ns (DCD - SCD + CPR)
    Destination Clock Delay (DCD):    4.855ns
    Source Clock Delay      (SCD):    0.000ns
    Clock Pessimism Removal (CPR):    0.000ns

    Location             Delay type                Incr(ns)  Path(ns)    Netlist Resource(s)
  -------------------------------------------------------------------    -------------------
    R3                                                0.000     0.000 r  par_typ (IN)
                         net (fo=0)                   0.000     0.000    par_typ
    R3                                                                r  par_typ_IBUF_inst/I
    R3                   IBUF (Prop_ibuf_I_O)         1.464     1.464 r  par_typ_IBUF_inst/O
                         net (fo=1, routed)           4.096     5.559    uart_tx_parity_bit_mod/par_typ_IBUF
    SLICE_X0Y13                                                       r  uart_tx_parity_bit_mod/par_bit_i_1/I1
    SLICE_X0Y13          LUT4 (Prop_lut4_I1_O)        0.124     5.683 r  uart_tx_parity_bit_mod/par_bit_i_1/O
                         net (fo=1, routed)           0.000     5.683    uart_tx_parity_bit_mod/par_bit_i_1_n_0
    SLICE_X0Y13          FDRE                                         r  uart_tx_parity_bit_mod/par_bit_reg/D
  -------------------------------------------------------------------    -------------------

                         (clock sys_clk_pin rise edge)
                                                      0.000     0.000 r  
    W5                                                0.000     0.000 r  clk (IN)
                         net (fo=0)                   0.000     0.000    clk
    W5                                                                r  clk_IBUF_inst/I
    W5                   IBUF (Prop_ibuf_I_O)         1.388     1.388 r  clk_IBUF_inst/O
                         net (fo=1, routed)           1.862     3.250    clk_IBUF
    BUFGCTRL_X0Y0                                                     r  clk_IBUF_BUFG_inst/I
    BUFGCTRL_X0Y0        BUFG (Prop_bufg_I_O)         0.091     3.341 r  clk_IBUF_BUFG_inst/O
                         net (fo=11, routed)          1.514     4.855    uart_tx_parity_bit_mod/CLK
    SLICE_X0Y13          FDRE                                         r  uart_tx_parity_bit_mod/par_bit_reg/C

Slack:                    inf
  Source:                 data_valid
                            (input port)
  Destination:            uart_tx_controller_mod/FSM_onehot_state_reg[0]/D
                            (rising edge-triggered cell FDSE clocked by sys_clk_pin  {rise@0.000ns fall@5.000ns period=40.000ns})
  Path Group:             (none)
  Path Type:              Setup (Max at Slow Process Corner)
  Data Path Delay:        5.674ns  (logic 1.576ns (27.781%)  route 4.097ns (72.219%))
  Logic Levels:           2  (IBUF=1 LUT3=1)
  Clock Path Skew:        4.854ns (DCD - SCD + CPR)
    Destination Clock Delay (DCD):    4.854ns
    Source Clock Delay      (SCD):    0.000ns
    Clock Pessimism Removal (CPR):    0.000ns

    Location             Delay type                Incr(ns)  Path(ns)    Netlist Resource(s)
  -------------------------------------------------------------------    -------------------
    T3                                                0.000     0.000 f  data_valid (IN)
                         net (fo=0)                   0.000     0.000    data_valid
    T3                                                                f  data_valid_IBUF_inst/I
    T3                   IBUF (Prop_ibuf_I_O)         1.452     1.452 f  data_valid_IBUF_inst/O
                         net (fo=5, routed)           4.097     5.550    uart_tx_controller_mod/data_valid_IBUF
    SLICE_X1Y15                                                       f  uart_tx_controller_mod/FSM_onehot_state[0]_i_1/I1
    SLICE_X1Y15          LUT3 (Prop_lut3_I1_O)        0.124     5.674 r  uart_tx_controller_mod/FSM_onehot_state[0]_i_1/O
                         net (fo=1, routed)           0.000     5.674    uart_tx_controller_mod/FSM_onehot_state[0]_i_1_n_0
    SLICE_X1Y15          FDSE                                         r  uart_tx_controller_mod/FSM_onehot_state_reg[0]/D
  -------------------------------------------------------------------    -------------------

                         (clock sys_clk_pin rise edge)
                                                      0.000     0.000 r  
    W5                                                0.000     0.000 r  clk (IN)
                         net (fo=0)                   0.000     0.000    clk
    W5                                                                r  clk_IBUF_inst/I
    W5                   IBUF (Prop_ibuf_I_O)         1.388     1.388 r  clk_IBUF_inst/O
                         net (fo=1, routed)           1.862     3.250    clk_IBUF
    BUFGCTRL_X0Y0                                                     r  clk_IBUF_BUFG_inst/I
    BUFGCTRL_X0Y0        BUFG (Prop_bufg_I_O)         0.091     3.341 r  clk_IBUF_BUFG_inst/O
                         net (fo=11, routed)          1.513     4.854    uart_tx_controller_mod/CLK
    SLICE_X1Y15          FDSE                                         r  uart_tx_controller_mod/FSM_onehot_state_reg[0]/C

Slack:                    inf
  Source:                 data_valid
                            (input port)
  Destination:            uart_tx_controller_mod/FSM_onehot_state_reg[1]/D
                            (rising edge-triggered cell FDRE clocked by sys_clk_pin  {rise@0.000ns fall@5.000ns period=40.000ns})
  Path Group:             (none)
  Path Type:              Setup (Max at Slow Process Corner)
  Data Path Delay:        5.673ns  (logic 1.576ns (27.786%)  route 4.096ns (72.214%))
  Logic Levels:           2  (IBUF=1 LUT3=1)
  Clock Path Skew:        4.854ns (DCD - SCD + CPR)
    Destination Clock Delay (DCD):    4.854ns
    Source Clock Delay      (SCD):    0.000ns
    Clock Pessimism Removal (CPR):    0.000ns

    Location             Delay type                Incr(ns)  Path(ns)    Netlist Resource(s)
  -------------------------------------------------------------------    -------------------
    T3                                                0.000     0.000 r  data_valid (IN)
                         net (fo=0)                   0.000     0.000    data_valid
    T3                                                                r  data_valid_IBUF_inst/I
    T3                   IBUF (Prop_ibuf_I_O)         1.452     1.452 r  data_valid_IBUF_inst/O
                         net (fo=5, routed)           4.096     5.549    uart_tx_controller_mod/data_valid_IBUF
    SLICE_X1Y15                                                       r  uart_tx_controller_mod/FSM_onehot_state[1]_i_1/I1
    SLICE_X1Y15          LUT3 (Prop_lut3_I1_O)        0.124     5.673 r  uart_tx_controller_mod/FSM_onehot_state[1]_i_1/O
                         net (fo=1, routed)           0.000     5.673    uart_tx_controller_mod/FSM_onehot_state[1]_i_1_n_0
    SLICE_X1Y15          FDRE                                         r  uart_tx_controller_mod/FSM_onehot_state_reg[1]/D
  -------------------------------------------------------------------    -------------------

                         (clock sys_clk_pin rise edge)
                                                      0.000     0.000 r  
    W5                                                0.000     0.000 r  clk (IN)
                         net (fo=0)                   0.000     0.000    clk
    W5                                                                r  clk_IBUF_inst/I
    W5                   IBUF (Prop_ibuf_I_O)         1.388     1.388 r  clk_IBUF_inst/O
                         net (fo=1, routed)           1.862     3.250    clk_IBUF
    BUFGCTRL_X0Y0                                                     r  clk_IBUF_BUFG_inst/I
    BUFGCTRL_X0Y0        BUFG (Prop_bufg_I_O)         0.091     3.341 r  clk_IBUF_BUFG_inst/O
                         net (fo=11, routed)          1.513     4.854    uart_tx_controller_mod/CLK
    SLICE_X1Y15          FDRE                                         r  uart_tx_controller_mod/FSM_onehot_state_reg[1]/C

Slack:                    inf
  Source:                 data_valid
                            (input port)
  Destination:            uart_tx_controller_mod/FSM_onehot_state_reg[2]/D
                            (rising edge-triggered cell FDRE clocked by sys_clk_pin  {rise@0.000ns fall@5.000ns period=40.000ns})
  Path Group:             (none)
  Path Type:              Setup (Max at Slow Process Corner)
  Data Path Delay:        5.482ns  (logic 1.576ns (28.754%)  route 3.905ns (71.246%))
  Logic Levels:           2  (IBUF=1 LUT4=1)
  Clock Path Skew:        4.854ns (DCD - SCD + CPR)
    Destination Clock Delay (DCD):    4.854ns
    Source Clock Delay      (SCD):    0.000ns
    Clock Pessimism Removal (CPR):    0.000ns

    Location             Delay type                Incr(ns)  Path(ns)    Netlist Resource(s)
  -------------------------------------------------------------------    -------------------
    T3                                                0.000     0.000 r  data_valid (IN)
                         net (fo=0)                   0.000     0.000    data_valid
    T3                                                                r  data_valid_IBUF_inst/I
    T3                   IBUF (Prop_ibuf_I_O)         1.452     1.452 r  data_valid_IBUF_inst/O
                         net (fo=5, routed)           3.905     5.358    uart_tx_controller_mod/data_valid_IBUF
    SLICE_X1Y15                                                       r  uart_tx_controller_mod/FSM_onehot_state[2]_i_1/I1
    SLICE_X1Y15          LUT4 (Prop_lut4_I1_O)        0.124     5.482 r  uart_tx_controller_mod/FSM_onehot_state[2]_i_1/O
                         net (fo=1, routed)           0.000     5.482    uart_tx_controller_mod/FSM_onehot_state[2]_i_1_n_0
    SLICE_X1Y15          FDRE                                         r  uart_tx_controller_mod/FSM_onehot_state_reg[2]/D
  -------------------------------------------------------------------    -------------------

                         (clock sys_clk_pin rise edge)
                                                      0.000     0.000 r  
    W5                                                0.000     0.000 r  clk (IN)
                         net (fo=0)                   0.000     0.000    clk
    W5                                                                r  clk_IBUF_inst/I
    W5                   IBUF (Prop_ibuf_I_O)         1.388     1.388 r  clk_IBUF_inst/O
                         net (fo=1, routed)           1.862     3.250    clk_IBUF
    BUFGCTRL_X0Y0                                                     r  clk_IBUF_BUFG_inst/I
    BUFGCTRL_X0Y0        BUFG (Prop_bufg_I_O)         0.091     3.341 r  clk_IBUF_BUFG_inst/O
                         net (fo=11, routed)          1.513     4.854    uart_tx_controller_mod/CLK
    SLICE_X1Y15          FDRE                                         r  uart_tx_controller_mod/FSM_onehot_state_reg[2]/C

Slack:                    inf
  Source:                 data_valid
                            (input port)
  Destination:            uart_tx_controller_mod/FSM_onehot_state_reg[4]/D
                            (rising edge-triggered cell FDRE clocked by sys_clk_pin  {rise@0.000ns fall@5.000ns period=40.000ns})
  Path Group:             (none)
  Path Type:              Setup (Max at Slow Process Corner)
  Data Path Delay:        5.481ns  (logic 1.576ns (28.759%)  route 3.904ns (71.241%))
  Logic Levels:           2  (IBUF=1 LUT6=1)
  Clock Path Skew:        4.854ns (DCD - SCD + CPR)
    Destination Clock Delay (DCD):    4.854ns
    Source Clock Delay      (SCD):    0.000ns
    Clock Pessimism Removal (CPR):    0.000ns

    Location             Delay type                Incr(ns)  Path(ns)    Netlist Resource(s)
  -------------------------------------------------------------------    -------------------
    T3                                                0.000     0.000 r  data_valid (IN)
                         net (fo=0)                   0.000     0.000    data_valid
    T3                                                                r  data_valid_IBUF_inst/I
    T3                   IBUF (Prop_ibuf_I_O)         1.452     1.452 r  data_valid_IBUF_inst/O
                         net (fo=5, routed)           3.904     5.357    uart_tx_controller_mod/data_valid_IBUF
    SLICE_X1Y15                                                       r  uart_tx_controller_mod/FSM_onehot_state[4]_i_2/I2
    SLICE_X1Y15          LUT6 (Prop_lut6_I2_O)        0.124     5.481 r  uart_tx_controller_mod/FSM_onehot_state[4]_i_2/O
                         net (fo=1, routed)           0.000     5.481    uart_tx_controller_mod/FSM_onehot_state[4]_i_2_n_0
    SLICE_X1Y15          FDRE                                         r  uart_tx_controller_mod/FSM_onehot_state_reg[4]/D
  -------------------------------------------------------------------    -------------------

                         (clock sys_clk_pin rise edge)
                                                      0.000     0.000 r  
    W5                                                0.000     0.000 r  clk (IN)
                         net (fo=0)                   0.000     0.000    clk
    W5                                                                r  clk_IBUF_inst/I
    W5                   IBUF (Prop_ibuf_I_O)         1.388     1.388 r  clk_IBUF_inst/O
                         net (fo=1, routed)           1.862     3.250    clk_IBUF
    BUFGCTRL_X0Y0                                                     r  clk_IBUF_BUFG_inst/I
    BUFGCTRL_X0Y0        BUFG (Prop_bufg_I_O)         0.091     3.341 r  clk_IBUF_BUFG_inst/O
                         net (fo=11, routed)          1.513     4.854    uart_tx_controller_mod/CLK
    SLICE_X1Y15          FDRE                                         r  uart_tx_controller_mod/FSM_onehot_state_reg[4]/C

Slack:                    inf
  Source:                 data_valid
                            (input port)
  Destination:            uart_tx_controller_mod/FSM_onehot_state_reg[3]/D
                            (rising edge-triggered cell FDRE clocked by sys_clk_pin  {rise@0.000ns fall@5.000ns period=40.000ns})
  Path Group:             (none)
  Path Type:              Setup (Max at Slow Process Corner)
  Data Path Delay:        5.444ns  (logic 1.576ns (28.954%)  route 3.868ns (71.046%))
  Logic Levels:           2  (IBUF=1 LUT5=1)
  Clock Path Skew:        4.853ns (DCD - SCD + CPR)
    Destination Clock Delay (DCD):    4.853ns
    Source Clock Delay      (SCD):    0.000ns
    Clock Pessimism Removal (CPR):    0.000ns

    Location             Delay type                Incr(ns)  Path(ns)    Netlist Resource(s)
  -------------------------------------------------------------------    -------------------
    T3                                                0.000     0.000 r  data_valid (IN)
                         net (fo=0)                   0.000     0.000    data_valid
    T3                                                                r  data_valid_IBUF_inst/I
    T3                   IBUF (Prop_ibuf_I_O)         1.452     1.452 r  data_valid_IBUF_inst/O
                         net (fo=5, routed)           3.868     5.320    uart_tx_controller_mod/data_valid_IBUF
    SLICE_X2Y16                                                       r  uart_tx_controller_mod/FSM_onehot_state[3]_i_1/I3
    SLICE_X2Y16          LUT5 (Prop_lut5_I3_O)        0.124     5.444 r  uart_tx_controller_mod/FSM_onehot_state[3]_i_1/O
                         net (fo=1, routed)           0.000     5.444    uart_tx_controller_mod/FSM_onehot_state[3]_i_1_n_0
    SLICE_X2Y16          FDRE                                         r  uart_tx_controller_mod/FSM_onehot_state_reg[3]/D
  -------------------------------------------------------------------    -------------------

                         (clock sys_clk_pin rise edge)
                                                      0.000     0.000 r  
    W5                                                0.000     0.000 r  clk (IN)
                         net (fo=0)                   0.000     0.000    clk
    W5                                                                r  clk_IBUF_inst/I
    W5                   IBUF (Prop_ibuf_I_O)         1.388     1.388 r  clk_IBUF_inst/O
                         net (fo=1, routed)           1.862     3.250    clk_IBUF
    BUFGCTRL_X0Y0                                                     r  clk_IBUF_BUFG_inst/I
    BUFGCTRL_X0Y0        BUFG (Prop_bufg_I_O)         0.091     3.341 r  clk_IBUF_BUFG_inst/O
                         net (fo=11, routed)          1.512     4.853    uart_tx_controller_mod/CLK
    SLICE_X2Y16          FDRE                                         r  uart_tx_controller_mod/FSM_onehot_state_reg[3]/C

Slack:                    inf
  Source:                 p_data[6]
                            (input port)
  Destination:            uart_tx_serializer_mod/ser_data_reg/D
                            (rising edge-triggered cell FDCE clocked by sys_clk_pin  {rise@0.000ns fall@5.000ns period=40.000ns})
  Path Group:             (none)
  Path Type:              Setup (Max at Slow Process Corner)
  Data Path Delay:        4.078ns  (logic 1.698ns (41.628%)  route 2.381ns (58.372%))
  Logic Levels:           3  (IBUF=1 LUT6=2)
  Clock Path Skew:        4.856ns (DCD - SCD + CPR)
    Destination Clock Delay (DCD):    4.856ns
    Source Clock Delay      (SCD):    0.000ns
    Clock Pessimism Removal (CPR):    0.000ns

    Location             Delay type                Incr(ns)  Path(ns)    Netlist Resource(s)
  -------------------------------------------------------------------    -------------------
    W14                                               0.000     0.000 r  p_data[6] (IN)
                         net (fo=0)                   0.000     0.000    p_data[6]
    W14                                                               r  p_data_IBUF[6]_inst/I
    W14                  IBUF (Prop_ibuf_I_O)         1.450     1.450 r  p_data_IBUF[6]_inst/O
                         net (fo=2, routed)           1.583     3.032    uart_tx_serializer_mod/p_data_IBUF[6]
    SLICE_X0Y11                                                       r  uart_tx_serializer_mod/ser_data_i_3/I1
    SLICE_X0Y11          LUT6 (Prop_lut6_I1_O)        0.124     3.156 r  uart_tx_serializer_mod/ser_data_i_3/O
                         net (fo=1, routed)           0.798     3.954    uart_tx_serializer_mod/ser_data_i_3_n_0
    SLICE_X0Y12                                                       r  uart_tx_serializer_mod/ser_data_i_1/I2
    SLICE_X0Y12          LUT6 (Prop_lut6_I2_O)        0.124     4.078 r  uart_tx_serializer_mod/ser_data_i_1/O
                         net (fo=1, routed)           0.000     4.078    uart_tx_serializer_mod/ser_data_i_1_n_0
    SLICE_X0Y12          FDCE                                         r  uart_tx_serializer_mod/ser_data_reg/D
  -------------------------------------------------------------------    -------------------

                         (clock sys_clk_pin rise edge)
                                                      0.000     0.000 r  
    W5                                                0.000     0.000 r  clk (IN)
                         net (fo=0)                   0.000     0.000    clk
    W5                                                                r  clk_IBUF_inst/I
    W5                   IBUF (Prop_ibuf_I_O)         1.388     1.388 r  clk_IBUF_inst/O
                         net (fo=1, routed)           1.862     3.250    clk_IBUF
    BUFGCTRL_X0Y0                                                     r  clk_IBUF_BUFG_inst/I
    BUFGCTRL_X0Y0        BUFG (Prop_bufg_I_O)         0.091     3.341 r  clk_IBUF_BUFG_inst/O
                         net (fo=11, routed)          1.515     4.856    uart_tx_serializer_mod/CLK
    SLICE_X0Y12          FDCE                                         r  uart_tx_serializer_mod/ser_data_reg/C

Slack:                    inf
  Source:                 rst_n
                            (input port)
  Destination:            uart_tx_controller_mod/FSM_onehot_state_reg[3]/R
                            (rising edge-triggered cell FDRE clocked by sys_clk_pin  {rise@0.000ns fall@5.000ns period=40.000ns})
  Path Group:             (none)
  Path Type:              Setup (Max at Slow Process Corner)
  Data Path Delay:        3.504ns  (logic 1.565ns (44.670%)  route 1.939ns (55.330%))
  Logic Levels:           2  (IBUF=1 LUT1=1)
  Clock Path Skew:        4.853ns (DCD - SCD + CPR)
    Destination Clock Delay (DCD):    4.853ns
    Source Clock Delay      (SCD):    0.000ns
    Clock Pessimism Removal (CPR):    0.000ns

    Location             Delay type                Incr(ns)  Path(ns)    Netlist Resource(s)
  -------------------------------------------------------------------    -------------------
    U18                                               0.000     0.000 f  rst_n (IN)
                         net (fo=0)                   0.000     0.000    rst_n
    U18                                                               f  rst_n_IBUF_inst/I
    U18                  IBUF (Prop_ibuf_I_O)         1.441     1.441 f  rst_n_IBUF_inst/O
                         net (fo=9, routed)           1.287     2.728    uart_tx_controller_mod/rst_n_IBUF
    SLICE_X0Y13                                                       f  uart_tx_controller_mod/FSM_onehot_state[4]_i_1/I0
    SLICE_X0Y13          LUT1 (Prop_lut1_I0_O)        0.124     2.852 r  uart_tx_controller_mod/FSM_onehot_state[4]_i_1/O
                         net (fo=10, routed)          0.652     3.504    uart_tx_controller_mod/SS[0]
    SLICE_X2Y16          FDRE                                         r  uart_tx_controller_mod/FSM_onehot_state_reg[3]/R
  -------------------------------------------------------------------    -------------------

                         (clock sys_clk_pin rise edge)
                                                      0.000     0.000 r  
    W5                                                0.000     0.000 r  clk (IN)
                         net (fo=0)                   0.000     0.000    clk
    W5                                                                r  clk_IBUF_inst/I
    W5                   IBUF (Prop_ibuf_I_O)         1.388     1.388 r  clk_IBUF_inst/O
                         net (fo=1, routed)           1.862     3.250    clk_IBUF
    BUFGCTRL_X0Y0                                                     r  clk_IBUF_BUFG_inst/I
    BUFGCTRL_X0Y0        BUFG (Prop_bufg_I_O)         0.091     3.341 r  clk_IBUF_BUFG_inst/O
                         net (fo=11, routed)          1.512     4.853    uart_tx_controller_mod/CLK
    SLICE_X2Y16          FDRE                                         r  uart_tx_controller_mod/FSM_onehot_state_reg[3]/C

Slack:                    inf
  Source:                 rst_n
                            (input port)
  Destination:            uart_tx_serializer_mod/ser_data_reg/CLR
                            (recovery check against rising-edge clock sys_clk_pin  {rise@0.000ns fall@5.000ns period=40.000ns})
  Path Group:             (none)
  Path Type:              Recovery (Max at Slow Process Corner)
  Data Path Delay:        3.357ns  (logic 1.565ns (46.627%)  route 1.792ns (53.373%))
  Logic Levels:           2  (IBUF=1 LUT1=1)
  Clock Path Skew:        4.856ns (DCD - SCD + CPR)
    Destination Clock Delay (DCD):    4.856ns
    Source Clock Delay      (SCD):    0.000ns
    Clock Pessimism Removal (CPR):    0.000ns

    Location             Delay type                Incr(ns)  Path(ns)    Netlist Resource(s)
  -------------------------------------------------------------------    -------------------
    U18                                               0.000     0.000 r  rst_n (IN)
                         net (fo=0)                   0.000     0.000    rst_n
    U18                                                               r  rst_n_IBUF_inst/I
    U18                  IBUF (Prop_ibuf_I_O)         1.441     1.441 r  rst_n_IBUF_inst/O
                         net (fo=9, routed)           1.287     2.728    uart_tx_controller_mod/rst_n_IBUF
    SLICE_X0Y13                                                       r  uart_tx_controller_mod/FSM_onehot_state[4]_i_1/I0
    SLICE_X0Y13          LUT1 (Prop_lut1_I0_O)        0.124     2.852 f  uart_tx_controller_mod/FSM_onehot_state[4]_i_1/O
                         net (fo=10, routed)          0.505     3.357    uart_tx_serializer_mod/SS[0]
    SLICE_X0Y12          FDCE                                         f  uart_tx_serializer_mod/ser_data_reg/CLR
  -------------------------------------------------------------------    -------------------

                         (clock sys_clk_pin rise edge)
                                                      0.000     0.000 r  
    W5                                                0.000     0.000 r  clk (IN)
                         net (fo=0)                   0.000     0.000    clk
    W5                                                                r  clk_IBUF_inst/I
    W5                   IBUF (Prop_ibuf_I_O)         1.388     1.388 r  clk_IBUF_inst/O
                         net (fo=1, routed)           1.862     3.250    clk_IBUF
    BUFGCTRL_X0Y0                                                     r  clk_IBUF_BUFG_inst/I
    BUFGCTRL_X0Y0        BUFG (Prop_bufg_I_O)         0.091     3.341 r  clk_IBUF_BUFG_inst/O
                         net (fo=11, routed)          1.515     4.856    uart_tx_serializer_mod/CLK
    SLICE_X0Y12          FDCE                                         r  uart_tx_serializer_mod/ser_data_reg/C

Slack:                    inf
  Source:                 rst_n
                            (input port)
  Destination:            uart_tx_controller_mod/FSM_onehot_state_reg[0]/S
                            (rising edge-triggered cell FDSE clocked by sys_clk_pin  {rise@0.000ns fall@5.000ns period=40.000ns})
  Path Group:             (none)
  Path Type:              Setup (Max at Slow Process Corner)
  Data Path Delay:        3.355ns  (logic 1.565ns (46.655%)  route 1.790ns (53.345%))
  Logic Levels:           2  (IBUF=1 LUT1=1)
  Clock Path Skew:        4.854ns (DCD - SCD + CPR)
    Destination Clock Delay (DCD):    4.854ns
    Source Clock Delay      (SCD):    0.000ns
    Clock Pessimism Removal (CPR):    0.000ns

    Location             Delay type                Incr(ns)  Path(ns)    Netlist Resource(s)
  -------------------------------------------------------------------    -------------------
    U18                                               0.000     0.000 f  rst_n (IN)
                         net (fo=0)                   0.000     0.000    rst_n
    U18                                                               f  rst_n_IBUF_inst/I
    U18                  IBUF (Prop_ibuf_I_O)         1.441     1.441 f  rst_n_IBUF_inst/O
                         net (fo=9, routed)           1.287     2.728    uart_tx_controller_mod/rst_n_IBUF
    SLICE_X0Y13                                                       f  uart_tx_controller_mod/FSM_onehot_state[4]_i_1/I0
    SLICE_X0Y13          LUT1 (Prop_lut1_I0_O)        0.124     2.852 r  uart_tx_controller_mod/FSM_onehot_state[4]_i_1/O
                         net (fo=10, routed)          0.503     3.355    uart_tx_controller_mod/SS[0]
    SLICE_X1Y15          FDSE                                         r  uart_tx_controller_mod/FSM_onehot_state_reg[0]/S
  -------------------------------------------------------------------    -------------------

                         (clock sys_clk_pin rise edge)
                                                      0.000     0.000 r  
    W5                                                0.000     0.000 r  clk (IN)
                         net (fo=0)                   0.000     0.000    clk
    W5                                                                r  clk_IBUF_inst/I
    W5                   IBUF (Prop_ibuf_I_O)         1.388     1.388 r  clk_IBUF_inst/O
                         net (fo=1, routed)           1.862     3.250    clk_IBUF
    BUFGCTRL_X0Y0                                                     r  clk_IBUF_BUFG_inst/I
    BUFGCTRL_X0Y0        BUFG (Prop_bufg_I_O)         0.091     3.341 r  clk_IBUF_BUFG_inst/O
                         net (fo=11, routed)          1.513     4.854    uart_tx_controller_mod/CLK
    SLICE_X1Y15          FDSE                                         r  uart_tx_controller_mod/FSM_onehot_state_reg[0]/C





Min Delay Paths
--------------------------------------------------------------------------------------
Slack:                    inf
  Source:                 rst_n
                            (input port)
  Destination:            uart_tx_serializer_mod/ser_counter_reg[0]/D
                            (rising edge-triggered cell FDCE clocked by sys_clk_pin  {rise@0.000ns fall@5.000ns period=40.000ns})
  Path Group:             (none)
  Path Type:              Hold (Min at Fast Process Corner)
  Data Path Delay:        0.708ns  (logic 0.255ns (35.962%)  route 0.453ns (64.038%))
  Logic Levels:           2  (IBUF=1 LUT4=1)
  Clock Path Skew:        1.989ns (DCD - SCD - CPR)
    Destination Clock Delay (DCD):    1.989ns
    Source Clock Delay      (SCD):    0.000ns
    Clock Pessimism Removal (CPR):    -0.000ns

    Location             Delay type                Incr(ns)  Path(ns)    Netlist Resource(s)
  -------------------------------------------------------------------    -------------------
    U18                                               0.000     0.000 r  rst_n (IN)
                         net (fo=0)                   0.000     0.000    rst_n
    U18                                                               r  rst_n_IBUF_inst/I
    U18                  IBUF (Prop_ibuf_I_O)         0.210     0.210 r  rst_n_IBUF_inst/O
                         net (fo=9, routed)           0.453     0.663    uart_tx_controller_mod/rst_n_IBUF
    SLICE_X1Y12                                                       r  uart_tx_controller_mod/ser_counter[0]_i_1/I2
    SLICE_X1Y12          LUT4 (Prop_lut4_I2_O)        0.045     0.708 r  uart_tx_controller_mod/ser_counter[0]_i_1/O
                         net (fo=1, routed)           0.000     0.708    uart_tx_serializer_mod/D[0]
    SLICE_X1Y12          FDCE                                         r  uart_tx_serializer_mod/ser_counter_reg[0]/D
  -------------------------------------------------------------------    -------------------

                         (clock sys_clk_pin rise edge)
                                                      0.000     0.000 r  
    W5                                                0.000     0.000 r  clk (IN)
                         net (fo=0)                   0.000     0.000    clk
    W5                                                                r  clk_IBUF_inst/I
    W5                   IBUF (Prop_ibuf_I_O)         0.414     0.414 r  clk_IBUF_inst/O
                         net (fo=1, routed)           0.685     1.099    clk_IBUF
    BUFGCTRL_X0Y0                                                     r  clk_IBUF_BUFG_inst/I
    BUFGCTRL_X0Y0        BUFG (Prop_bufg_I_O)         0.029     1.128 r  clk_IBUF_BUFG_inst/O
                         net (fo=11, routed)          0.862     1.989    uart_tx_serializer_mod/CLK
    SLICE_X1Y12          FDCE                                         r  uart_tx_serializer_mod/ser_counter_reg[0]/C

Slack:                    inf
  Source:                 rst_n
                            (input port)
  Destination:            uart_tx_parity_bit_mod/par_bit_reg/D
                            (rising edge-triggered cell FDRE clocked by sys_clk_pin  {rise@0.000ns fall@5.000ns period=40.000ns})
  Path Group:             (none)
  Path Type:              Hold (Min at Fast Process Corner)
  Data Path Delay:        0.715ns  (logic 0.255ns (35.622%)  route 0.460ns (64.378%))
  Logic Levels:           2  (IBUF=1 LUT4=1)
  Clock Path Skew:        1.988ns (DCD - SCD - CPR)
    Destination Clock Delay (DCD):    1.988ns
    Source Clock Delay      (SCD):    0.000ns
    Clock Pessimism Removal (CPR):    -0.000ns

    Location             Delay type                Incr(ns)  Path(ns)    Netlist Resource(s)
  -------------------------------------------------------------------    -------------------
    U18                                               0.000     0.000 r  rst_n (IN)
                         net (fo=0)                   0.000     0.000    rst_n
    U18                                                               r  rst_n_IBUF_inst/I
    U18                  IBUF (Prop_ibuf_I_O)         0.210     0.210 r  rst_n_IBUF_inst/O
                         net (fo=9, routed)           0.460     0.670    uart_tx_parity_bit_mod/rst_n_IBUF
    SLICE_X0Y13                                                       r  uart_tx_parity_bit_mod/par_bit_i_1/I0
    SLICE_X0Y13          LUT4 (Prop_lut4_I0_O)        0.045     0.715 r  uart_tx_parity_bit_mod/par_bit_i_1/O
                         net (fo=1, routed)           0.000     0.715    uart_tx_parity_bit_mod/par_bit_i_1_n_0
    SLICE_X0Y13          FDRE                                         r  uart_tx_parity_bit_mod/par_bit_reg/D
  -------------------------------------------------------------------    -------------------

                         (clock sys_clk_pin rise edge)
                                                      0.000     0.000 r  
    W5                                                0.000     0.000 r  clk (IN)
                         net (fo=0)                   0.000     0.000    clk
    W5                                                                r  clk_IBUF_inst/I
    W5                   IBUF (Prop_ibuf_I_O)         0.414     0.414 r  clk_IBUF_inst/O
                         net (fo=1, routed)           0.685     1.099    clk_IBUF
    BUFGCTRL_X0Y0                                                     r  clk_IBUF_BUFG_inst/I
    BUFGCTRL_X0Y0        BUFG (Prop_bufg_I_O)         0.029     1.128 r  clk_IBUF_BUFG_inst/O
                         net (fo=11, routed)          0.861     1.988    uart_tx_parity_bit_mod/CLK
    SLICE_X0Y13          FDRE                                         r  uart_tx_parity_bit_mod/par_bit_reg/C

Slack:                    inf
  Source:                 rst_n
                            (input port)
  Destination:            uart_tx_serializer_mod/ser_counter_reg[1]/D
                            (rising edge-triggered cell FDCE clocked by sys_clk_pin  {rise@0.000ns fall@5.000ns period=40.000ns})
  Path Group:             (none)
  Path Type:              Hold (Min at Fast Process Corner)
  Data Path Delay:        0.784ns  (logic 0.255ns (32.475%)  route 0.529ns (67.525%))
  Logic Levels:           2  (IBUF=1 LUT5=1)
  Clock Path Skew:        1.989ns (DCD - SCD - CPR)
    Destination Clock Delay (DCD):    1.989ns
    Source Clock Delay      (SCD):    0.000ns
    Clock Pessimism Removal (CPR):    -0.000ns

    Location             Delay type                Incr(ns)  Path(ns)    Netlist Resource(s)
  -------------------------------------------------------------------    -------------------
    U18                                               0.000     0.000 r  rst_n (IN)
                         net (fo=0)                   0.000     0.000    rst_n
    U18                                                               r  rst_n_IBUF_inst/I
    U18                  IBUF (Prop_ibuf_I_O)         0.210     0.210 r  rst_n_IBUF_inst/O
                         net (fo=9, routed)           0.529     0.739    uart_tx_controller_mod/rst_n_IBUF
    SLICE_X1Y12                                                       r  uart_tx_controller_mod/ser_counter[1]_i_1/I2
    SLICE_X1Y12          LUT5 (Prop_lut5_I2_O)        0.045     0.784 r  uart_tx_controller_mod/ser_counter[1]_i_1/O
                         net (fo=1, routed)           0.000     0.784    uart_tx_serializer_mod/D[1]
    SLICE_X1Y12          FDCE                                         r  uart_tx_serializer_mod/ser_counter_reg[1]/D
  -------------------------------------------------------------------    -------------------

                         (clock sys_clk_pin rise edge)
                                                      0.000     0.000 r  
    W5                                                0.000     0.000 r  clk (IN)
                         net (fo=0)                   0.000     0.000    clk
    W5                                                                r  clk_IBUF_inst/I
    W5                   IBUF (Prop_ibuf_I_O)         0.414     0.414 r  clk_IBUF_inst/O
                         net (fo=1, routed)           0.685     1.099    clk_IBUF
    BUFGCTRL_X0Y0                                                     r  clk_IBUF_BUFG_inst/I
    BUFGCTRL_X0Y0        BUFG (Prop_bufg_I_O)         0.029     1.128 r  clk_IBUF_BUFG_inst/O
                         net (fo=11, routed)          0.862     1.989    uart_tx_serializer_mod/CLK
    SLICE_X1Y12          FDCE                                         r  uart_tx_serializer_mod/ser_counter_reg[1]/C

Slack:                    inf
  Source:                 rst_n
                            (input port)
  Destination:            uart_tx_serializer_mod/ser_data_reg/D
                            (rising edge-triggered cell FDCE clocked by sys_clk_pin  {rise@0.000ns fall@5.000ns period=40.000ns})
  Path Group:             (none)
  Path Type:              Hold (Min at Fast Process Corner)
  Data Path Delay:        0.795ns  (logic 0.255ns (32.029%)  route 0.540ns (67.971%))
  Logic Levels:           2  (IBUF=1 LUT6=1)
  Clock Path Skew:        1.989ns (DCD - SCD - CPR)
    Destination Clock Delay (DCD):    1.989ns
    Source Clock Delay      (SCD):    0.000ns
    Clock Pessimism Removal (CPR):    -0.000ns

    Location             Delay type                Incr(ns)  Path(ns)    Netlist Resource(s)
  -------------------------------------------------------------------    -------------------
    U18                                               0.000     0.000 f  rst_n (IN)
                         net (fo=0)                   0.000     0.000    rst_n
    U18                                                               f  rst_n_IBUF_inst/I
    U18                  IBUF (Prop_ibuf_I_O)         0.210     0.210 f  rst_n_IBUF_inst/O
                         net (fo=9, routed)           0.540     0.750    uart_tx_serializer_mod/rst_n_IBUF
    SLICE_X0Y12                                                       f  uart_tx_serializer_mod/ser_data_i_1/I5
    SLICE_X0Y12          LUT6 (Prop_lut6_I5_O)        0.045     0.795 r  uart_tx_serializer_mod/ser_data_i_1/O
                         net (fo=1, routed)           0.000     0.795    uart_tx_serializer_mod/ser_data_i_1_n_0
    SLICE_X0Y12          FDCE                                         r  uart_tx_serializer_mod/ser_data_reg/D
  -------------------------------------------------------------------    -------------------

                         (clock sys_clk_pin rise edge)
                                                      0.000     0.000 r  
    W5                                                0.000     0.000 r  clk (IN)
                         net (fo=0)                   0.000     0.000    clk
    W5                                                                r  clk_IBUF_inst/I
    W5                   IBUF (Prop_ibuf_I_O)         0.414     0.414 r  clk_IBUF_inst/O
                         net (fo=1, routed)           0.685     1.099    clk_IBUF
    BUFGCTRL_X0Y0                                                     r  clk_IBUF_BUFG_inst/I
    BUFGCTRL_X0Y0        BUFG (Prop_bufg_I_O)         0.029     1.128 r  clk_IBUF_BUFG_inst/O
                         net (fo=11, routed)          0.862     1.989    uart_tx_serializer_mod/CLK
    SLICE_X0Y12          FDCE                                         r  uart_tx_serializer_mod/ser_data_reg/C

Slack:                    inf
  Source:                 rst_n
                            (input port)
  Destination:            uart_tx_serializer_mod/ser_counter_reg[2]/D
                            (rising edge-triggered cell FDCE clocked by sys_clk_pin  {rise@0.000ns fall@5.000ns period=40.000ns})
  Path Group:             (none)
  Path Type:              Hold (Min at Fast Process Corner)
  Data Path Delay:        0.848ns  (logic 0.255ns (30.023%)  route 0.593ns (69.977%))
  Logic Levels:           2  (IBUF=1 LUT6=1)
  Clock Path Skew:        1.989ns (DCD - SCD - CPR)
    Destination Clock Delay (DCD):    1.989ns
    Source Clock Delay      (SCD):    0.000ns
    Clock Pessimism Removal (CPR):    -0.000ns

    Location             Delay type                Incr(ns)  Path(ns)    Netlist Resource(s)
  -------------------------------------------------------------------    -------------------
    U18                                               0.000     0.000 r  rst_n (IN)
                         net (fo=0)                   0.000     0.000    rst_n
    U18                                                               r  rst_n_IBUF_inst/I
    U18                  IBUF (Prop_ibuf_I_O)         0.210     0.210 r  rst_n_IBUF_inst/O
                         net (fo=9, routed)           0.593     0.803    uart_tx_serializer_mod/rst_n_IBUF
    SLICE_X1Y12                                                       r  uart_tx_serializer_mod/ser_counter[2]_i_1/I2
    SLICE_X1Y12          LUT6 (Prop_lut6_I2_O)        0.045     0.848 r  uart_tx_serializer_mod/ser_counter[2]_i_1/O
                         net (fo=1, routed)           0.000     0.848    uart_tx_serializer_mod/ser_counter[2]_i_1_n_0
    SLICE_X1Y12          FDCE                                         r  uart_tx_serializer_mod/ser_counter_reg[2]/D
  -------------------------------------------------------------------    -------------------

                         (clock sys_clk_pin rise edge)
                                                      0.000     0.000 r  
    W5                                                0.000     0.000 r  clk (IN)
                         net (fo=0)                   0.000     0.000    clk
    W5                                                                r  clk_IBUF_inst/I
    W5                   IBUF (Prop_ibuf_I_O)         0.414     0.414 r  clk_IBUF_inst/O
                         net (fo=1, routed)           0.685     1.099    clk_IBUF
    BUFGCTRL_X0Y0                                                     r  clk_IBUF_BUFG_inst/I
    BUFGCTRL_X0Y0        BUFG (Prop_bufg_I_O)         0.029     1.128 r  clk_IBUF_BUFG_inst/O
                         net (fo=11, routed)          0.862     1.989    uart_tx_serializer_mod/CLK
    SLICE_X1Y12          FDCE                                         r  uart_tx_serializer_mod/ser_counter_reg[2]/C

Slack:                    inf
  Source:                 rst_n
                            (input port)
  Destination:            uart_tx_controller_mod/FSM_onehot_state_reg[0]/S
                            (rising edge-triggered cell FDSE clocked by sys_clk_pin  {rise@0.000ns fall@5.000ns period=40.000ns})
  Path Group:             (none)
  Path Type:              Hold (Min at Fast Process Corner)
  Data Path Delay:        0.965ns  (logic 0.255ns (26.368%)  route 0.711ns (73.632%))
  Logic Levels:           2  (IBUF=1 LUT1=1)
  Clock Path Skew:        1.987ns (DCD - SCD - CPR)
    Destination Clock Delay (DCD):    1.987ns
    Source Clock Delay      (SCD):    0.000ns
    Clock Pessimism Removal (CPR):    -0.000ns

    Location             Delay type                Incr(ns)  Path(ns)    Netlist Resource(s)
  -------------------------------------------------------------------    -------------------
    U18                                               0.000     0.000 f  rst_n (IN)
                         net (fo=0)                   0.000     0.000    rst_n
    U18                                                               f  rst_n_IBUF_inst/I
    U18                  IBUF (Prop_ibuf_I_O)         0.210     0.210 f  rst_n_IBUF_inst/O
                         net (fo=9, routed)           0.517     0.726    uart_tx_controller_mod/rst_n_IBUF
    SLICE_X0Y13                                                       f  uart_tx_controller_mod/FSM_onehot_state[4]_i_1/I0
    SLICE_X0Y13          LUT1 (Prop_lut1_I0_O)        0.045     0.771 r  uart_tx_controller_mod/FSM_onehot_state[4]_i_1/O
                         net (fo=10, routed)          0.194     0.965    uart_tx_controller_mod/SS[0]
    SLICE_X1Y15          FDSE                                         r  uart_tx_controller_mod/FSM_onehot_state_reg[0]/S
  -------------------------------------------------------------------    -------------------

                         (clock sys_clk_pin rise edge)
                                                      0.000     0.000 r  
    W5                                                0.000     0.000 r  clk (IN)
                         net (fo=0)                   0.000     0.000    clk
    W5                                                                r  clk_IBUF_inst/I
    W5                   IBUF (Prop_ibuf_I_O)         0.414     0.414 r  clk_IBUF_inst/O
                         net (fo=1, routed)           0.685     1.099    clk_IBUF
    BUFGCTRL_X0Y0                                                     r  clk_IBUF_BUFG_inst/I
    BUFGCTRL_X0Y0        BUFG (Prop_bufg_I_O)         0.029     1.128 r  clk_IBUF_BUFG_inst/O
                         net (fo=11, routed)          0.860     1.987    uart_tx_controller_mod/CLK
    SLICE_X1Y15          FDSE                                         r  uart_tx_controller_mod/FSM_onehot_state_reg[0]/C

Slack:                    inf
  Source:                 rst_n
                            (input port)
  Destination:            uart_tx_controller_mod/FSM_onehot_state_reg[1]/R
                            (rising edge-triggered cell FDRE clocked by sys_clk_pin  {rise@0.000ns fall@5.000ns period=40.000ns})
  Path Group:             (none)
  Path Type:              Hold (Min at Fast Process Corner)
  Data Path Delay:        0.965ns  (logic 0.255ns (26.368%)  route 0.711ns (73.632%))
  Logic Levels:           2  (IBUF=1 LUT1=1)
  Clock Path Skew:        1.987ns (DCD - SCD - CPR)
    Destination Clock Delay (DCD):    1.987ns
    Source Clock Delay      (SCD):    0.000ns
    Clock Pessimism Removal (CPR):    -0.000ns

    Location             Delay type                Incr(ns)  Path(ns)    Netlist Resource(s)
  -------------------------------------------------------------------    -------------------
    U18                                               0.000     0.000 f  rst_n (IN)
                         net (fo=0)                   0.000     0.000    rst_n
    U18                                                               f  rst_n_IBUF_inst/I
    U18                  IBUF (Prop_ibuf_I_O)         0.210     0.210 f  rst_n_IBUF_inst/O
                         net (fo=9, routed)           0.517     0.726    uart_tx_controller_mod/rst_n_IBUF
    SLICE_X0Y13                                                       f  uart_tx_controller_mod/FSM_onehot_state[4]_i_1/I0
    SLICE_X0Y13          LUT1 (Prop_lut1_I0_O)        0.045     0.771 r  uart_tx_controller_mod/FSM_onehot_state[4]_i_1/O
                         net (fo=10, routed)          0.194     0.965    uart_tx_controller_mod/SS[0]
    SLICE_X1Y15          FDRE                                         r  uart_tx_controller_mod/FSM_onehot_state_reg[1]/R
  -------------------------------------------------------------------    -------------------

                         (clock sys_clk_pin rise edge)
                                                      0.000     0.000 r  
    W5                                                0.000     0.000 r  clk (IN)
                         net (fo=0)                   0.000     0.000    clk
    W5                                                                r  clk_IBUF_inst/I
    W5                   IBUF (Prop_ibuf_I_O)         0.414     0.414 r  clk_IBUF_inst/O
                         net (fo=1, routed)           0.685     1.099    clk_IBUF
    BUFGCTRL_X0Y0                                                     r  clk_IBUF_BUFG_inst/I
    BUFGCTRL_X0Y0        BUFG (Prop_bufg_I_O)         0.029     1.128 r  clk_IBUF_BUFG_inst/O
                         net (fo=11, routed)          0.860     1.987    uart_tx_controller_mod/CLK
    SLICE_X1Y15          FDRE                                         r  uart_tx_controller_mod/FSM_onehot_state_reg[1]/C

Slack:                    inf
  Source:                 rst_n
                            (input port)
  Destination:            uart_tx_controller_mod/FSM_onehot_state_reg[2]/R
                            (rising edge-triggered cell FDRE clocked by sys_clk_pin  {rise@0.000ns fall@5.000ns period=40.000ns})
  Path Group:             (none)
  Path Type:              Hold (Min at Fast Process Corner)
  Data Path Delay:        0.965ns  (logic 0.255ns (26.368%)  route 0.711ns (73.632%))
  Logic Levels:           2  (IBUF=1 LUT1=1)
  Clock Path Skew:        1.987ns (DCD - SCD - CPR)
    Destination Clock Delay (DCD):    1.987ns
    Source Clock Delay      (SCD):    0.000ns
    Clock Pessimism Removal (CPR):    -0.000ns

    Location             Delay type                Incr(ns)  Path(ns)    Netlist Resource(s)
  -------------------------------------------------------------------    -------------------
    U18                                               0.000     0.000 f  rst_n (IN)
                         net (fo=0)                   0.000     0.000    rst_n
    U18                                                               f  rst_n_IBUF_inst/I
    U18                  IBUF (Prop_ibuf_I_O)         0.210     0.210 f  rst_n_IBUF_inst/O
                         net (fo=9, routed)           0.517     0.726    uart_tx_controller_mod/rst_n_IBUF
    SLICE_X0Y13                                                       f  uart_tx_controller_mod/FSM_onehot_state[4]_i_1/I0
    SLICE_X0Y13          LUT1 (Prop_lut1_I0_O)        0.045     0.771 r  uart_tx_controller_mod/FSM_onehot_state[4]_i_1/O
                         net (fo=10, routed)          0.194     0.965    uart_tx_controller_mod/SS[0]
    SLICE_X1Y15          FDRE                                         r  uart_tx_controller_mod/FSM_onehot_state_reg[2]/R
  -------------------------------------------------------------------    -------------------

                         (clock sys_clk_pin rise edge)
                                                      0.000     0.000 r  
    W5                                                0.000     0.000 r  clk (IN)
                         net (fo=0)                   0.000     0.000    clk
    W5                                                                r  clk_IBUF_inst/I
    W5                   IBUF (Prop_ibuf_I_O)         0.414     0.414 r  clk_IBUF_inst/O
                         net (fo=1, routed)           0.685     1.099    clk_IBUF
    BUFGCTRL_X0Y0                                                     r  clk_IBUF_BUFG_inst/I
    BUFGCTRL_X0Y0        BUFG (Prop_bufg_I_O)         0.029     1.128 r  clk_IBUF_BUFG_inst/O
                         net (fo=11, routed)          0.860     1.987    uart_tx_controller_mod/CLK
    SLICE_X1Y15          FDRE                                         r  uart_tx_controller_mod/FSM_onehot_state_reg[2]/C

Slack:                    inf
  Source:                 rst_n
                            (input port)
  Destination:            uart_tx_controller_mod/FSM_onehot_state_reg[4]/R
                            (rising edge-triggered cell FDRE clocked by sys_clk_pin  {rise@0.000ns fall@5.000ns period=40.000ns})
  Path Group:             (none)
  Path Type:              Hold (Min at Fast Process Corner)
  Data Path Delay:        0.965ns  (logic 0.255ns (26.368%)  route 0.711ns (73.632%))
  Logic Levels:           2  (IBUF=1 LUT1=1)
  Clock Path Skew:        1.987ns (DCD - SCD - CPR)
    Destination Clock Delay (DCD):    1.987ns
    Source Clock Delay      (SCD):    0.000ns
    Clock Pessimism Removal (CPR):    -0.000ns

    Location             Delay type                Incr(ns)  Path(ns)    Netlist Resource(s)
  -------------------------------------------------------------------    -------------------
    U18                                               0.000     0.000 f  rst_n (IN)
                         net (fo=0)                   0.000     0.000    rst_n
    U18                                                               f  rst_n_IBUF_inst/I
    U18                  IBUF (Prop_ibuf_I_O)         0.210     0.210 f  rst_n_IBUF_inst/O
                         net (fo=9, routed)           0.517     0.726    uart_tx_controller_mod/rst_n_IBUF
    SLICE_X0Y13                                                       f  uart_tx_controller_mod/FSM_onehot_state[4]_i_1/I0
    SLICE_X0Y13          LUT1 (Prop_lut1_I0_O)        0.045     0.771 r  uart_tx_controller_mod/FSM_onehot_state[4]_i_1/O
                         net (fo=10, routed)          0.194     0.965    uart_tx_controller_mod/SS[0]
    SLICE_X1Y15          FDRE                                         r  uart_tx_controller_mod/FSM_onehot_state_reg[4]/R
  -------------------------------------------------------------------    -------------------

                         (clock sys_clk_pin rise edge)
                                                      0.000     0.000 r  
    W5                                                0.000     0.000 r  clk (IN)
                         net (fo=0)                   0.000     0.000    clk
    W5                                                                r  clk_IBUF_inst/I
    W5                   IBUF (Prop_ibuf_I_O)         0.414     0.414 r  clk_IBUF_inst/O
                         net (fo=1, routed)           0.685     1.099    clk_IBUF
    BUFGCTRL_X0Y0                                                     r  clk_IBUF_BUFG_inst/I
    BUFGCTRL_X0Y0        BUFG (Prop_bufg_I_O)         0.029     1.128 r  clk_IBUF_BUFG_inst/O
                         net (fo=11, routed)          0.860     1.987    uart_tx_controller_mod/CLK
    SLICE_X1Y15          FDRE                                         r  uart_tx_controller_mod/FSM_onehot_state_reg[4]/C

Slack:                    inf
  Source:                 rst_n
                            (input port)
  Destination:            uart_tx_serializer_mod/ser_counter_reg[0]/CLR
                            (removal check against rising-edge clock sys_clk_pin  {rise@0.000ns fall@5.000ns period=40.000ns})
  Path Group:             (none)
  Path Type:              Removal (Min at Fast Process Corner)
  Data Path Delay:        0.966ns  (logic 0.255ns (26.349%)  route 0.711ns (73.651%))
  Logic Levels:           2  (IBUF=1 LUT1=1)
  Clock Path Skew:        1.989ns (DCD - SCD - CPR)
    Destination Clock Delay (DCD):    1.989ns
    Source Clock Delay      (SCD):    0.000ns
    Clock Pessimism Removal (CPR):    -0.000ns

    Location             Delay type                Incr(ns)  Path(ns)    Netlist Resource(s)
  -------------------------------------------------------------------    -------------------
    U18                                               0.000     0.000 r  rst_n (IN)
                         net (fo=0)                   0.000     0.000    rst_n
    U18                                                               r  rst_n_IBUF_inst/I
    U18                  IBUF (Prop_ibuf_I_O)         0.210     0.210 r  rst_n_IBUF_inst/O
                         net (fo=9, routed)           0.517     0.726    uart_tx_controller_mod/rst_n_IBUF
    SLICE_X0Y13                                                       r  uart_tx_controller_mod/FSM_onehot_state[4]_i_1/I0
    SLICE_X0Y13          LUT1 (Prop_lut1_I0_O)        0.045     0.771 f  uart_tx_controller_mod/FSM_onehot_state[4]_i_1/O
                         net (fo=10, routed)          0.195     0.966    uart_tx_serializer_mod/SS[0]
    SLICE_X1Y12          FDCE                                         f  uart_tx_serializer_mod/ser_counter_reg[0]/CLR
  -------------------------------------------------------------------    -------------------

                         (clock sys_clk_pin rise edge)
                                                      0.000     0.000 r  
    W5                                                0.000     0.000 r  clk (IN)
                         net (fo=0)                   0.000     0.000    clk
    W5                                                                r  clk_IBUF_inst/I
    W5                   IBUF (Prop_ibuf_I_O)         0.414     0.414 r  clk_IBUF_inst/O
                         net (fo=1, routed)           0.685     1.099    clk_IBUF
    BUFGCTRL_X0Y0                                                     r  clk_IBUF_BUFG_inst/I
    BUFGCTRL_X0Y0        BUFG (Prop_bufg_I_O)         0.029     1.128 r  clk_IBUF_BUFG_inst/O
                         net (fo=11, routed)          0.862     1.989    uart_tx_serializer_mod/CLK
    SLICE_X1Y12          FDCE                                         r  uart_tx_serializer_mod/ser_counter_reg[0]/C





