Copyright 1986-2018 Xilinx, Inc. All Rights Reserved.
--------------------------------------------------------------------------------------------------------------------------------------------------------------------------------------------------------------------------------------------------------
| Tool Version : Vivado v.2018.2 (win64) Build 2258646 Thu Jun 14 20:03:12 MDT 2018
| Date         : Thu Jul 30 23:22:11 2026
| Host         : Mo-AZ running 64-bit major release  (build 9200)
| Command      : report_timing_summary -delay_type min_max -report_unconstrained -check_timing_verbose -max_paths 10 -input_pins -routable_nets -name timing_1 -file {D:/Digital IC/9_Projects/UART/UART_RX/FPGA_Flow/Implementation/timing_report.rpt}
| Design       : uart_rx
| Device       : 7a35t-cpg236
| Speed File   : -1  PRODUCTION 1.22 2018-03-21
--------------------------------------------------------------------------------------------------------------------------------------------------------------------------------------------------------------------------------------------------------

Timing Summary Report

------------------------------------------------------------------------------------------------
| Timer Settings
| --------------
------------------------------------------------------------------------------------------------

  Enable Multi Corner Analysis               :  Yes
  Enable Pessimism Removal                   :  Yes
  Pessimism Removal Resolution               :  Nearest Common Node
  Enable Input Delay Default Clock           :  No
  Enable Preset / Clear Arcs                 :  No
  Disable Flight Delays                      :  No
  Ignore I/O Paths                           :  No
  Timing Early Launch at Borrowing Latches   :  false

  Corner  Analyze    Analyze    
  Name    Max Paths  Min Paths  
  ------  ---------  ---------  
  Slow    Yes        Yes        
  Fast    Yes        Yes        



check_timing report

Table of Contents
-----------------
1. checking no_clock
2. checking constant_clock
3. checking pulse_width_clock
4. checking unconstrained_internal_endpoints
5. checking no_input_delay
6. checking no_output_delay
7. checking multiple_clock
8. checking generated_clocks
9. checking loops
10. checking partial_input_delay
11. checking partial_output_delay
12. checking latch_loops

1. checking no_clock
--------------------
 There are 0 register/latch pins with no clock.


2. checking constant_clock
--------------------------
 There are 0 register/latch pins with constant_clock.


3. checking pulse_width_clock
-----------------------------
 There are 0 register/latch pins which need pulse_width check


4. checking unconstrained_internal_endpoints
--------------------------------------------
 There are 0 pins that are not constrained for maximum delay.

 There are 0 pins that are not constrained for maximum delay due to constant clock.


5. checking no_input_delay
--------------------------
 There are 4 input ports with no input delay specified. (HIGH)

par_en
par_typ
rst_n
rx_in

 There are 0 input ports with no input delay but user has a false path constraint.


6. checking no_output_delay
---------------------------
 There are 11 ports with no output delay specified. (HIGH)

data_valid
p_data[0]
p_data[1]
p_data[2]
p_data[3]
p_data[4]
p_data[5]
p_data[6]
p_data[7]
p_data[8]
p_data[9]

 There are 0 ports with no output delay but user has a false path constraint

 There are 0 ports with no output delay but with a timing clock defined on it or propagating through it


7. checking multiple_clock
--------------------------
 There are 0 register/latch pins with multiple clocks.


8. checking generated_clocks
----------------------------
 There are 0 generated clocks that are not connected to a clock source.


9. checking loops
-----------------
 There are 0 combinational loops in the design.


10. checking partial_input_delay
--------------------------------
 There are 0 input ports with partial input delay specified.


11. checking partial_output_delay
---------------------------------
 There are 0 ports with partial output delay specified.


12. checking latch_loops
------------------------
 There are 0 combinational latch loops in the design through latch input



------------------------------------------------------------------------------------------------
| Design Timing Summary
| ---------------------
------------------------------------------------------------------------------------------------

    WNS(ns)      TNS(ns)  TNS Failing Endpoints  TNS Total Endpoints      WHS(ns)      THS(ns)  THS Failing Endpoints  THS Total Endpoints     WPWS(ns)     TPWS(ns)  TPWS Failing Endpoints  TPWS Total Endpoints  
    -------      -------  ---------------------  -------------------      -------      -------  ---------------------  -------------------     --------     --------  ----------------------  --------------------  
      6.493        0.000                      0                   38        0.143        0.000                      0                   38        4.500        0.000                       0                    32  


All user specified timing constraints are met.


------------------------------------------------------------------------------------------------
| Clock Summary
| -------------
------------------------------------------------------------------------------------------------

Clock        Waveform(ns)       Period(ns)      Frequency(MHz)
-----        ------------       ----------      --------------
sys_clk_pin  {0.000 5.000}      10.000          100.000         


------------------------------------------------------------------------------------------------
| Intra Clock Table
| -----------------
------------------------------------------------------------------------------------------------

Clock             WNS(ns)      TNS(ns)  TNS Failing Endpoints  TNS Total Endpoints      WHS(ns)      THS(ns)  THS Failing Endpoints  THS Total Endpoints     WPWS(ns)     TPWS(ns)  TPWS Failing Endpoints  TPWS Total Endpoints  
-----             -------      -------  ---------------------  -------------------      -------      -------  ---------------------  -------------------     --------     --------  ----------------------  --------------------  
sys_clk_pin         6.493        0.000                      0                   38        0.143        0.000                      0                   38        4.500        0.000                       0                    32  


------------------------------------------------------------------------------------------------
| Inter Clock Table
| -----------------
------------------------------------------------------------------------------------------------

From Clock    To Clock          WNS(ns)      TNS(ns)  TNS Failing Endpoints  TNS Total Endpoints      WHS(ns)      THS(ns)  THS Failing Endpoints  THS Total Endpoints  
----------    --------          -------      -------  ---------------------  -------------------      -------      -------  ---------------------  -------------------  


------------------------------------------------------------------------------------------------
| Other Path Groups Table
| -----------------------
------------------------------------------------------------------------------------------------

Path Group    From Clock    To Clock          WNS(ns)      TNS(ns)  TNS Failing Endpoints  TNS Total Endpoints      WHS(ns)      THS(ns)  THS Failing Endpoints  THS Total Endpoints  
----------    ----------    --------          -------      -------  ---------------------  -------------------      -------      -------  ---------------------  -------------------  


------------------------------------------------------------------------------------------------
| User Ignored Path Table
| -----------------------
------------------------------------------------------------------------------------------------

Path Group    From Clock    To Clock    
----------    ----------    --------    


------------------------------------------------------------------------------------------------
| Unconstrained Path Table
| ------------------------
------------------------------------------------------------------------------------------------

Path Group    From Clock    To Clock    
----------    ----------    --------    
(none)                                    
(none)        sys_clk_pin                 
(none)                      sys_clk_pin   


------------------------------------------------------------------------------------------------
| Timing Details
| --------------
------------------------------------------------------------------------------------------------


---------------------------------------------------------------------------------------------------
From Clock:  sys_clk_pin
  To Clock:  sys_clk_pin

Setup :            0  Failing Endpoints,  Worst Slack        6.493ns,  Total Violation        0.000ns
Hold  :            0  Failing Endpoints,  Worst Slack        0.143ns,  Total Violation        0.000ns
PW    :            0  Failing Endpoints,  Worst Slack        4.500ns,  Total Violation        0.000ns
---------------------------------------------------------------------------------------------------


Max Delay Paths
--------------------------------------------------------------------------------------
Slack (MET) :             6.493ns  (required time - arrival time)
  Source:                 uart_rx_controller_blk/FSM_onehot_state_reg[2]/C
                            (rising edge-triggered cell FDRE clocked by sys_clk_pin  {rise@0.000ns fall@5.000ns period=10.000ns})
  Destination:            uart_rx_data_sampling_blk/three_samps_data_reg[0]/CE
                            (rising edge-triggered cell FDCE clocked by sys_clk_pin  {rise@0.000ns fall@5.000ns period=10.000ns})
  Path Group:             sys_clk_pin
  Path Type:              Setup (Max at Slow Process Corner)
  Requirement:            10.000ns  (sys_clk_pin rise@10.000ns - sys_clk_pin rise@0.000ns)
  Data Path Delay:        3.038ns  (logic 0.730ns (24.030%)  route 2.308ns (75.970%))
  Logic Levels:           2  (LUT4=2)
  Clock Path Skew:        -0.025ns (DCD - SCD + CPR)
    Destination Clock Delay (DCD):    4.778ns = ( 14.778 - 10.000 ) 
    Source Clock Delay      (SCD):    5.078ns
    Clock Pessimism Removal (CPR):    0.275ns
  Clock Uncertainty:      0.035ns  ((TSJ^2 + TIJ^2)^1/2 + DJ) / 2 + PE
    Total System Jitter     (TSJ):    0.071ns
    Total Input Jitter      (TIJ):    0.000ns
    Discrete Jitter          (DJ):    0.000ns
    Phase Error              (PE):    0.000ns

    Location             Delay type                Incr(ns)  Path(ns)    Netlist Resource(s)
  -------------------------------------------------------------------    -------------------
                         (clock sys_clk_pin rise edge)
                                                      0.000     0.000 r  
    W5                                                0.000     0.000 r  clk (IN)
                         net (fo=0)                   0.000     0.000    clk
    W5                                                                r  clk_IBUF_inst/I
    W5                   IBUF (Prop_ibuf_I_O)         1.458     1.458 r  clk_IBUF_inst/O
                         net (fo=1, routed)           1.967     3.425    clk_IBUF
    BUFGCTRL_X0Y0                                                     r  clk_IBUF_BUFG_inst/I
    BUFGCTRL_X0Y0        BUFG (Prop_bufg_I_O)         0.096     3.521 r  clk_IBUF_BUFG_inst/O
                         net (fo=31, routed)          1.557     5.078    uart_rx_controller_blk/CLK
    SLICE_X32Y16         FDRE                                         r  uart_rx_controller_blk/FSM_onehot_state_reg[2]/C
  -------------------------------------------------------------------    -------------------
    SLICE_X32Y16         FDRE (Prop_fdre_C_Q)         0.456     5.534 r  uart_rx_controller_blk/FSM_onehot_state_reg[2]/Q
                         net (fo=6, routed)           0.847     6.382    uart_rx_controller_blk/out[2]
    SLICE_X31Y16                                                      r  uart_rx_controller_blk/edge_cnt[2]_i_2/I1
    SLICE_X31Y16         LUT4 (Prop_lut4_I1_O)        0.124     6.506 r  uart_rx_controller_blk/edge_cnt[2]_i_2/O
                         net (fo=11, routed)          0.889     7.395    uart_rx_counters_blk/FSM_onehot_state_reg[1]
    SLICE_X30Y17                                                      r  uart_rx_counters_blk/three_samps_data[0]_i_1/I0
    SLICE_X30Y17         LUT4 (Prop_lut4_I0_O)        0.150     7.545 r  uart_rx_counters_blk/three_samps_data[0]_i_1/O
                         net (fo=1, routed)           0.572     8.116    uart_rx_data_sampling_blk/E[0]
    SLICE_X31Y17         FDCE                                         r  uart_rx_data_sampling_blk/three_samps_data_reg[0]/CE
  -------------------------------------------------------------------    -------------------

                         (clock sys_clk_pin rise edge)
                                                     10.000    10.000 r  
    W5                                                0.000    10.000 r  clk (IN)
                         net (fo=0)                   0.000    10.000    clk
    W5                                                                r  clk_IBUF_inst/I
    W5                   IBUF (Prop_ibuf_I_O)         1.388    11.388 r  clk_IBUF_inst/O
                         net (fo=1, routed)           1.862    13.250    clk_IBUF
    BUFGCTRL_X0Y0                                                     r  clk_IBUF_BUFG_inst/I
    BUFGCTRL_X0Y0        BUFG (Prop_bufg_I_O)         0.091    13.341 r  clk_IBUF_BUFG_inst/O
                         net (fo=31, routed)          1.437    14.778    uart_rx_data_sampling_blk/CLK
    SLICE_X31Y17         FDCE                                         r  uart_rx_data_sampling_blk/three_samps_data_reg[0]/C
                         clock pessimism              0.275    15.053    
                         clock uncertainty           -0.035    15.018    
    SLICE_X31Y17         FDCE (Setup_fdce_C_CE)      -0.409    14.609    uart_rx_data_sampling_blk/three_samps_data_reg[0]
  -------------------------------------------------------------------
                         required time                         14.609    
                         arrival time                          -8.116    
  -------------------------------------------------------------------
                         slack                                  6.493    

Slack (MET) :             6.658ns  (required time - arrival time)
  Source:                 uart_rx_controller_blk/FSM_onehot_state_reg[2]/C
                            (rising edge-triggered cell FDRE clocked by sys_clk_pin  {rise@0.000ns fall@5.000ns period=10.000ns})
  Destination:            uart_rx_data_sampling_blk/three_samps_data_reg[1]/CE
                            (rising edge-triggered cell FDCE clocked by sys_clk_pin  {rise@0.000ns fall@5.000ns period=10.000ns})
  Path Group:             sys_clk_pin
  Path Type:              Setup (Max at Slow Process Corner)
  Requirement:            10.000ns  (sys_clk_pin rise@10.000ns - sys_clk_pin rise@0.000ns)
  Data Path Delay:        2.876ns  (logic 0.732ns (25.453%)  route 2.144ns (74.547%))
  Logic Levels:           2  (LUT4=2)
  Clock Path Skew:        -0.024ns (DCD - SCD + CPR)
    Destination Clock Delay (DCD):    4.779ns = ( 14.779 - 10.000 ) 
    Source Clock Delay      (SCD):    5.078ns
    Clock Pessimism Removal (CPR):    0.275ns
  Clock Uncertainty:      0.035ns  ((TSJ^2 + TIJ^2)^1/2 + DJ) / 2 + PE
    Total System Jitter     (TSJ):    0.071ns
    Total Input Jitter      (TIJ):    0.000ns
    Discrete Jitter          (DJ):    0.000ns
    Phase Error              (PE):    0.000ns

    Location             Delay type                Incr(ns)  Path(ns)    Netlist Resource(s)
  -------------------------------------------------------------------    -------------------
                         (clock sys_clk_pin rise edge)
                                                      0.000     0.000 r  
    W5                                                0.000     0.000 r  clk (IN)
                         net (fo=0)                   0.000     0.000    clk
    W5                                                                r  clk_IBUF_inst/I
    W5                   IBUF (Prop_ibuf_I_O)         1.458     1.458 r  clk_IBUF_inst/O
                         net (fo=1, routed)           1.967     3.425    clk_IBUF
    BUFGCTRL_X0Y0                                                     r  clk_IBUF_BUFG_inst/I
    BUFGCTRL_X0Y0        BUFG (Prop_bufg_I_O)         0.096     3.521 r  clk_IBUF_BUFG_inst/O
                         net (fo=31, routed)          1.557     5.078    uart_rx_controller_blk/CLK
    SLICE_X32Y16         FDRE                                         r  uart_rx_controller_blk/FSM_onehot_state_reg[2]/C
  -------------------------------------------------------------------    -------------------
    SLICE_X32Y16         FDRE (Prop_fdre_C_Q)         0.456     5.534 r  uart_rx_controller_blk/FSM_onehot_state_reg[2]/Q
                         net (fo=6, routed)           0.847     6.382    uart_rx_controller_blk/out[2]
    SLICE_X31Y16                                                      r  uart_rx_controller_blk/edge_cnt[2]_i_2/I1
    SLICE_X31Y16         LUT4 (Prop_lut4_I1_O)        0.124     6.506 r  uart_rx_controller_blk/edge_cnt[2]_i_2/O
                         net (fo=11, routed)          0.725     7.230    uart_rx_counters_blk/FSM_onehot_state_reg[1]
    SLICE_X31Y16                                                      r  uart_rx_counters_blk/three_samps_data[1]_i_1/I0
    SLICE_X31Y16         LUT4 (Prop_lut4_I0_O)        0.152     7.382 r  uart_rx_counters_blk/three_samps_data[1]_i_1/O
                         net (fo=1, routed)           0.572     7.954    uart_rx_data_sampling_blk/E[1]
    SLICE_X31Y16         FDCE                                         r  uart_rx_data_sampling_blk/three_samps_data_reg[1]/CE
  -------------------------------------------------------------------    -------------------

                         (clock sys_clk_pin rise edge)
                                                     10.000    10.000 r  
    W5                                                0.000    10.000 r  clk (IN)
                         net (fo=0)                   0.000    10.000    clk
    W5                                                                r  clk_IBUF_inst/I
    W5                   IBUF (Prop_ibuf_I_O)         1.388    11.388 r  clk_IBUF_inst/O
                         net (fo=1, routed)           1.862    13.250    clk_IBUF
    BUFGCTRL_X0Y0                                                     r  clk_IBUF_BUFG_inst/I
    BUFGCTRL_X0Y0        BUFG (Prop_bufg_I_O)         0.091    13.341 r  clk_IBUF_BUFG_inst/O
                         net (fo=31, routed)          1.438    14.779    uart_rx_data_sampling_blk/CLK
    SLICE_X31Y16         FDCE                                         r  uart_rx_data_sampling_blk/three_samps_data_reg[1]/C
                         clock pessimism              0.275    15.054    
                         clock uncertainty           -0.035    15.019    
    SLICE_X31Y16         FDCE (Setup_fdce_C_CE)      -0.407    14.612    uart_rx_data_sampling_blk/three_samps_data_reg[1]
  -------------------------------------------------------------------
                         required time                         14.612    
                         arrival time                          -7.954    
  -------------------------------------------------------------------
                         slack                                  6.658    

Slack (MET) :             6.821ns  (required time - arrival time)
  Source:                 uart_rx_controller_blk/FSM_onehot_state_reg[5]/C
                            (rising edge-triggered cell FDRE clocked by sys_clk_pin  {rise@0.000ns fall@5.000ns period=10.000ns})
  Destination:            uart_rx_controller_blk/FSM_onehot_state_reg[0]/D
                            (rising edge-triggered cell FDSE clocked by sys_clk_pin  {rise@0.000ns fall@5.000ns period=10.000ns})
  Path Group:             sys_clk_pin
  Path Type:              Setup (Max at Slow Process Corner)
  Requirement:            10.000ns  (sys_clk_pin rise@10.000ns - sys_clk_pin rise@0.000ns)
  Data Path Delay:        3.220ns  (logic 0.994ns (30.866%)  route 2.226ns (69.134%))
  Logic Levels:           2  (LUT4=1 LUT6=1)
  Clock Path Skew:        0.000ns (DCD - SCD + CPR)
    Destination Clock Delay (DCD):    4.780ns = ( 14.780 - 10.000 ) 
    Source Clock Delay      (SCD):    5.079ns
    Clock Pessimism Removal (CPR):    0.299ns
  Clock Uncertainty:      0.035ns  ((TSJ^2 + TIJ^2)^1/2 + DJ) / 2 + PE
    Total System Jitter     (TSJ):    0.071ns
    Total Input Jitter      (TIJ):    0.000ns
    Discrete Jitter          (DJ):    0.000ns
    Phase Error              (PE):    0.000ns

    Location             Delay type                Incr(ns)  Path(ns)    Netlist Resource(s)
  -------------------------------------------------------------------    -------------------
                         (clock sys_clk_pin rise edge)
                                                      0.000     0.000 r  
    W5                                                0.000     0.000 r  clk (IN)
                         net (fo=0)                   0.000     0.000    clk
    W5                                                                r  clk_IBUF_inst/I
    W5                   IBUF (Prop_ibuf_I_O)         1.458     1.458 r  clk_IBUF_inst/O
                         net (fo=1, routed)           1.967     3.425    clk_IBUF
    BUFGCTRL_X0Y0                                                     r  clk_IBUF_BUFG_inst/I
    BUFGCTRL_X0Y0        BUFG (Prop_bufg_I_O)         0.096     3.521 r  clk_IBUF_BUFG_inst/O
                         net (fo=31, routed)          1.558     5.079    uart_rx_controller_blk/CLK
    SLICE_X30Y15         FDRE                                         r  uart_rx_controller_blk/FSM_onehot_state_reg[5]/C
  -------------------------------------------------------------------    -------------------
    SLICE_X30Y15         FDRE (Prop_fdre_C_Q)         0.518     5.597 r  uart_rx_controller_blk/FSM_onehot_state_reg[5]/Q
                         net (fo=21, routed)          1.085     6.682    uart_rx_counters_blk/out[4]
    SLICE_X30Y18                                                      r  uart_rx_counters_blk/FSM_onehot_state[0]_i_3/I0
    SLICE_X30Y18         LUT4 (Prop_lut4_I0_O)        0.148     6.830 r  uart_rx_counters_blk/FSM_onehot_state[0]_i_3/O
                         net (fo=1, routed)           1.142     7.972    uart_rx_counters_blk/FSM_onehot_state[0]_i_3_n_0
    SLICE_X30Y15                                                      r  uart_rx_counters_blk/FSM_onehot_state[0]_i_1/I3
    SLICE_X30Y15         LUT6 (Prop_lut6_I3_O)        0.328     8.300 r  uart_rx_counters_blk/FSM_onehot_state[0]_i_1/O
                         net (fo=1, routed)           0.000     8.300    uart_rx_controller_blk/FSM_onehot_state_reg[5]_0[0]
    SLICE_X30Y15         FDSE                                         r  uart_rx_controller_blk/FSM_onehot_state_reg[0]/D
  -------------------------------------------------------------------    -------------------

                         (clock sys_clk_pin rise edge)
                                                     10.000    10.000 r  
    W5                                                0.000    10.000 r  clk (IN)
                         net (fo=0)                   0.000    10.000    clk
    W5                                                                r  clk_IBUF_inst/I
    W5                   IBUF (Prop_ibuf_I_O)         1.388    11.388 r  clk_IBUF_inst/O
                         net (fo=1, routed)           1.862    13.250    clk_IBUF
    BUFGCTRL_X0Y0                                                     r  clk_IBUF_BUFG_inst/I
    BUFGCTRL_X0Y0        BUFG (Prop_bufg_I_O)         0.091    13.341 r  clk_IBUF_BUFG_inst/O
                         net (fo=31, routed)          1.439    14.780    uart_rx_controller_blk/CLK
    SLICE_X30Y15         FDSE                                         r  uart_rx_controller_blk/FSM_onehot_state_reg[0]/C
                         clock pessimism              0.299    15.079    
                         clock uncertainty           -0.035    15.044    
    SLICE_X30Y15         FDSE (Setup_fdse_C_D)        0.077    15.121    uart_rx_controller_blk/FSM_onehot_state_reg[0]
  -------------------------------------------------------------------
                         required time                         15.121    
                         arrival time                          -8.300    
  -------------------------------------------------------------------
                         slack                                  6.821    

Slack (MET) :             6.926ns  (required time - arrival time)
  Source:                 uart_rx_counters_blk/edge_cnt_reg[1]/C
                            (rising edge-triggered cell FDCE clocked by sys_clk_pin  {rise@0.000ns fall@5.000ns period=10.000ns})
  Destination:            uart_rx_controller_blk/FSM_onehot_state_reg[3]/D
                            (rising edge-triggered cell FDRE clocked by sys_clk_pin  {rise@0.000ns fall@5.000ns period=10.000ns})
  Path Group:             sys_clk_pin
  Path Type:              Setup (Max at Slow Process Corner)
  Requirement:            10.000ns  (sys_clk_pin rise@10.000ns - sys_clk_pin rise@0.000ns)
  Data Path Delay:        3.029ns  (logic 0.842ns (27.796%)  route 2.187ns (72.204%))
  Logic Levels:           2  (LUT3=1 LUT6=1)
  Clock Path Skew:        -0.038ns (DCD - SCD + CPR)
    Destination Clock Delay (DCD):    4.780ns = ( 14.780 - 10.000 ) 
    Source Clock Delay      (SCD):    5.078ns
    Clock Pessimism Removal (CPR):    0.260ns
  Clock Uncertainty:      0.035ns  ((TSJ^2 + TIJ^2)^1/2 + DJ) / 2 + PE
    Total System Jitter     (TSJ):    0.071ns
    Total Input Jitter      (TIJ):    0.000ns
    Discrete Jitter          (DJ):    0.000ns
    Phase Error              (PE):    0.000ns

    Location             Delay type                Incr(ns)  Path(ns)    Netlist Resource(s)
  -------------------------------------------------------------------    -------------------
                         (clock sys_clk_pin rise edge)
                                                      0.000     0.000 r  
    W5                                                0.000     0.000 r  clk (IN)
                         net (fo=0)                   0.000     0.000    clk
    W5                                                                r  clk_IBUF_inst/I
    W5                   IBUF (Prop_ibuf_I_O)         1.458     1.458 r  clk_IBUF_inst/O
                         net (fo=1, routed)           1.967     3.425    clk_IBUF
    BUFGCTRL_X0Y0                                                     r  clk_IBUF_BUFG_inst/I
    BUFGCTRL_X0Y0        BUFG (Prop_bufg_I_O)         0.096     3.521 r  clk_IBUF_BUFG_inst/O
                         net (fo=31, routed)          1.557     5.078    uart_rx_counters_blk/CLK
    SLICE_X29Y17         FDCE                                         r  uart_rx_counters_blk/edge_cnt_reg[1]/C
  -------------------------------------------------------------------    -------------------
    SLICE_X29Y17         FDCE (Prop_fdce_C_Q)         0.419     5.497 r  uart_rx_counters_blk/edge_cnt_reg[1]/Q
                         net (fo=14, routed)          0.875     6.372    uart_rx_counters_blk/edge_cnt_top[1]
    SLICE_X31Y17                                                      r  uart_rx_counters_blk/FSM_onehot_state[5]_i_7/I1
    SLICE_X31Y17         LUT3 (Prop_lut3_I1_O)        0.299     6.671 f  uart_rx_counters_blk/FSM_onehot_state[5]_i_7/O
                         net (fo=6, routed)           1.312     7.983    uart_rx_counters_blk/FSM_onehot_state[5]_i_7_n_0
    SLICE_X31Y15                                                      f  uart_rx_counters_blk/FSM_onehot_state[3]_i_1/I4
    SLICE_X31Y15         LUT6 (Prop_lut6_I4_O)        0.124     8.107 r  uart_rx_counters_blk/FSM_onehot_state[3]_i_1/O
                         net (fo=1, routed)           0.000     8.107    uart_rx_controller_blk/FSM_onehot_state_reg[5]_0[3]
    SLICE_X31Y15         FDRE                                         r  uart_rx_controller_blk/FSM_onehot_state_reg[3]/D
  -------------------------------------------------------------------    -------------------

                         (clock sys_clk_pin rise edge)
                                                     10.000    10.000 r  
    W5                                                0.000    10.000 r  clk (IN)
                         net (fo=0)                   0.000    10.000    clk
    W5                                                                r  clk_IBUF_inst/I
    W5                   IBUF (Prop_ibuf_I_O)         1.388    11.388 r  clk_IBUF_inst/O
                         net (fo=1, routed)           1.862    13.250    clk_IBUF
    BUFGCTRL_X0Y0                                                     r  clk_IBUF_BUFG_inst/I
    BUFGCTRL_X0Y0        BUFG (Prop_bufg_I_O)         0.091    13.341 r  clk_IBUF_BUFG_inst/O
                         net (fo=31, routed)          1.439    14.780    uart_rx_controller_blk/CLK
    SLICE_X31Y15         FDRE                                         r  uart_rx_controller_blk/FSM_onehot_state_reg[3]/C
                         clock pessimism              0.260    15.040    
                         clock uncertainty           -0.035    15.005    
    SLICE_X31Y15         FDRE (Setup_fdre_C_D)        0.029    15.034    uart_rx_controller_blk/FSM_onehot_state_reg[3]
  -------------------------------------------------------------------
                         required time                         15.034    
                         arrival time                          -8.107    
  -------------------------------------------------------------------
                         slack                                  6.926    

Slack (MET) :             6.964ns  (required time - arrival time)
  Source:                 uart_rx_controller_blk/FSM_onehot_state_reg[2]/C
                            (rising edge-triggered cell FDRE clocked by sys_clk_pin  {rise@0.000ns fall@5.000ns period=10.000ns})
  Destination:            uart_rx_data_sampling_blk/three_samps_data_reg[2]/CE
                            (rising edge-triggered cell FDCE clocked by sys_clk_pin  {rise@0.000ns fall@5.000ns period=10.000ns})
  Path Group:             sys_clk_pin
  Path Type:              Setup (Max at Slow Process Corner)
  Requirement:            10.000ns  (sys_clk_pin rise@10.000ns - sys_clk_pin rise@0.000ns)
  Data Path Delay:        2.758ns  (logic 0.704ns (25.523%)  route 2.054ns (74.478%))
  Logic Levels:           2  (LUT4=2)
  Clock Path Skew:        -0.037ns (DCD - SCD + CPR)
    Destination Clock Delay (DCD):    4.781ns = ( 14.781 - 10.000 ) 
    Source Clock Delay      (SCD):    5.078ns
    Clock Pessimism Removal (CPR):    0.260ns
  Clock Uncertainty:      0.035ns  ((TSJ^2 + TIJ^2)^1/2 + DJ) / 2 + PE
    Total System Jitter     (TSJ):    0.071ns
    Total Input Jitter      (TIJ):    0.000ns
    Discrete Jitter          (DJ):    0.000ns
    Phase Error              (PE):    0.000ns

    Location             Delay type                Incr(ns)  Path(ns)    Netlist Resource(s)
  -------------------------------------------------------------------    -------------------
                         (clock sys_clk_pin rise edge)
                                                      0.000     0.000 r  
    W5                                                0.000     0.000 r  clk (IN)
                         net (fo=0)                   0.000     0.000    clk
    W5                                                                r  clk_IBUF_inst/I
    W5                   IBUF (Prop_ibuf_I_O)         1.458     1.458 r  clk_IBUF_inst/O
                         net (fo=1, routed)           1.967     3.425    clk_IBUF
    BUFGCTRL_X0Y0                                                     r  clk_IBUF_BUFG_inst/I
    BUFGCTRL_X0Y0        BUFG (Prop_bufg_I_O)         0.096     3.521 r  clk_IBUF_BUFG_inst/O
                         net (fo=31, routed)          1.557     5.078    uart_rx_controller_blk/CLK
    SLICE_X32Y16         FDRE                                         r  uart_rx_controller_blk/FSM_onehot_state_reg[2]/C
  -------------------------------------------------------------------    -------------------
    SLICE_X32Y16         FDRE (Prop_fdre_C_Q)         0.456     5.534 r  uart_rx_controller_blk/FSM_onehot_state_reg[2]/Q
                         net (fo=6, routed)           0.847     6.382    uart_rx_controller_blk/out[2]
    SLICE_X31Y16                                                      r  uart_rx_controller_blk/edge_cnt[2]_i_2/I1
    SLICE_X31Y16         LUT4 (Prop_lut4_I1_O)        0.124     6.506 r  uart_rx_controller_blk/edge_cnt[2]_i_2/O
                         net (fo=11, routed)          0.638     7.144    uart_rx_counters_blk/FSM_onehot_state_reg[1]
    SLICE_X29Y16                                                      r  uart_rx_counters_blk/three_samps_data[2]_i_1/I0
    SLICE_X29Y16         LUT4 (Prop_lut4_I0_O)        0.124     7.268 r  uart_rx_counters_blk/three_samps_data[2]_i_1/O
                         net (fo=1, routed)           0.569     7.837    uart_rx_data_sampling_blk/E[2]
    SLICE_X29Y16         FDCE                                         r  uart_rx_data_sampling_blk/three_samps_data_reg[2]/CE
  -------------------------------------------------------------------    -------------------

                         (clock sys_clk_pin rise edge)
                                                     10.000    10.000 r  
    W5                                                0.000    10.000 r  clk (IN)
                         net (fo=0)                   0.000    10.000    clk
    W5                                                                r  clk_IBUF_inst/I
    W5                   IBUF (Prop_ibuf_I_O)         1.388    11.388 r  clk_IBUF_inst/O
                         net (fo=1, routed)           1.862    13.250    clk_IBUF
    BUFGCTRL_X0Y0                                                     r  clk_IBUF_BUFG_inst/I
    BUFGCTRL_X0Y0        BUFG (Prop_bufg_I_O)         0.091    13.341 r  clk_IBUF_BUFG_inst/O
                         net (fo=31, routed)          1.440    14.781    uart_rx_data_sampling_blk/CLK
    SLICE_X29Y16         FDCE                                         r  uart_rx_data_sampling_blk/three_samps_data_reg[2]/C
                         clock pessimism              0.260    15.041    
                         clock uncertainty           -0.035    15.006    
    SLICE_X29Y16         FDCE (Setup_fdce_C_CE)      -0.205    14.801    uart_rx_data_sampling_blk/three_samps_data_reg[2]
  -------------------------------------------------------------------
                         required time                         14.801    
                         arrival time                          -7.837    
  -------------------------------------------------------------------
                         slack                                  6.964    

Slack (MET) :             7.016ns  (required time - arrival time)
  Source:                 uart_rx_counters_blk/bit_cnt_reg[0]/C
                            (rising edge-triggered cell FDCE clocked by sys_clk_pin  {rise@0.000ns fall@5.000ns period=10.000ns})
  Destination:            uart_rx_deserializer_blk/p_data_temp_reg[1]/D
                            (rising edge-triggered cell FDCE clocked by sys_clk_pin  {rise@0.000ns fall@5.000ns period=10.000ns})
  Path Group:             sys_clk_pin
  Path Type:              Setup (Max at Slow Process Corner)
  Requirement:            10.000ns  (sys_clk_pin rise@10.000ns - sys_clk_pin rise@0.000ns)
  Data Path Delay:        2.999ns  (logic 0.999ns (33.311%)  route 2.000ns (66.689%))
  Logic Levels:           2  (LUT2=1 LUT6=1)
  Clock Path Skew:        -0.027ns (DCD - SCD + CPR)
    Destination Clock Delay (DCD):    4.775ns = ( 14.775 - 10.000 ) 
    Source Clock Delay      (SCD):    5.077ns
    Clock Pessimism Removal (CPR):    0.275ns
  Clock Uncertainty:      0.035ns  ((TSJ^2 + TIJ^2)^1/2 + DJ) / 2 + PE
    Total System Jitter     (TSJ):    0.071ns
    Total Input Jitter      (TIJ):    0.000ns
    Discrete Jitter          (DJ):    0.000ns
    Phase Error              (PE):    0.000ns

    Location             Delay type                Incr(ns)  Path(ns)    Netlist Resource(s)
  -------------------------------------------------------------------    -------------------
                         (clock sys_clk_pin rise edge)
                                                      0.000     0.000 r  
    W5                                                0.000     0.000 r  clk (IN)
                         net (fo=0)                   0.000     0.000    clk
    W5                                                                r  clk_IBUF_inst/I
    W5                   IBUF (Prop_ibuf_I_O)         1.458     1.458 r  clk_IBUF_inst/O
                         net (fo=1, routed)           1.967     3.425    clk_IBUF
    BUFGCTRL_X0Y0                                                     r  clk_IBUF_BUFG_inst/I
    BUFGCTRL_X0Y0        BUFG (Prop_bufg_I_O)         0.096     3.521 r  clk_IBUF_BUFG_inst/O
                         net (fo=31, routed)          1.556     5.077    uart_rx_counters_blk/CLK
    SLICE_X30Y17         FDCE                                         r  uart_rx_counters_blk/bit_cnt_reg[0]/C
  -------------------------------------------------------------------    -------------------
    SLICE_X30Y17         FDCE (Prop_fdce_C_Q)         0.518     5.595 r  uart_rx_counters_blk/bit_cnt_reg[0]/Q
                         net (fo=14, routed)          0.885     6.481    uart_rx_counters_blk/bit_cnt_top[0]
    SLICE_X29Y17                                                      r  uart_rx_counters_blk/bit_cnt[2]_i_2/I1
    SLICE_X29Y17         LUT2 (Prop_lut2_I1_O)        0.154     6.635 r  uart_rx_counters_blk/bit_cnt[2]_i_2/O
                         net (fo=2, routed)           1.115     7.749    uart_rx_deserializer_blk/bit_cnt_reg[1]_2
    SLICE_X30Y19                                                      r  uart_rx_deserializer_blk/p_data_temp[1]_i_1/I4
    SLICE_X30Y19         LUT6 (Prop_lut6_I4_O)        0.327     8.076 r  uart_rx_deserializer_blk/p_data_temp[1]_i_1/O
                         net (fo=1, routed)           0.000     8.076    uart_rx_deserializer_blk/p_data_temp[1]_i_1_n_0
    SLICE_X30Y19         FDCE                                         r  uart_rx_deserializer_blk/p_data_temp_reg[1]/D
  -------------------------------------------------------------------    -------------------

                         (clock sys_clk_pin rise edge)
                                                     10.000    10.000 r  
    W5                                                0.000    10.000 r  clk (IN)
                         net (fo=0)                   0.000    10.000    clk
    W5                                                                r  clk_IBUF_inst/I
    W5                   IBUF (Prop_ibuf_I_O)         1.388    11.388 r  clk_IBUF_inst/O
                         net (fo=1, routed)           1.862    13.250    clk_IBUF
    BUFGCTRL_X0Y0                                                     r  clk_IBUF_BUFG_inst/I
    BUFGCTRL_X0Y0        BUFG (Prop_bufg_I_O)         0.091    13.341 r  clk_IBUF_BUFG_inst/O
                         net (fo=31, routed)          1.434    14.775    uart_rx_deserializer_blk/CLK
    SLICE_X30Y19         FDCE                                         r  uart_rx_deserializer_blk/p_data_temp_reg[1]/C
                         clock pessimism              0.275    15.050    
                         clock uncertainty           -0.035    15.015    
    SLICE_X30Y19         FDCE (Setup_fdce_C_D)        0.077    15.092    uart_rx_deserializer_blk/p_data_temp_reg[1]
  -------------------------------------------------------------------
                         required time                         15.092    
                         arrival time                          -8.076    
  -------------------------------------------------------------------
                         slack                                  7.016    

Slack (MET) :             7.050ns  (required time - arrival time)
  Source:                 uart_rx_counters_blk/edge_cnt_reg[1]/C
                            (rising edge-triggered cell FDCE clocked by sys_clk_pin  {rise@0.000ns fall@5.000ns period=10.000ns})
  Destination:            uart_rx_deserializer_blk/p_data_temp_reg[0]/D
                            (rising edge-triggered cell FDCE clocked by sys_clk_pin  {rise@0.000ns fall@5.000ns period=10.000ns})
  Path Group:             sys_clk_pin
  Path Type:              Setup (Max at Slow Process Corner)
  Requirement:            10.000ns  (sys_clk_pin rise@10.000ns - sys_clk_pin rise@0.000ns)
  Data Path Delay:        2.917ns  (logic 0.842ns (28.860%)  route 2.075ns (71.140%))
  Logic Levels:           2  (LUT4=1 LUT5=1)
  Clock Path Skew:        -0.026ns (DCD - SCD + CPR)
    Destination Clock Delay (DCD):    4.778ns = ( 14.778 - 10.000 ) 
    Source Clock Delay      (SCD):    5.078ns
    Clock Pessimism Removal (CPR):    0.274ns
  Clock Uncertainty:      0.035ns  ((TSJ^2 + TIJ^2)^1/2 + DJ) / 2 + PE
    Total System Jitter     (TSJ):    0.071ns
    Total Input Jitter      (TIJ):    0.000ns
    Discrete Jitter          (DJ):    0.000ns
    Phase Error              (PE):    0.000ns

    Location             Delay type                Incr(ns)  Path(ns)    Netlist Resource(s)
  -------------------------------------------------------------------    -------------------
                         (clock sys_clk_pin rise edge)
                                                      0.000     0.000 r  
    W5                                                0.000     0.000 r  clk (IN)
                         net (fo=0)                   0.000     0.000    clk
    W5                                                                r  clk_IBUF_inst/I
    W5                   IBUF (Prop_ibuf_I_O)         1.458     1.458 r  clk_IBUF_inst/O
                         net (fo=1, routed)           1.967     3.425    clk_IBUF
    BUFGCTRL_X0Y0                                                     r  clk_IBUF_BUFG_inst/I
    BUFGCTRL_X0Y0        BUFG (Prop_bufg_I_O)         0.096     3.521 r  clk_IBUF_BUFG_inst/O
                         net (fo=31, routed)          1.557     5.078    uart_rx_counters_blk/CLK
    SLICE_X29Y17         FDCE                                         r  uart_rx_counters_blk/edge_cnt_reg[1]/C
  -------------------------------------------------------------------    -------------------
    SLICE_X29Y17         FDCE (Prop_fdce_C_Q)         0.419     5.497 r  uart_rx_counters_blk/edge_cnt_reg[1]/Q
                         net (fo=14, routed)          0.792     6.289    uart_rx_counters_blk/edge_cnt_top[1]
    SLICE_X31Y16                                                      r  uart_rx_counters_blk/p_data_temp[7]_i_4/I2
    SLICE_X31Y16         LUT4 (Prop_lut4_I2_O)        0.299     6.588 r  uart_rx_counters_blk/p_data_temp[7]_i_4/O
                         net (fo=9, routed)           1.284     7.872    uart_rx_deserializer_blk/edge_cnt_reg[2]
    SLICE_X28Y18                                                      r  uart_rx_deserializer_blk/p_data_temp[0]_i_1/I2
    SLICE_X28Y18         LUT5 (Prop_lut5_I2_O)        0.124     7.996 r  uart_rx_deserializer_blk/p_data_temp[0]_i_1/O
                         net (fo=1, routed)           0.000     7.996    uart_rx_deserializer_blk/p_data_temp[0]_i_1_n_0
    SLICE_X28Y18         FDCE                                         r  uart_rx_deserializer_blk/p_data_temp_reg[0]/D
  -------------------------------------------------------------------    -------------------

                         (clock sys_clk_pin rise edge)
                                                     10.000    10.000 r  
    W5                                                0.000    10.000 r  clk (IN)
                         net (fo=0)                   0.000    10.000    clk
    W5                                                                r  clk_IBUF_inst/I
    W5                   IBUF (Prop_ibuf_I_O)         1.388    11.388 r  clk_IBUF_inst/O
                         net (fo=1, routed)           1.862    13.250    clk_IBUF
    BUFGCTRL_X0Y0                                                     r  clk_IBUF_BUFG_inst/I
    BUFGCTRL_X0Y0        BUFG (Prop_bufg_I_O)         0.091    13.341 r  clk_IBUF_BUFG_inst/O
                         net (fo=31, routed)          1.437    14.778    uart_rx_deserializer_blk/CLK
    SLICE_X28Y18         FDCE                                         r  uart_rx_deserializer_blk/p_data_temp_reg[0]/C
                         clock pessimism              0.274    15.052    
                         clock uncertainty           -0.035    15.017    
    SLICE_X28Y18         FDCE (Setup_fdce_C_D)        0.029    15.046    uart_rx_deserializer_blk/p_data_temp_reg[0]
  -------------------------------------------------------------------
                         required time                         15.046    
                         arrival time                          -7.996    
  -------------------------------------------------------------------
                         slack                                  7.050    

Slack (MET) :             7.131ns  (required time - arrival time)
  Source:                 uart_rx_counters_blk/bit_cnt_reg[2]/C
                            (rising edge-triggered cell FDCE clocked by sys_clk_pin  {rise@0.000ns fall@5.000ns period=10.000ns})
  Destination:            uart_rx_deserializer_blk/p_data_temp_reg[4]/D
                            (rising edge-triggered cell FDCE clocked by sys_clk_pin  {rise@0.000ns fall@5.000ns period=10.000ns})
  Path Group:             sys_clk_pin
  Path Type:              Setup (Max at Slow Process Corner)
  Requirement:            10.000ns  (sys_clk_pin rise@10.000ns - sys_clk_pin rise@0.000ns)
  Data Path Delay:        2.827ns  (logic 1.002ns (35.450%)  route 1.825ns (64.550%))
  Logic Levels:           2  (LUT3=1 LUT6=1)
  Clock Path Skew:        -0.036ns (DCD - SCD + CPR)
    Destination Clock Delay (DCD):    4.781ns = ( 14.781 - 10.000 ) 
    Source Clock Delay      (SCD):    5.077ns
    Clock Pessimism Removal (CPR):    0.260ns
  Clock Uncertainty:      0.035ns  ((TSJ^2 + TIJ^2)^1/2 + DJ) / 2 + PE
    Total System Jitter     (TSJ):    0.071ns
    Total Input Jitter      (TIJ):    0.000ns
    Discrete Jitter          (DJ):    0.000ns
    Phase Error              (PE):    0.000ns

    Location             Delay type                Incr(ns)  Path(ns)    Netlist Resource(s)
  -------------------------------------------------------------------    -------------------
                         (clock sys_clk_pin rise edge)
                                                      0.000     0.000 r  
    W5                                                0.000     0.000 r  clk (IN)
                         net (fo=0)                   0.000     0.000    clk
    W5                                                                r  clk_IBUF_inst/I
    W5                   IBUF (Prop_ibuf_I_O)         1.458     1.458 r  clk_IBUF_inst/O
                         net (fo=1, routed)           1.967     3.425    clk_IBUF
    BUFGCTRL_X0Y0                                                     r  clk_IBUF_BUFG_inst/I
    BUFGCTRL_X0Y0        BUFG (Prop_bufg_I_O)         0.096     3.521 r  clk_IBUF_BUFG_inst/O
                         net (fo=31, routed)          1.556     5.077    uart_rx_counters_blk/CLK
    SLICE_X30Y17         FDCE                                         r  uart_rx_counters_blk/bit_cnt_reg[2]/C
  -------------------------------------------------------------------    -------------------
    SLICE_X30Y17         FDCE (Prop_fdce_C_Q)         0.518     5.595 r  uart_rx_counters_blk/bit_cnt_reg[2]/Q
                         net (fo=13, routed)          0.869     6.464    uart_rx_counters_blk/bit_cnt_top[2]
    SLICE_X29Y16                                                      r  uart_rx_counters_blk/p_data_temp[6]_i_2/I1
    SLICE_X29Y16         LUT3 (Prop_lut3_I1_O)        0.152     6.616 r  uart_rx_counters_blk/p_data_temp[6]_i_2/O
                         net (fo=2, routed)           0.956     7.572    uart_rx_deserializer_blk/bit_cnt_reg[1]_0
    SLICE_X28Y16                                                      r  uart_rx_deserializer_blk/p_data_temp[4]_i_1/I3
    SLICE_X28Y16         LUT6 (Prop_lut6_I3_O)        0.332     7.904 r  uart_rx_deserializer_blk/p_data_temp[4]_i_1/O
                         net (fo=1, routed)           0.000     7.904    uart_rx_deserializer_blk/p_data_temp[4]_i_1_n_0
    SLICE_X28Y16         FDCE                                         r  uart_rx_deserializer_blk/p_data_temp_reg[4]/D
  -------------------------------------------------------------------    -------------------

                         (clock sys_clk_pin rise edge)
                                                     10.000    10.000 r  
    W5                                                0.000    10.000 r  clk (IN)
                         net (fo=0)                   0.000    10.000    clk
    W5                                                                r  clk_IBUF_inst/I
    W5                   IBUF (Prop_ibuf_I_O)         1.388    11.388 r  clk_IBUF_inst/O
                         net (fo=1, routed)           1.862    13.250    clk_IBUF
    BUFGCTRL_X0Y0                                                     r  clk_IBUF_BUFG_inst/I
    BUFGCTRL_X0Y0        BUFG (Prop_bufg_I_O)         0.091    13.341 r  clk_IBUF_BUFG_inst/O
                         net (fo=31, routed)          1.440    14.781    uart_rx_deserializer_blk/CLK
    SLICE_X28Y16         FDCE                                         r  uart_rx_deserializer_blk/p_data_temp_reg[4]/C
                         clock pessimism              0.260    15.041    
                         clock uncertainty           -0.035    15.006    
    SLICE_X28Y16         FDCE (Setup_fdce_C_D)        0.029    15.035    uart_rx_deserializer_blk/p_data_temp_reg[4]
  -------------------------------------------------------------------
                         required time                         15.035    
                         arrival time                          -7.904    
  -------------------------------------------------------------------
                         slack                                  7.131    

Slack (MET) :             7.151ns  (required time - arrival time)
  Source:                 uart_rx_counters_blk/bit_cnt_reg[3]/C
                            (rising edge-triggered cell FDCE clocked by sys_clk_pin  {rise@0.000ns fall@5.000ns period=10.000ns})
  Destination:            uart_rx_deserializer_blk/p_data_temp_reg[2]/D
                            (rising edge-triggered cell FDCE clocked by sys_clk_pin  {rise@0.000ns fall@5.000ns period=10.000ns})
  Path Group:             sys_clk_pin
  Path Type:              Setup (Max at Slow Process Corner)
  Requirement:            10.000ns  (sys_clk_pin rise@10.000ns - sys_clk_pin rise@0.000ns)
  Data Path Delay:        2.867ns  (logic 1.002ns (34.947%)  route 1.865ns (65.053%))
  Logic Levels:           2  (LUT3=1 LUT6=1)
  Clock Path Skew:        -0.027ns (DCD - SCD + CPR)
    Destination Clock Delay (DCD):    4.775ns = ( 14.775 - 10.000 ) 
    Source Clock Delay      (SCD):    5.077ns
    Clock Pessimism Removal (CPR):    0.275ns
  Clock Uncertainty:      0.035ns  ((TSJ^2 + TIJ^2)^1/2 + DJ) / 2 + PE
    Total System Jitter     (TSJ):    0.071ns
    Total Input Jitter      (TIJ):    0.000ns
    Discrete Jitter          (DJ):    0.000ns
    Phase Error              (PE):    0.000ns

    Location             Delay type                Incr(ns)  Path(ns)    Netlist Resource(s)
  -------------------------------------------------------------------    -------------------
                         (clock sys_clk_pin rise edge)
                                                      0.000     0.000 r  
    W5                                                0.000     0.000 r  clk (IN)
                         net (fo=0)                   0.000     0.000    clk
    W5                                                                r  clk_IBUF_inst/I
    W5                   IBUF (Prop_ibuf_I_O)         1.458     1.458 r  clk_IBUF_inst/O
                         net (fo=1, routed)           1.967     3.425    clk_IBUF
    BUFGCTRL_X0Y0                                                     r  clk_IBUF_BUFG_inst/I
    BUFGCTRL_X0Y0        BUFG (Prop_bufg_I_O)         0.096     3.521 r  clk_IBUF_BUFG_inst/O
                         net (fo=31, routed)          1.556     5.077    uart_rx_counters_blk/CLK
    SLICE_X30Y17         FDCE                                         r  uart_rx_counters_blk/bit_cnt_reg[3]/C
  -------------------------------------------------------------------    -------------------
    SLICE_X30Y17         FDCE (Prop_fdce_C_Q)         0.518     5.595 f  uart_rx_counters_blk/bit_cnt_reg[3]/Q
                         net (fo=13, routed)          0.891     6.487    uart_rx_counters_blk/Q[0]
    SLICE_X31Y17                                                      f  uart_rx_counters_blk/p_data_temp[3]_i_2/I2
    SLICE_X31Y17         LUT3 (Prop_lut3_I2_O)        0.152     6.639 r  uart_rx_counters_blk/p_data_temp[3]_i_2/O
                         net (fo=3, routed)           0.974     7.613    uart_rx_deserializer_blk/bit_cnt_reg[2]_0
    SLICE_X30Y19                                                      r  uart_rx_deserializer_blk/p_data_temp[2]_i_1/I1
    SLICE_X30Y19         LUT6 (Prop_lut6_I1_O)        0.332     7.945 r  uart_rx_deserializer_blk/p_data_temp[2]_i_1/O
                         net (fo=1, routed)           0.000     7.945    uart_rx_deserializer_blk/p_data_temp[2]_i_1_n_0
    SLICE_X30Y19         FDCE                                         r  uart_rx_deserializer_blk/p_data_temp_reg[2]/D
  -------------------------------------------------------------------    -------------------

                         (clock sys_clk_pin rise edge)
                                                     10.000    10.000 r  
    W5                                                0.000    10.000 r  clk (IN)
                         net (fo=0)                   0.000    10.000    clk
    W5                                                                r  clk_IBUF_inst/I
    W5                   IBUF (Prop_ibuf_I_O)         1.388    11.388 r  clk_IBUF_inst/O
                         net (fo=1, routed)           1.862    13.250    clk_IBUF
    BUFGCTRL_X0Y0                                                     r  clk_IBUF_BUFG_inst/I
    BUFGCTRL_X0Y0        BUFG (Prop_bufg_I_O)         0.091    13.341 r  clk_IBUF_BUFG_inst/O
                         net (fo=31, routed)          1.434    14.775    uart_rx_deserializer_blk/CLK
    SLICE_X30Y19         FDCE                                         r  uart_rx_deserializer_blk/p_data_temp_reg[2]/C
                         clock pessimism              0.275    15.050    
                         clock uncertainty           -0.035    15.015    
    SLICE_X30Y19         FDCE (Setup_fdce_C_D)        0.081    15.096    uart_rx_deserializer_blk/p_data_temp_reg[2]
  -------------------------------------------------------------------
                         required time                         15.096    
                         arrival time                          -7.945    
  -------------------------------------------------------------------
                         slack                                  7.151    

Slack (MET) :             7.154ns  (required time - arrival time)
  Source:                 uart_rx_counters_blk/edge_cnt_reg[1]/C
                            (rising edge-triggered cell FDCE clocked by sys_clk_pin  {rise@0.000ns fall@5.000ns period=10.000ns})
  Destination:            uart_rx_controller_blk/FSM_onehot_state_reg[5]/D
                            (rising edge-triggered cell FDRE clocked by sys_clk_pin  {rise@0.000ns fall@5.000ns period=10.000ns})
  Path Group:             sys_clk_pin
  Path Type:              Setup (Max at Slow Process Corner)
  Requirement:            10.000ns  (sys_clk_pin rise@10.000ns - sys_clk_pin rise@0.000ns)
  Data Path Delay:        2.854ns  (logic 0.842ns (29.505%)  route 2.012ns (70.495%))
  Logic Levels:           2  (LUT3=1 LUT6=1)
  Clock Path Skew:        -0.038ns (DCD - SCD + CPR)
    Destination Clock Delay (DCD):    4.780ns = ( 14.780 - 10.000 ) 
    Source Clock Delay      (SCD):    5.078ns
    Clock Pessimism Removal (CPR):    0.260ns
  Clock Uncertainty:      0.035ns  ((TSJ^2 + TIJ^2)^1/2 + DJ) / 2 + PE
    Total System Jitter     (TSJ):    0.071ns
    Total Input Jitter      (TIJ):    0.000ns
    Discrete Jitter          (DJ):    0.000ns
    Phase Error              (PE):    0.000ns

    Location             Delay type                Incr(ns)  Path(ns)    Netlist Resource(s)
  -------------------------------------------------------------------    -------------------
                         (clock sys_clk_pin rise edge)
                                                      0.000     0.000 r  
    W5                                                0.000     0.000 r  clk (IN)
                         net (fo=0)                   0.000     0.000    clk
    W5                                                                r  clk_IBUF_inst/I
    W5                   IBUF (Prop_ibuf_I_O)         1.458     1.458 r  clk_IBUF_inst/O
                         net (fo=1, routed)           1.967     3.425    clk_IBUF
    BUFGCTRL_X0Y0                                                     r  clk_IBUF_BUFG_inst/I
    BUFGCTRL_X0Y0        BUFG (Prop_bufg_I_O)         0.096     3.521 r  clk_IBUF_BUFG_inst/O
                         net (fo=31, routed)          1.557     5.078    uart_rx_counters_blk/CLK
    SLICE_X29Y17         FDCE                                         r  uart_rx_counters_blk/edge_cnt_reg[1]/C
  -------------------------------------------------------------------    -------------------
    SLICE_X29Y17         FDCE (Prop_fdce_C_Q)         0.419     5.497 f  uart_rx_counters_blk/edge_cnt_reg[1]/Q
                         net (fo=14, routed)          0.875     6.372    uart_rx_counters_blk/edge_cnt_top[1]
    SLICE_X31Y17                                                      f  uart_rx_counters_blk/FSM_onehot_state[5]_i_7/I1
    SLICE_X31Y17         LUT3 (Prop_lut3_I1_O)        0.299     6.671 r  uart_rx_counters_blk/FSM_onehot_state[5]_i_7/O
                         net (fo=6, routed)           1.137     7.808    uart_rx_counters_blk/FSM_onehot_state[5]_i_7_n_0
    SLICE_X30Y15                                                      r  uart_rx_counters_blk/FSM_onehot_state[5]_i_2/I5
    SLICE_X30Y15         LUT6 (Prop_lut6_I5_O)        0.124     7.932 r  uart_rx_counters_blk/FSM_onehot_state[5]_i_2/O
                         net (fo=1, routed)           0.000     7.932    uart_rx_controller_blk/FSM_onehot_state_reg[5]_0[5]
    SLICE_X30Y15         FDRE                                         r  uart_rx_controller_blk/FSM_onehot_state_reg[5]/D
  -------------------------------------------------------------------    -------------------

                         (clock sys_clk_pin rise edge)
                                                     10.000    10.000 r  
    W5                                                0.000    10.000 r  clk (IN)
                         net (fo=0)                   0.000    10.000    clk
    W5                                                                r  clk_IBUF_inst/I
    W5                   IBUF (Prop_ibuf_I_O)         1.388    11.388 r  clk_IBUF_inst/O
                         net (fo=1, routed)           1.862    13.250    clk_IBUF
    BUFGCTRL_X0Y0                                                     r  clk_IBUF_BUFG_inst/I
    BUFGCTRL_X0Y0        BUFG (Prop_bufg_I_O)         0.091    13.341 r  clk_IBUF_BUFG_inst/O
                         net (fo=31, routed)          1.439    14.780    uart_rx_controller_blk/CLK
    SLICE_X30Y15         FDRE                                         r  uart_rx_controller_blk/FSM_onehot_state_reg[5]/C
                         clock pessimism              0.260    15.040    
                         clock uncertainty           -0.035    15.005    
    SLICE_X30Y15         FDRE (Setup_fdre_C_D)        0.081    15.086    uart_rx_controller_blk/FSM_onehot_state_reg[5]
  -------------------------------------------------------------------
                         required time                         15.086    
                         arrival time                          -7.932    
  -------------------------------------------------------------------
                         slack                                  7.154    





Min Delay Paths
--------------------------------------------------------------------------------------
Slack (MET) :             0.143ns  (arrival time - required time)
  Source:                 uart_rx_data_sampling_blk/three_samps_data_reg[1]/C
                            (rising edge-triggered cell FDCE clocked by sys_clk_pin  {rise@0.000ns fall@5.000ns period=10.000ns})
  Destination:            uart_rx_data_sampling_blk/sampled_bit_reg/D
                            (rising edge-triggered cell FDCE clocked by sys_clk_pin  {rise@0.000ns fall@5.000ns period=10.000ns})
  Path Group:             sys_clk_pin
  Path Type:              Hold (Min at Fast Process Corner)
  Requirement:            0.000ns  (sys_clk_pin rise@0.000ns - sys_clk_pin rise@0.000ns)
  Data Path Delay:        0.277ns  (logic 0.186ns (67.123%)  route 0.091ns (32.877%))
  Logic Levels:           1  (LUT6=1)
  Clock Path Skew:        0.013ns (DCD - SCD - CPR)
    Destination Clock Delay (DCD):    1.952ns
    Source Clock Delay      (SCD):    1.441ns
    Clock Pessimism Removal (CPR):    0.498ns

    Location             Delay type                Incr(ns)  Path(ns)    Netlist Resource(s)
  -------------------------------------------------------------------    -------------------
                         (clock sys_clk_pin rise edge)
                                                      0.000     0.000 r  
    W5                                                0.000     0.000 r  clk (IN)
                         net (fo=0)                   0.000     0.000    clk
    W5                                                                r  clk_IBUF_inst/I
    W5                   IBUF (Prop_ibuf_I_O)         0.226     0.226 r  clk_IBUF_inst/O
                         net (fo=1, routed)           0.631     0.858    clk_IBUF
    BUFGCTRL_X0Y0                                                     r  clk_IBUF_BUFG_inst/I
    BUFGCTRL_X0Y0        BUFG (Prop_bufg_I_O)         0.026     0.884 r  clk_IBUF_BUFG_inst/O
                         net (fo=31, routed)          0.558     1.441    uart_rx_data_sampling_blk/CLK
    SLICE_X31Y16         FDCE                                         r  uart_rx_data_sampling_blk/three_samps_data_reg[1]/C
  -------------------------------------------------------------------    -------------------
    SLICE_X31Y16         FDCE (Prop_fdce_C_Q)         0.141     1.582 r  uart_rx_data_sampling_blk/three_samps_data_reg[1]/Q
                         net (fo=1, routed)           0.091     1.673    uart_rx_data_sampling_blk/three_samps_data[1]
    SLICE_X30Y16                                                      r  uart_rx_data_sampling_blk/sampled_bit_i_1/I0
    SLICE_X30Y16         LUT6 (Prop_lut6_I0_O)        0.045     1.718 r  uart_rx_data_sampling_blk/sampled_bit_i_1/O
                         net (fo=1, routed)           0.000     1.718    uart_rx_data_sampling_blk/sampled_bit_i_1_n_0
    SLICE_X30Y16         FDCE                                         r  uart_rx_data_sampling_blk/sampled_bit_reg/D
  -------------------------------------------------------------------    -------------------

                         (clock sys_clk_pin rise edge)
                                                      0.000     0.000 r  
    W5                                                0.000     0.000 r  clk (IN)
                         net (fo=0)                   0.000     0.000    clk
    W5                                                                r  clk_IBUF_inst/I
    W5                   IBUF (Prop_ibuf_I_O)         0.414     0.414 r  clk_IBUF_inst/O
                         net (fo=1, routed)           0.685     1.099    clk_IBUF
    BUFGCTRL_X0Y0                                                     r  clk_IBUF_BUFG_inst/I
    BUFGCTRL_X0Y0        BUFG (Prop_bufg_I_O)         0.029     1.128 r  clk_IBUF_BUFG_inst/O
                         net (fo=31, routed)          0.825     1.952    uart_rx_data_sampling_blk/CLK
    SLICE_X30Y16         FDCE                                         r  uart_rx_data_sampling_blk/sampled_bit_reg/C
                         clock pessimism             -0.498     1.454    
    SLICE_X30Y16         FDCE (Hold_fdce_C_D)         0.121     1.575    uart_rx_data_sampling_blk/sampled_bit_reg
  -------------------------------------------------------------------
                         required time                         -1.575    
                         arrival time                           1.718    
  -------------------------------------------------------------------
                         slack                                  0.143    

Slack (MET) :             0.214ns  (arrival time - required time)
  Source:                 uart_rx_deserializer_blk/p_data_temp_reg[2]/C
                            (rising edge-triggered cell FDCE clocked by sys_clk_pin  {rise@0.000ns fall@5.000ns period=10.000ns})
  Destination:            uart_rx_deserializer_blk/p_data_temp_reg[2]/D
                            (rising edge-triggered cell FDCE clocked by sys_clk_pin  {rise@0.000ns fall@5.000ns period=10.000ns})
  Path Group:             sys_clk_pin
  Path Type:              Hold (Min at Fast Process Corner)
  Requirement:            0.000ns  (sys_clk_pin rise@0.000ns - sys_clk_pin rise@0.000ns)
  Data Path Delay:        0.335ns  (logic 0.209ns (62.414%)  route 0.126ns (37.586%))
  Logic Levels:           1  (LUT6=1)
  Clock Path Skew:        0.000ns (DCD - SCD - CPR)
    Destination Clock Delay (DCD):    1.949ns
    Source Clock Delay      (SCD):    1.438ns
    Clock Pessimism Removal (CPR):    0.511ns

    Location             Delay type                Incr(ns)  Path(ns)    Netlist Resource(s)
  -------------------------------------------------------------------    -------------------
                         (clock sys_clk_pin rise edge)
                                                      0.000     0.000 r  
    W5                                                0.000     0.000 r  clk (IN)
                         net (fo=0)                   0.000     0.000    clk
    W5                                                                r  clk_IBUF_inst/I
    W5                   IBUF (Prop_ibuf_I_O)         0.226     0.226 r  clk_IBUF_inst/O
                         net (fo=1, routed)           0.631     0.858    clk_IBUF
    BUFGCTRL_X0Y0                                                     r  clk_IBUF_BUFG_inst/I
    BUFGCTRL_X0Y0        BUFG (Prop_bufg_I_O)         0.026     0.884 r  clk_IBUF_BUFG_inst/O
                         net (fo=31, routed)          0.555     1.438    uart_rx_deserializer_blk/CLK
    SLICE_X30Y19         FDCE                                         r  uart_rx_deserializer_blk/p_data_temp_reg[2]/C
  -------------------------------------------------------------------    -------------------
    SLICE_X30Y19         FDCE (Prop_fdce_C_Q)         0.164     1.602 r  uart_rx_deserializer_blk/p_data_temp_reg[2]/Q
                         net (fo=2, routed)           0.126     1.728    uart_rx_deserializer_blk/p_data_temp[2]
    SLICE_X30Y19                                                      r  uart_rx_deserializer_blk/p_data_temp[2]_i_1/I5
    SLICE_X30Y19         LUT6 (Prop_lut6_I5_O)        0.045     1.773 r  uart_rx_deserializer_blk/p_data_temp[2]_i_1/O
                         net (fo=1, routed)           0.000     1.773    uart_rx_deserializer_blk/p_data_temp[2]_i_1_n_0
    SLICE_X30Y19         FDCE                                         r  uart_rx_deserializer_blk/p_data_temp_reg[2]/D
  -------------------------------------------------------------------    -------------------

                         (clock sys_clk_pin rise edge)
                                                      0.000     0.000 r  
    W5                                                0.000     0.000 r  clk (IN)
                         net (fo=0)                   0.000     0.000    clk
    W5                                                                r  clk_IBUF_inst/I
    W5                   IBUF (Prop_ibuf_I_O)         0.414     0.414 r  clk_IBUF_inst/O
                         net (fo=1, routed)           0.685     1.099    clk_IBUF
    BUFGCTRL_X0Y0                                                     r  clk_IBUF_BUFG_inst/I
    BUFGCTRL_X0Y0        BUFG (Prop_bufg_I_O)         0.029     1.128 r  clk_IBUF_BUFG_inst/O
                         net (fo=31, routed)          0.822     1.949    uart_rx_deserializer_blk/CLK
    SLICE_X30Y19         FDCE                                         r  uart_rx_deserializer_blk/p_data_temp_reg[2]/C
                         clock pessimism             -0.511     1.438    
    SLICE_X30Y19         FDCE (Hold_fdce_C_D)         0.121     1.559    uart_rx_deserializer_blk/p_data_temp_reg[2]
  -------------------------------------------------------------------
                         required time                         -1.559    
                         arrival time                           1.773    
  -------------------------------------------------------------------
                         slack                                  0.214    

Slack (MET) :             0.253ns  (arrival time - required time)
  Source:                 uart_rx_counters_blk/edge_cnt_reg[2]/C
                            (rising edge-triggered cell FDCE clocked by sys_clk_pin  {rise@0.000ns fall@5.000ns period=10.000ns})
  Destination:            uart_rx_counters_blk/bit_cnt_reg[0]/D
                            (rising edge-triggered cell FDCE clocked by sys_clk_pin  {rise@0.000ns fall@5.000ns period=10.000ns})
  Path Group:             sys_clk_pin
  Path Type:              Hold (Min at Fast Process Corner)
  Requirement:            0.000ns  (sys_clk_pin rise@0.000ns - sys_clk_pin rise@0.000ns)
  Data Path Delay:        0.406ns  (logic 0.186ns (45.840%)  route 0.220ns (54.160%))
  Logic Levels:           1  (LUT5=1)
  Clock Path Skew:        0.033ns (DCD - SCD - CPR)
    Destination Clock Delay (DCD):    1.951ns
    Source Clock Delay      (SCD):    1.440ns
    Clock Pessimism Removal (CPR):    0.478ns

    Location             Delay type                Incr(ns)  Path(ns)    Netlist Resource(s)
  -------------------------------------------------------------------    -------------------
                         (clock sys_clk_pin rise edge)
                                                      0.000     0.000 r  
    W5                                                0.000     0.000 r  clk (IN)
                         net (fo=0)                   0.000     0.000    clk
    W5                                                                r  clk_IBUF_inst/I
    W5                   IBUF (Prop_ibuf_I_O)         0.226     0.226 r  clk_IBUF_inst/O
                         net (fo=1, routed)           0.631     0.858    clk_IBUF
    BUFGCTRL_X0Y0                                                     r  clk_IBUF_BUFG_inst/I
    BUFGCTRL_X0Y0        BUFG (Prop_bufg_I_O)         0.026     0.884 r  clk_IBUF_BUFG_inst/O
                         net (fo=31, routed)          0.557     1.440    uart_rx_counters_blk/CLK
    SLICE_X29Y17         FDCE                                         r  uart_rx_counters_blk/edge_cnt_reg[2]/C
  -------------------------------------------------------------------    -------------------
    SLICE_X29Y17         FDCE (Prop_fdce_C_Q)         0.141     1.581 r  uart_rx_counters_blk/edge_cnt_reg[2]/Q
                         net (fo=13, routed)          0.220     1.801    uart_rx_counters_blk/edge_cnt_top[2]
    SLICE_X30Y17                                                      r  uart_rx_counters_blk/bit_cnt[0]_i_1/I2
    SLICE_X30Y17         LUT5 (Prop_lut5_I2_O)        0.045     1.846 r  uart_rx_counters_blk/bit_cnt[0]_i_1/O
                         net (fo=1, routed)           0.000     1.846    uart_rx_counters_blk/bit_cnt[0]_i_1_n_0
    SLICE_X30Y17         FDCE                                         r  uart_rx_counters_blk/bit_cnt_reg[0]/D
  -------------------------------------------------------------------    -------------------

                         (clock sys_clk_pin rise edge)
                                                      0.000     0.000 r  
    W5                                                0.000     0.000 r  clk (IN)
                         net (fo=0)                   0.000     0.000    clk
    W5                                                                r  clk_IBUF_inst/I
    W5                   IBUF (Prop_ibuf_I_O)         0.414     0.414 r  clk_IBUF_inst/O
                         net (fo=1, routed)           0.685     1.099    clk_IBUF
    BUFGCTRL_X0Y0                                                     r  clk_IBUF_BUFG_inst/I
    BUFGCTRL_X0Y0        BUFG (Prop_bufg_I_O)         0.029     1.128 r  clk_IBUF_BUFG_inst/O
                         net (fo=31, routed)          0.824     1.951    uart_rx_counters_blk/CLK
    SLICE_X30Y17         FDCE                                         r  uart_rx_counters_blk/bit_cnt_reg[0]/C
                         clock pessimism             -0.478     1.473    
    SLICE_X30Y17         FDCE (Hold_fdce_C_D)         0.120     1.593    uart_rx_counters_blk/bit_cnt_reg[0]
  -------------------------------------------------------------------
                         required time                         -1.593    
                         arrival time                           1.846    
  -------------------------------------------------------------------
                         slack                                  0.253    

Slack (MET) :             0.262ns  (arrival time - required time)
  Source:                 uart_rx_deserializer_blk/p_data_temp_reg[3]/C
                            (rising edge-triggered cell FDCE clocked by sys_clk_pin  {rise@0.000ns fall@5.000ns period=10.000ns})
  Destination:            uart_rx_deserializer_blk/p_data_temp_reg[3]/D
                            (rising edge-triggered cell FDCE clocked by sys_clk_pin  {rise@0.000ns fall@5.000ns period=10.000ns})
  Path Group:             sys_clk_pin
  Path Type:              Hold (Min at Fast Process Corner)
  Requirement:            0.000ns  (sys_clk_pin rise@0.000ns - sys_clk_pin rise@0.000ns)
  Data Path Delay:        0.353ns  (logic 0.186ns (52.660%)  route 0.167ns (47.340%))
  Logic Levels:           1  (LUT6=1)
  Clock Path Skew:        0.000ns (DCD - SCD - CPR)
    Destination Clock Delay (DCD):    1.950ns
    Source Clock Delay      (SCD):    1.439ns
    Clock Pessimism Removal (CPR):    0.511ns

    Location             Delay type                Incr(ns)  Path(ns)    Netlist Resource(s)
  -------------------------------------------------------------------    -------------------
                         (clock sys_clk_pin rise edge)
                                                      0.000     0.000 r  
    W5                                                0.000     0.000 r  clk (IN)
                         net (fo=0)                   0.000     0.000    clk
    W5                                                                r  clk_IBUF_inst/I
    W5                   IBUF (Prop_ibuf_I_O)         0.226     0.226 r  clk_IBUF_inst/O
                         net (fo=1, routed)           0.631     0.858    clk_IBUF
    BUFGCTRL_X0Y0                                                     r  clk_IBUF_BUFG_inst/I
    BUFGCTRL_X0Y0        BUFG (Prop_bufg_I_O)         0.026     0.884 r  clk_IBUF_BUFG_inst/O
                         net (fo=31, routed)          0.556     1.439    uart_rx_deserializer_blk/CLK
    SLICE_X31Y18         FDCE                                         r  uart_rx_deserializer_blk/p_data_temp_reg[3]/C
  -------------------------------------------------------------------    -------------------
    SLICE_X31Y18         FDCE (Prop_fdce_C_Q)         0.141     1.580 r  uart_rx_deserializer_blk/p_data_temp_reg[3]/Q
                         net (fo=2, routed)           0.167     1.747    uart_rx_deserializer_blk/p_data_temp[3]
    SLICE_X31Y18                                                      r  uart_rx_deserializer_blk/p_data_temp[3]_i_1/I5
    SLICE_X31Y18         LUT6 (Prop_lut6_I5_O)        0.045     1.792 r  uart_rx_deserializer_blk/p_data_temp[3]_i_1/O
                         net (fo=1, routed)           0.000     1.792    uart_rx_deserializer_blk/p_data_temp[3]_i_1_n_0
    SLICE_X31Y18         FDCE                                         r  uart_rx_deserializer_blk/p_data_temp_reg[3]/D
  -------------------------------------------------------------------    -------------------

                         (clock sys_clk_pin rise edge)
                                                      0.000     0.000 r  
    W5                                                0.000     0.000 r  clk (IN)
                         net (fo=0)                   0.000     0.000    clk
    W5                                                                r  clk_IBUF_inst/I
    W5                   IBUF (Prop_ibuf_I_O)         0.414     0.414 r  clk_IBUF_inst/O
                         net (fo=1, routed)           0.685     1.099    clk_IBUF
    BUFGCTRL_X0Y0                                                     r  clk_IBUF_BUFG_inst/I
    BUFGCTRL_X0Y0        BUFG (Prop_bufg_I_O)         0.029     1.128 r  clk_IBUF_BUFG_inst/O
                         net (fo=31, routed)          0.823     1.950    uart_rx_deserializer_blk/CLK
    SLICE_X31Y18         FDCE                                         r  uart_rx_deserializer_blk/p_data_temp_reg[3]/C
                         clock pessimism             -0.511     1.439    
    SLICE_X31Y18         FDCE (Hold_fdce_C_D)         0.091     1.530    uart_rx_deserializer_blk/p_data_temp_reg[3]
  -------------------------------------------------------------------
                         required time                         -1.530    
                         arrival time                           1.792    
  -------------------------------------------------------------------
                         slack                                  0.262    

Slack (MET) :             0.263ns  (arrival time - required time)
  Source:                 uart_rx_deserializer_blk/p_data_temp_reg[7]/C
                            (rising edge-triggered cell FDCE clocked by sys_clk_pin  {rise@0.000ns fall@5.000ns period=10.000ns})
  Destination:            uart_rx_deserializer_blk/p_data_temp_reg[7]/D
                            (rising edge-triggered cell FDCE clocked by sys_clk_pin  {rise@0.000ns fall@5.000ns period=10.000ns})
  Path Group:             sys_clk_pin
  Path Type:              Hold (Min at Fast Process Corner)
  Requirement:            0.000ns  (sys_clk_pin rise@0.000ns - sys_clk_pin rise@0.000ns)
  Data Path Delay:        0.354ns  (logic 0.186ns (52.507%)  route 0.168ns (47.493%))
  Logic Levels:           1  (LUT6=1)
  Clock Path Skew:        0.000ns (DCD - SCD - CPR)
    Destination Clock Delay (DCD):    1.949ns
    Source Clock Delay      (SCD):    1.438ns
    Clock Pessimism Removal (CPR):    0.511ns

    Location             Delay type                Incr(ns)  Path(ns)    Netlist Resource(s)
  -------------------------------------------------------------------    -------------------
                         (clock sys_clk_pin rise edge)
                                                      0.000     0.000 r  
    W5                                                0.000     0.000 r  clk (IN)
                         net (fo=0)                   0.000     0.000    clk
    W5                                                                r  clk_IBUF_inst/I
    W5                   IBUF (Prop_ibuf_I_O)         0.226     0.226 r  clk_IBUF_inst/O
                         net (fo=1, routed)           0.631     0.858    clk_IBUF
    BUFGCTRL_X0Y0                                                     r  clk_IBUF_BUFG_inst/I
    BUFGCTRL_X0Y0        BUFG (Prop_bufg_I_O)         0.026     0.884 r  clk_IBUF_BUFG_inst/O
                         net (fo=31, routed)          0.555     1.438    uart_rx_deserializer_blk/CLK
    SLICE_X31Y19         FDCE                                         r  uart_rx_deserializer_blk/p_data_temp_reg[7]/C
  -------------------------------------------------------------------    -------------------
    SLICE_X31Y19         FDCE (Prop_fdce_C_Q)         0.141     1.579 r  uart_rx_deserializer_blk/p_data_temp_reg[7]/Q
                         net (fo=2, routed)           0.168     1.747    uart_rx_deserializer_blk/p_data_temp[7]
    SLICE_X31Y19                                                      r  uart_rx_deserializer_blk/p_data_temp[7]_i_1/I5
    SLICE_X31Y19         LUT6 (Prop_lut6_I5_O)        0.045     1.792 r  uart_rx_deserializer_blk/p_data_temp[7]_i_1/O
                         net (fo=1, routed)           0.000     1.792    uart_rx_deserializer_blk/p_data_temp[7]_i_1_n_0
    SLICE_X31Y19         FDCE                                         r  uart_rx_deserializer_blk/p_data_temp_reg[7]/D
  -------------------------------------------------------------------    -------------------

                         (clock sys_clk_pin rise edge)
                                                      0.000     0.000 r  
    W5                                                0.000     0.000 r  clk (IN)
                         net (fo=0)                   0.000     0.000    clk
    W5                                                                r  clk_IBUF_inst/I
    W5                   IBUF (Prop_ibuf_I_O)         0.414     0.414 r  clk_IBUF_inst/O
                         net (fo=1, routed)           0.685     1.099    clk_IBUF
    BUFGCTRL_X0Y0                                                     r  clk_IBUF_BUFG_inst/I
    BUFGCTRL_X0Y0        BUFG (Prop_bufg_I_O)         0.029     1.128 r  clk_IBUF_BUFG_inst/O
                         net (fo=31, routed)          0.822     1.949    uart_rx_deserializer_blk/CLK
    SLICE_X31Y19         FDCE                                         r  uart_rx_deserializer_blk/p_data_temp_reg[7]/C
                         clock pessimism             -0.511     1.438    
    SLICE_X31Y19         FDCE (Hold_fdce_C_D)         0.091     1.529    uart_rx_deserializer_blk/p_data_temp_reg[7]
  -------------------------------------------------------------------
                         required time                         -1.529    
                         arrival time                           1.792    
  -------------------------------------------------------------------
                         slack                                  0.263    

Slack (MET) :             0.264ns  (arrival time - required time)
  Source:                 uart_rx_deserializer_blk/p_data_temp_reg[1]/C
                            (rising edge-triggered cell FDCE clocked by sys_clk_pin  {rise@0.000ns fall@5.000ns period=10.000ns})
  Destination:            uart_rx_deserializer_blk/p_data_temp_reg[1]/D
                            (rising edge-triggered cell FDCE clocked by sys_clk_pin  {rise@0.000ns fall@5.000ns period=10.000ns})
  Path Group:             sys_clk_pin
  Path Type:              Hold (Min at Fast Process Corner)
  Requirement:            0.000ns  (sys_clk_pin rise@0.000ns - sys_clk_pin rise@0.000ns)
  Data Path Delay:        0.384ns  (logic 0.209ns (54.393%)  route 0.175ns (45.607%))
  Logic Levels:           1  (LUT6=1)
  Clock Path Skew:        0.000ns (DCD - SCD - CPR)
    Destination Clock Delay (DCD):    1.949ns
    Source Clock Delay      (SCD):    1.438ns
    Clock Pessimism Removal (CPR):    0.511ns

    Location             Delay type                Incr(ns)  Path(ns)    Netlist Resource(s)
  -------------------------------------------------------------------    -------------------
                         (clock sys_clk_pin rise edge)
                                                      0.000     0.000 r  
    W5                                                0.000     0.000 r  clk (IN)
                         net (fo=0)                   0.000     0.000    clk
    W5                                                                r  clk_IBUF_inst/I
    W5                   IBUF (Prop_ibuf_I_O)         0.226     0.226 r  clk_IBUF_inst/O
                         net (fo=1, routed)           0.631     0.858    clk_IBUF
    BUFGCTRL_X0Y0                                                     r  clk_IBUF_BUFG_inst/I
    BUFGCTRL_X0Y0        BUFG (Prop_bufg_I_O)         0.026     0.884 r  clk_IBUF_BUFG_inst/O
                         net (fo=31, routed)          0.555     1.438    uart_rx_deserializer_blk/CLK
    SLICE_X30Y19         FDCE                                         r  uart_rx_deserializer_blk/p_data_temp_reg[1]/C
  -------------------------------------------------------------------    -------------------
    SLICE_X30Y19         FDCE (Prop_fdce_C_Q)         0.164     1.602 r  uart_rx_deserializer_blk/p_data_temp_reg[1]/Q
                         net (fo=2, routed)           0.175     1.777    uart_rx_deserializer_blk/p_data_temp[1]
    SLICE_X30Y19                                                      r  uart_rx_deserializer_blk/p_data_temp[1]_i_1/I5
    SLICE_X30Y19         LUT6 (Prop_lut6_I5_O)        0.045     1.822 r  uart_rx_deserializer_blk/p_data_temp[1]_i_1/O
                         net (fo=1, routed)           0.000     1.822    uart_rx_deserializer_blk/p_data_temp[1]_i_1_n_0
    SLICE_X30Y19         FDCE                                         r  uart_rx_deserializer_blk/p_data_temp_reg[1]/D
  -------------------------------------------------------------------    -------------------

                         (clock sys_clk_pin rise edge)
                                                      0.000     0.000 r  
    W5                                                0.000     0.000 r  clk (IN)
                         net (fo=0)                   0.000     0.000    clk
    W5                                                                r  clk_IBUF_inst/I
    W5                   IBUF (Prop_ibuf_I_O)         0.414     0.414 r  clk_IBUF_inst/O
                         net (fo=1, routed)           0.685     1.099    clk_IBUF
    BUFGCTRL_X0Y0                                                     r  clk_IBUF_BUFG_inst/I
    BUFGCTRL_X0Y0        BUFG (Prop_bufg_I_O)         0.029     1.128 r  clk_IBUF_BUFG_inst/O
                         net (fo=31, routed)          0.822     1.949    uart_rx_deserializer_blk/CLK
    SLICE_X30Y19         FDCE                                         r  uart_rx_deserializer_blk/p_data_temp_reg[1]/C
                         clock pessimism             -0.511     1.438    
    SLICE_X30Y19         FDCE (Hold_fdce_C_D)         0.120     1.558    uart_rx_deserializer_blk/p_data_temp_reg[1]
  -------------------------------------------------------------------
                         required time                         -1.558    
                         arrival time                           1.822    
  -------------------------------------------------------------------
                         slack                                  0.264    

Slack (MET) :             0.268ns  (arrival time - required time)
  Source:                 uart_rx_deserializer_blk/p_data_temp_reg[6]/C
                            (rising edge-triggered cell FDCE clocked by sys_clk_pin  {rise@0.000ns fall@5.000ns period=10.000ns})
  Destination:            uart_rx_deserializer_blk/p_data_temp_reg[6]/D
                            (rising edge-triggered cell FDCE clocked by sys_clk_pin  {rise@0.000ns fall@5.000ns period=10.000ns})
  Path Group:             sys_clk_pin
  Path Type:              Hold (Min at Fast Process Corner)
  Requirement:            0.000ns  (sys_clk_pin rise@0.000ns - sys_clk_pin rise@0.000ns)
  Data Path Delay:        0.360ns  (logic 0.186ns (51.662%)  route 0.174ns (48.338%))
  Logic Levels:           1  (LUT6=1)
  Clock Path Skew:        0.000ns (DCD - SCD - CPR)
    Destination Clock Delay (DCD):    1.953ns
    Source Clock Delay      (SCD):    1.441ns
    Clock Pessimism Removal (CPR):    0.512ns

    Location             Delay type                Incr(ns)  Path(ns)    Netlist Resource(s)
  -------------------------------------------------------------------    -------------------
                         (clock sys_clk_pin rise edge)
                                                      0.000     0.000 r  
    W5                                                0.000     0.000 r  clk (IN)
                         net (fo=0)                   0.000     0.000    clk
    W5                                                                r  clk_IBUF_inst/I
    W5                   IBUF (Prop_ibuf_I_O)         0.226     0.226 r  clk_IBUF_inst/O
                         net (fo=1, routed)           0.631     0.858    clk_IBUF
    BUFGCTRL_X0Y0                                                     r  clk_IBUF_BUFG_inst/I
    BUFGCTRL_X0Y0        BUFG (Prop_bufg_I_O)         0.026     0.884 r  clk_IBUF_BUFG_inst/O
                         net (fo=31, routed)          0.558     1.441    uart_rx_deserializer_blk/CLK
    SLICE_X28Y16         FDCE                                         r  uart_rx_deserializer_blk/p_data_temp_reg[6]/C
  -------------------------------------------------------------------    -------------------
    SLICE_X28Y16         FDCE (Prop_fdce_C_Q)         0.141     1.582 r  uart_rx_deserializer_blk/p_data_temp_reg[6]/Q
                         net (fo=2, routed)           0.174     1.756    uart_rx_deserializer_blk/p_data_temp[6]
    SLICE_X28Y16                                                      r  uart_rx_deserializer_blk/p_data_temp[6]_i_1/I5
    SLICE_X28Y16         LUT6 (Prop_lut6_I5_O)        0.045     1.801 r  uart_rx_deserializer_blk/p_data_temp[6]_i_1/O
                         net (fo=1, routed)           0.000     1.801    uart_rx_deserializer_blk/p_data_temp[6]_i_1_n_0
    SLICE_X28Y16         FDCE                                         r  uart_rx_deserializer_blk/p_data_temp_reg[6]/D
  -------------------------------------------------------------------    -------------------

                         (clock sys_clk_pin rise edge)
                                                      0.000     0.000 r  
    W5                                                0.000     0.000 r  clk (IN)
                         net (fo=0)                   0.000     0.000    clk
    W5                                                                r  clk_IBUF_inst/I
    W5                   IBUF (Prop_ibuf_I_O)         0.414     0.414 r  clk_IBUF_inst/O
                         net (fo=1, routed)           0.685     1.099    clk_IBUF
    BUFGCTRL_X0Y0                                                     r  clk_IBUF_BUFG_inst/I
    BUFGCTRL_X0Y0        BUFG (Prop_bufg_I_O)         0.029     1.128 r  clk_IBUF_BUFG_inst/O
                         net (fo=31, routed)          0.826     1.953    uart_rx_deserializer_blk/CLK
    SLICE_X28Y16         FDCE                                         r  uart_rx_deserializer_blk/p_data_temp_reg[6]/C
                         clock pessimism             -0.512     1.441    
    SLICE_X28Y16         FDCE (Hold_fdce_C_D)         0.092     1.533    uart_rx_deserializer_blk/p_data_temp_reg[6]
  -------------------------------------------------------------------
                         required time                         -1.533    
                         arrival time                           1.801    
  -------------------------------------------------------------------
                         slack                                  0.268    

Slack (MET) :             0.268ns  (arrival time - required time)
  Source:                 uart_rx_counters_blk/edge_cnt_reg[1]/C
                            (rising edge-triggered cell FDCE clocked by sys_clk_pin  {rise@0.000ns fall@5.000ns period=10.000ns})
  Destination:            uart_rx_counters_blk/bit_cnt_reg[1]/D
                            (rising edge-triggered cell FDCE clocked by sys_clk_pin  {rise@0.000ns fall@5.000ns period=10.000ns})
  Path Group:             sys_clk_pin
  Path Type:              Hold (Min at Fast Process Corner)
  Requirement:            0.000ns  (sys_clk_pin rise@0.000ns - sys_clk_pin rise@0.000ns)
  Data Path Delay:        0.422ns  (logic 0.227ns (53.765%)  route 0.195ns (46.235%))
  Logic Levels:           1  (LUT6=1)
  Clock Path Skew:        0.033ns (DCD - SCD - CPR)
    Destination Clock Delay (DCD):    1.951ns
    Source Clock Delay      (SCD):    1.440ns
    Clock Pessimism Removal (CPR):    0.478ns

    Location             Delay type                Incr(ns)  Path(ns)    Netlist Resource(s)
  -------------------------------------------------------------------    -------------------
                         (clock sys_clk_pin rise edge)
                                                      0.000     0.000 r  
    W5                                                0.000     0.000 r  clk (IN)
                         net (fo=0)                   0.000     0.000    clk
    W5                                                                r  clk_IBUF_inst/I
    W5                   IBUF (Prop_ibuf_I_O)         0.226     0.226 r  clk_IBUF_inst/O
                         net (fo=1, routed)           0.631     0.858    clk_IBUF
    BUFGCTRL_X0Y0                                                     r  clk_IBUF_BUFG_inst/I
    BUFGCTRL_X0Y0        BUFG (Prop_bufg_I_O)         0.026     0.884 r  clk_IBUF_BUFG_inst/O
                         net (fo=31, routed)          0.557     1.440    uart_rx_counters_blk/CLK
    SLICE_X29Y17         FDCE                                         r  uart_rx_counters_blk/edge_cnt_reg[1]/C
  -------------------------------------------------------------------    -------------------
    SLICE_X29Y17         FDCE (Prop_fdce_C_Q)         0.128     1.568 r  uart_rx_counters_blk/edge_cnt_reg[1]/Q
                         net (fo=14, routed)          0.195     1.763    uart_rx_counters_blk/edge_cnt_top[1]
    SLICE_X30Y17                                                      r  uart_rx_counters_blk/bit_cnt[1]_i_1/I0
    SLICE_X30Y17         LUT6 (Prop_lut6_I0_O)        0.099     1.862 r  uart_rx_counters_blk/bit_cnt[1]_i_1/O
                         net (fo=1, routed)           0.000     1.862    uart_rx_counters_blk/bit_cnt[1]_i_1_n_0
    SLICE_X30Y17         FDCE                                         r  uart_rx_counters_blk/bit_cnt_reg[1]/D
  -------------------------------------------------------------------    -------------------

                         (clock sys_clk_pin rise edge)
                                                      0.000     0.000 r  
    W5                                                0.000     0.000 r  clk (IN)
                         net (fo=0)                   0.000     0.000    clk
    W5                                                                r  clk_IBUF_inst/I
    W5                   IBUF (Prop_ibuf_I_O)         0.414     0.414 r  clk_IBUF_inst/O
                         net (fo=1, routed)           0.685     1.099    clk_IBUF
    BUFGCTRL_X0Y0                                                     r  clk_IBUF_BUFG_inst/I
    BUFGCTRL_X0Y0        BUFG (Prop_bufg_I_O)         0.029     1.128 r  clk_IBUF_BUFG_inst/O
                         net (fo=31, routed)          0.824     1.951    uart_rx_counters_blk/CLK
    SLICE_X30Y17         FDCE                                         r  uart_rx_counters_blk/bit_cnt_reg[1]/C
                         clock pessimism             -0.478     1.473    
    SLICE_X30Y17         FDCE (Hold_fdce_C_D)         0.121     1.594    uart_rx_counters_blk/bit_cnt_reg[1]
  -------------------------------------------------------------------
                         required time                         -1.594    
                         arrival time                           1.862    
  -------------------------------------------------------------------
                         slack                                  0.268    

Slack (MET) :             0.274ns  (arrival time - required time)
  Source:                 uart_rx_controller_blk/FSM_onehot_state_reg[3]/C
                            (rising edge-triggered cell FDRE clocked by sys_clk_pin  {rise@0.000ns fall@5.000ns period=10.000ns})
  Destination:            uart_rx_controller_blk/FSM_onehot_state_reg[3]/D
                            (rising edge-triggered cell FDRE clocked by sys_clk_pin  {rise@0.000ns fall@5.000ns period=10.000ns})
  Path Group:             sys_clk_pin
  Path Type:              Hold (Min at Fast Process Corner)
  Requirement:            0.000ns  (sys_clk_pin rise@0.000ns - sys_clk_pin rise@0.000ns)
  Data Path Delay:        0.365ns  (logic 0.186ns (50.902%)  route 0.179ns (49.098%))
  Logic Levels:           1  (LUT6=1)
  Clock Path Skew:        0.000ns (DCD - SCD - CPR)
    Destination Clock Delay (DCD):    1.953ns
    Source Clock Delay      (SCD):    1.442ns
    Clock Pessimism Removal (CPR):    0.511ns

    Location             Delay type                Incr(ns)  Path(ns)    Netlist Resource(s)
  -------------------------------------------------------------------    -------------------
                         (clock sys_clk_pin rise edge)
                                                      0.000     0.000 r  
    W5                                                0.000     0.000 r  clk (IN)
                         net (fo=0)                   0.000     0.000    clk
    W5                                                                r  clk_IBUF_inst/I
    W5                   IBUF (Prop_ibuf_I_O)         0.226     0.226 r  clk_IBUF_inst/O
                         net (fo=1, routed)           0.631     0.858    clk_IBUF
    BUFGCTRL_X0Y0                                                     r  clk_IBUF_BUFG_inst/I
    BUFGCTRL_X0Y0        BUFG (Prop_bufg_I_O)         0.026     0.884 r  clk_IBUF_BUFG_inst/O
                         net (fo=31, routed)          0.559     1.442    uart_rx_controller_blk/CLK
    SLICE_X31Y15         FDRE                                         r  uart_rx_controller_blk/FSM_onehot_state_reg[3]/C
  -------------------------------------------------------------------    -------------------
    SLICE_X31Y15         FDRE (Prop_fdre_C_Q)         0.141     1.583 r  uart_rx_controller_blk/FSM_onehot_state_reg[3]/Q
                         net (fo=5, routed)           0.179     1.763    uart_rx_counters_blk/out[3]
    SLICE_X31Y15                                                      r  uart_rx_counters_blk/FSM_onehot_state[3]_i_1/I3
    SLICE_X31Y15         LUT6 (Prop_lut6_I3_O)        0.045     1.808 r  uart_rx_counters_blk/FSM_onehot_state[3]_i_1/O
                         net (fo=1, routed)           0.000     1.808    uart_rx_controller_blk/FSM_onehot_state_reg[5]_0[3]
    SLICE_X31Y15         FDRE                                         r  uart_rx_controller_blk/FSM_onehot_state_reg[3]/D
  -------------------------------------------------------------------    -------------------

                         (clock sys_clk_pin rise edge)
                                                      0.000     0.000 r  
    W5                                                0.000     0.000 r  clk (IN)
                         net (fo=0)                   0.000     0.000    clk
    W5                                                                r  clk_IBUF_inst/I
    W5                   IBUF (Prop_ibuf_I_O)         0.414     0.414 r  clk_IBUF_inst/O
                         net (fo=1, routed)           0.685     1.099    clk_IBUF
    BUFGCTRL_X0Y0                                                     r  clk_IBUF_BUFG_inst/I
    BUFGCTRL_X0Y0        BUFG (Prop_bufg_I_O)         0.029     1.128 r  clk_IBUF_BUFG_inst/O
                         net (fo=31, routed)          0.826     1.953    uart_rx_controller_blk/CLK
    SLICE_X31Y15         FDRE                                         r  uart_rx_controller_blk/FSM_onehot_state_reg[3]/C
                         clock pessimism             -0.511     1.442    
    SLICE_X31Y15         FDRE (Hold_fdre_C_D)         0.091     1.533    uart_rx_controller_blk/FSM_onehot_state_reg[3]
  -------------------------------------------------------------------
                         required time                         -1.533    
                         arrival time                           1.808    
  -------------------------------------------------------------------
                         slack                                  0.274    

Slack (MET) :             0.275ns  (arrival time - required time)
  Source:                 uart_rx_controller_blk/FSM_onehot_state_reg[3]/C
                            (rising edge-triggered cell FDRE clocked by sys_clk_pin  {rise@0.000ns fall@5.000ns period=10.000ns})
  Destination:            uart_rx_controller_blk/FSM_onehot_state_reg[4]/D
                            (rising edge-triggered cell FDRE clocked by sys_clk_pin  {rise@0.000ns fall@5.000ns period=10.000ns})
  Path Group:             sys_clk_pin
  Path Type:              Hold (Min at Fast Process Corner)
  Requirement:            0.000ns  (sys_clk_pin rise@0.000ns - sys_clk_pin rise@0.000ns)
  Data Path Delay:        0.367ns  (logic 0.186ns (50.625%)  route 0.181ns (49.375%))
  Logic Levels:           1  (LUT6=1)
  Clock Path Skew:        0.000ns (DCD - SCD - CPR)
    Destination Clock Delay (DCD):    1.953ns
    Source Clock Delay      (SCD):    1.442ns
    Clock Pessimism Removal (CPR):    0.511ns

    Location             Delay type                Incr(ns)  Path(ns)    Netlist Resource(s)
  -------------------------------------------------------------------    -------------------
                         (clock sys_clk_pin rise edge)
                                                      0.000     0.000 r  
    W5                                                0.000     0.000 r  clk (IN)
                         net (fo=0)                   0.000     0.000    clk
    W5                                                                r  clk_IBUF_inst/I
    W5                   IBUF (Prop_ibuf_I_O)         0.226     0.226 r  clk_IBUF_inst/O
                         net (fo=1, routed)           0.631     0.858    clk_IBUF
    BUFGCTRL_X0Y0                                                     r  clk_IBUF_BUFG_inst/I
    BUFGCTRL_X0Y0        BUFG (Prop_bufg_I_O)         0.026     0.884 r  clk_IBUF_BUFG_inst/O
                         net (fo=31, routed)          0.559     1.442    uart_rx_controller_blk/CLK
    SLICE_X31Y15         FDRE                                         r  uart_rx_controller_blk/FSM_onehot_state_reg[3]/C
  -------------------------------------------------------------------    -------------------
    SLICE_X31Y15         FDRE (Prop_fdre_C_Q)         0.141     1.583 r  uart_rx_controller_blk/FSM_onehot_state_reg[3]/Q
                         net (fo=5, routed)           0.181     1.765    uart_rx_counters_blk/out[3]
    SLICE_X31Y15                                                      r  uart_rx_counters_blk/FSM_onehot_state[4]_i_1/I3
    SLICE_X31Y15         LUT6 (Prop_lut6_I3_O)        0.045     1.810 r  uart_rx_counters_blk/FSM_onehot_state[4]_i_1/O
                         net (fo=1, routed)           0.000     1.810    uart_rx_controller_blk/FSM_onehot_state_reg[5]_0[4]
    SLICE_X31Y15         FDRE                                         r  uart_rx_controller_blk/FSM_onehot_state_reg[4]/D
  -------------------------------------------------------------------    -------------------

                         (clock sys_clk_pin rise edge)
                                                      0.000     0.000 r  
    W5                                                0.000     0.000 r  clk (IN)
                         net (fo=0)                   0.000     0.000    clk
    W5                                                                r  clk_IBUF_inst/I
    W5                   IBUF (Prop_ibuf_I_O)         0.414     0.414 r  clk_IBUF_inst/O
                         net (fo=1, routed)           0.685     1.099    clk_IBUF
    BUFGCTRL_X0Y0                                                     r  clk_IBUF_BUFG_inst/I
    BUFGCTRL_X0Y0        BUFG (Prop_bufg_I_O)         0.029     1.128 r  clk_IBUF_BUFG_inst/O
                         net (fo=31, routed)          0.826     1.953    uart_rx_controller_blk/CLK
    SLICE_X31Y15         FDRE                                         r  uart_rx_controller_blk/FSM_onehot_state_reg[4]/C
                         clock pessimism             -0.511     1.442    
    SLICE_X31Y15         FDRE (Hold_fdre_C_D)         0.092     1.534    uart_rx_controller_blk/FSM_onehot_state_reg[4]
  -------------------------------------------------------------------
                         required time                         -1.534    
                         arrival time                           1.810    
  -------------------------------------------------------------------
                         slack                                  0.275    





Pulse Width Checks
--------------------------------------------------------------------------------------
Clock Name:         sys_clk_pin
Waveform(ns):       { 0.000 5.000 }
Period(ns):         10.000
Sources:            { clk }

Check Type        Corner  Lib Pin  Reference Pin  Required(ns)  Actual(ns)  Slack(ns)  Location       Pin
Min Period        n/a     BUFG/I   n/a            2.155         10.000      7.845      BUFGCTRL_X0Y0  clk_IBUF_BUFG_inst/I
Min Period        n/a     FDSE/C   n/a            1.000         10.000      9.000      SLICE_X30Y15   uart_rx_controller_blk/FSM_onehot_state_reg[0]/C
Min Period        n/a     FDRE/C   n/a            1.000         10.000      9.000      SLICE_X32Y16   uart_rx_controller_blk/FSM_onehot_state_reg[1]/C
Min Period        n/a     FDRE/C   n/a            1.000         10.000      9.000      SLICE_X32Y16   uart_rx_controller_blk/FSM_onehot_state_reg[2]/C
Min Period        n/a     FDRE/C   n/a            1.000         10.000      9.000      SLICE_X31Y15   uart_rx_controller_blk/FSM_onehot_state_reg[3]/C
Min Period        n/a     FDRE/C   n/a            1.000         10.000      9.000      SLICE_X31Y15   uart_rx_controller_blk/FSM_onehot_state_reg[4]/C
Min Period        n/a     FDRE/C   n/a            1.000         10.000      9.000      SLICE_X30Y15   uart_rx_controller_blk/FSM_onehot_state_reg[5]/C
Min Period        n/a     FDCE/C   n/a            1.000         10.000      9.000      SLICE_X30Y17   uart_rx_counters_blk/bit_cnt_reg[0]/C
Min Period        n/a     FDCE/C   n/a            1.000         10.000      9.000      SLICE_X30Y17   uart_rx_counters_blk/bit_cnt_reg[1]/C
Min Period        n/a     FDCE/C   n/a            1.000         10.000      9.000      SLICE_X30Y17   uart_rx_counters_blk/bit_cnt_reg[2]/C
Low Pulse Width   Slow    FDCE/C   n/a            0.500         5.000       4.500      SLICE_X30Y17   uart_rx_counters_blk/bit_cnt_reg[0]/C
Low Pulse Width   Slow    FDCE/C   n/a            0.500         5.000       4.500      SLICE_X30Y17   uart_rx_counters_blk/bit_cnt_reg[1]/C
Low Pulse Width   Slow    FDCE/C   n/a            0.500         5.000       4.500      SLICE_X30Y17   uart_rx_counters_blk/bit_cnt_reg[2]/C
Low Pulse Width   Slow    FDCE/C   n/a            0.500         5.000       4.500      SLICE_X30Y17   uart_rx_counters_blk/bit_cnt_reg[3]/C
Low Pulse Width   Fast    FDCE/C   n/a            0.500         5.000       4.500      SLICE_X30Y18   uart_rx_counters_blk/data_valid_cnt_reg[0]/C
Low Pulse Width   Fast    FDCE/C   n/a            0.500         5.000       4.500      SLICE_X30Y18   uart_rx_counters_blk/data_valid_cnt_reg[1]/C
Low Pulse Width   Fast    FDCE/C   n/a            0.500         5.000       4.500      SLICE_X30Y18   uart_rx_counters_blk/data_valid_cnt_reg[2]/C
Low Pulse Width   Slow    FDCE/C   n/a            0.500         5.000       4.500      SLICE_X31Y17   uart_rx_data_sampling_blk/three_samps_data_reg[0]/C
Low Pulse Width   Slow    FDCE/C   n/a            0.500         5.000       4.500      SLICE_X28Y18   uart_rx_deserializer_blk/p_data_temp_reg[0]/C
Low Pulse Width   Slow    FDCE/C   n/a            0.500         5.000       4.500      SLICE_X30Y19   uart_rx_deserializer_blk/p_data_temp_reg[1]/C
High Pulse Width  Slow    FDSE/C   n/a            0.500         5.000       4.500      SLICE_X30Y15   uart_rx_controller_blk/FSM_onehot_state_reg[0]/C
High Pulse Width  Slow    FDRE/C   n/a            0.500         5.000       4.500      SLICE_X32Y16   uart_rx_controller_blk/FSM_onehot_state_reg[1]/C
High Pulse Width  Slow    FDRE/C   n/a            0.500         5.000       4.500      SLICE_X32Y16   uart_rx_controller_blk/FSM_onehot_state_reg[2]/C
High Pulse Width  Slow    FDRE/C   n/a            0.500         5.000       4.500      SLICE_X31Y15   uart_rx_controller_blk/FSM_onehot_state_reg[3]/C
High Pulse Width  Slow    FDRE/C   n/a            0.500         5.000       4.500      SLICE_X31Y15   uart_rx_controller_blk/FSM_onehot_state_reg[4]/C
High Pulse Width  Slow    FDRE/C   n/a            0.500         5.000       4.500      SLICE_X30Y15   uart_rx_controller_blk/FSM_onehot_state_reg[5]/C
High Pulse Width  Fast    FDCE/C   n/a            0.500         5.000       4.500      SLICE_X30Y17   uart_rx_counters_blk/bit_cnt_reg[0]/C
High Pulse Width  Fast    FDCE/C   n/a            0.500         5.000       4.500      SLICE_X30Y17   uart_rx_counters_blk/bit_cnt_reg[1]/C
High Pulse Width  Fast    FDCE/C   n/a            0.500         5.000       4.500      SLICE_X30Y17   uart_rx_counters_blk/bit_cnt_reg[2]/C
High Pulse Width  Fast    FDCE/C   n/a            0.500         5.000       4.500      SLICE_X30Y17   uart_rx_counters_blk/bit_cnt_reg[3]/C



--------------------------------------------------------------------------------------
Path Group:  (none)
From Clock:  
  To Clock:  

Max Delay             1 Endpoint
Min Delay             1 Endpoint
--------------------------------------------------------------------------------------


Max Delay Paths
--------------------------------------------------------------------------------------
Slack:                    inf
  Source:                 par_en
                            (input port)
  Destination:            p_data[1]
                            (output port)
  Path Group:             (none)
  Path Type:              Max at Slow Process Corner
  Data Path Delay:        10.620ns  (logic 5.115ns (48.164%)  route 5.505ns (51.836%))
  Logic Levels:           3  (IBUF=1 LUT3=1 OBUF=1)

    Location             Delay type                Incr(ns)  Path(ns)    Netlist Resource(s)
  -------------------------------------------------------------------    -------------------
    V16                                               0.000     0.000 f  par_en (IN)
                         net (fo=0)                   0.000     0.000    par_en
    V16                                                               f  par_en_IBUF_inst/I
    V16                  IBUF (Prop_ibuf_I_O)         1.461     1.461 f  par_en_IBUF_inst/O
                         net (fo=3, routed)           2.248     3.710    uart_rx_controller_blk/par_en_IBUF
    SLICE_X29Y16                                                      f  uart_rx_controller_blk/p_data_OBUF[1]_inst_i_1/I2
    SLICE_X29Y16         LUT3 (Prop_lut3_I2_O)        0.124     3.834 r  uart_rx_controller_blk/p_data_OBUF[1]_inst_i_1/O
                         net (fo=1, routed)           3.257     7.090    p_data_OBUF[1]
    E19                                                               r  p_data_OBUF[1]_inst/I
    E19                  OBUF (Prop_obuf_I_O)         3.530    10.620 r  p_data_OBUF[1]_inst/O
                         net (fo=0)                   0.000    10.620    p_data[1]
    E19                                                               r  p_data[1] (OUT)
  -------------------------------------------------------------------    -------------------





Min Delay Paths
--------------------------------------------------------------------------------------
Slack:                    inf
  Source:                 par_en
                            (input port)
  Destination:            p_data[1]
                            (output port)
  Path Group:             (none)
  Path Type:              Min at Fast Process Corner
  Data Path Delay:        3.625ns  (logic 1.505ns (41.518%)  route 2.120ns (58.482%))
  Logic Levels:           3  (IBUF=1 LUT3=1 OBUF=1)

    Location             Delay type                Incr(ns)  Path(ns)    Netlist Resource(s)
  -------------------------------------------------------------------    -------------------
    V16                                               0.000     0.000 f  par_en (IN)
                         net (fo=0)                   0.000     0.000    par_en
    V16                                                               f  par_en_IBUF_inst/I
    V16                  IBUF (Prop_ibuf_I_O)         0.229     0.229 f  par_en_IBUF_inst/O
                         net (fo=3, routed)           0.970     1.200    uart_rx_controller_blk/par_en_IBUF
    SLICE_X29Y16                                                      f  uart_rx_controller_blk/p_data_OBUF[1]_inst_i_1/I2
    SLICE_X29Y16         LUT3 (Prop_lut3_I2_O)        0.045     1.245 r  uart_rx_controller_blk/p_data_OBUF[1]_inst_i_1/O
                         net (fo=1, routed)           1.150     2.394    p_data_OBUF[1]
    E19                                                               r  p_data_OBUF[1]_inst/I
    E19                  OBUF (Prop_obuf_I_O)         1.231     3.625 r  p_data_OBUF[1]_inst/O
                         net (fo=0)                   0.000     3.625    p_data[1]
    E19                                                               r  p_data[1] (OUT)
  -------------------------------------------------------------------    -------------------





--------------------------------------------------------------------------------------
Path Group:  (none)
From Clock:  sys_clk_pin
  To Clock:  

Max Delay            11 Endpoints
Min Delay            11 Endpoints
--------------------------------------------------------------------------------------


Max Delay Paths
--------------------------------------------------------------------------------------
Slack:                    inf
  Source:                 uart_rx_controller_blk/FSM_onehot_state_reg[5]/C
                            (rising edge-triggered cell FDRE clocked by sys_clk_pin  {rise@0.000ns fall@5.000ns period=10.000ns})
  Destination:            p_data[9]
                            (output port)
  Path Group:             (none)
  Path Type:              Max at Slow Process Corner
  Data Path Delay:        8.804ns  (logic 4.150ns (47.140%)  route 4.654ns (52.860%))
  Logic Levels:           2  (LUT2=1 OBUF=1)
  Clock Uncertainty:      0.025ns  ((TSJ^2 + TIJ^2)^1/2 + DJ) / 2 + PE
    Total System Jitter     (TSJ):    0.050ns
    Total Input Jitter      (TIJ):    0.000ns
    Discrete Jitter          (DJ):    0.000ns
    Phase Error              (PE):    0.000ns

    Location             Delay type                Incr(ns)  Path(ns)    Netlist Resource(s)
  -------------------------------------------------------------------    -------------------
                         (clock sys_clk_pin rise edge)
                                                      0.000     0.000 r  
    W5                                                0.000     0.000 r  clk (IN)
                         net (fo=0)                   0.000     0.000    clk
    W5                                                                r  clk_IBUF_inst/I
    W5                   IBUF (Prop_ibuf_I_O)         1.458     1.458 r  clk_IBUF_inst/O
                         net (fo=1, routed)           1.967     3.425    clk_IBUF
    BUFGCTRL_X0Y0                                                     r  clk_IBUF_BUFG_inst/I
    BUFGCTRL_X0Y0        BUFG (Prop_bufg_I_O)         0.096     3.521 r  clk_IBUF_BUFG_inst/O
                         net (fo=31, routed)          1.558     5.079    uart_rx_controller_blk/CLK
    SLICE_X30Y15         FDRE                                         r  uart_rx_controller_blk/FSM_onehot_state_reg[5]/C
  -------------------------------------------------------------------    -------------------
    SLICE_X30Y15         FDRE (Prop_fdre_C_Q)         0.518     5.597 r  uart_rx_controller_blk/FSM_onehot_state_reg[5]/Q
                         net (fo=21, routed)          1.446     7.043    uart_rx_controller_blk/out[5]
    SLICE_X31Y20                                                      r  uart_rx_controller_blk/p_data_OBUF[9]_inst_i_1/I0
    SLICE_X31Y20         LUT2 (Prop_lut2_I0_O)        0.124     7.167 r  uart_rx_controller_blk/p_data_OBUF[9]_inst_i_1/O
                         net (fo=1, routed)           3.208    10.375    p_data_OBUF[9]
    V3                                                                r  p_data_OBUF[9]_inst/I
    V3                   OBUF (Prop_obuf_I_O)         3.508    13.883 r  p_data_OBUF[9]_inst/O
                         net (fo=0)                   0.000    13.883    p_data[9]
    V3                                                                r  p_data[9] (OUT)
  -------------------------------------------------------------------    -------------------

Slack:                    inf
  Source:                 uart_rx_controller_blk/FSM_onehot_state_reg[5]/C
                            (rising edge-triggered cell FDRE clocked by sys_clk_pin  {rise@0.000ns fall@5.000ns period=10.000ns})
  Destination:            p_data[0]
                            (output port)
  Path Group:             (none)
  Path Type:              Max at Slow Process Corner
  Data Path Delay:        8.312ns  (logic 4.022ns (48.387%)  route 4.290ns (51.613%))
  Logic Levels:           1  (OBUF=1)
  Clock Uncertainty:      0.025ns  ((TSJ^2 + TIJ^2)^1/2 + DJ) / 2 + PE
    Total System Jitter     (TSJ):    0.050ns
    Total Input Jitter      (TIJ):    0.000ns
    Discrete Jitter          (DJ):    0.000ns
    Phase Error              (PE):    0.000ns

    Location             Delay type                Incr(ns)  Path(ns)    Netlist Resource(s)
  -------------------------------------------------------------------    -------------------
                         (clock sys_clk_pin rise edge)
                                                      0.000     0.000 r  
    W5                                                0.000     0.000 r  clk (IN)
                         net (fo=0)                   0.000     0.000    clk
    W5                                                                r  clk_IBUF_inst/I
    W5                   IBUF (Prop_ibuf_I_O)         1.458     1.458 r  clk_IBUF_inst/O
                         net (fo=1, routed)           1.967     3.425    clk_IBUF
    BUFGCTRL_X0Y0                                                     r  clk_IBUF_BUFG_inst/I
    BUFGCTRL_X0Y0        BUFG (Prop_bufg_I_O)         0.096     3.521 r  clk_IBUF_BUFG_inst/O
                         net (fo=31, routed)          1.558     5.079    uart_rx_controller_blk/CLK
    SLICE_X30Y15         FDRE                                         r  uart_rx_controller_blk/FSM_onehot_state_reg[5]/C
  -------------------------------------------------------------------    -------------------
    SLICE_X30Y15         FDRE (Prop_fdre_C_Q)         0.518     5.597 r  uart_rx_controller_blk/FSM_onehot_state_reg[5]/Q
                         net (fo=21, routed)          4.290     9.887    uart_rx_controller_blk_n_0
    U3                                                                r  p_data_OBUF[0]_inst/I
    U3                   OBUF (Prop_obuf_I_O)         3.504    13.391 r  p_data_OBUF[0]_inst/O
                         net (fo=0)                   0.000    13.391    p_data[0]
    U3                                                                r  p_data[0] (OUT)
  -------------------------------------------------------------------    -------------------

Slack:                    inf
  Source:                 uart_rx_controller_blk/FSM_onehot_state_reg[5]/C
                            (rising edge-triggered cell FDRE clocked by sys_clk_pin  {rise@0.000ns fall@5.000ns period=10.000ns})
  Destination:            p_data[1]
                            (output port)
  Path Group:             (none)
  Path Type:              Max at Slow Process Corner
  Data Path Delay:        8.297ns  (logic 4.172ns (50.283%)  route 4.125ns (49.717%))
  Logic Levels:           2  (LUT3=1 OBUF=1)
  Clock Uncertainty:      0.025ns  ((TSJ^2 + TIJ^2)^1/2 + DJ) / 2 + PE
    Total System Jitter     (TSJ):    0.050ns
    Total Input Jitter      (TIJ):    0.000ns
    Discrete Jitter          (DJ):    0.000ns
    Phase Error              (PE):    0.000ns

    Location             Delay type                Incr(ns)  Path(ns)    Netlist Resource(s)
  -------------------------------------------------------------------    -------------------
                         (clock sys_clk_pin rise edge)
                                                      0.000     0.000 r  
    W5                                                0.000     0.000 r  clk (IN)
                         net (fo=0)                   0.000     0.000    clk
    W5                                                                r  clk_IBUF_inst/I
    W5                   IBUF (Prop_ibuf_I_O)         1.458     1.458 r  clk_IBUF_inst/O
                         net (fo=1, routed)           1.967     3.425    clk_IBUF
    BUFGCTRL_X0Y0                                                     r  clk_IBUF_BUFG_inst/I
    BUFGCTRL_X0Y0        BUFG (Prop_bufg_I_O)         0.096     3.521 r  clk_IBUF_BUFG_inst/O
                         net (fo=31, routed)          1.558     5.079    uart_rx_controller_blk/CLK
    SLICE_X30Y15         FDRE                                         r  uart_rx_controller_blk/FSM_onehot_state_reg[5]/C
  -------------------------------------------------------------------    -------------------
    SLICE_X30Y15         FDRE (Prop_fdre_C_Q)         0.518     5.597 r  uart_rx_controller_blk/FSM_onehot_state_reg[5]/Q
                         net (fo=21, routed)          0.868     6.466    uart_rx_controller_blk/out[5]
    SLICE_X29Y16                                                      r  uart_rx_controller_blk/p_data_OBUF[1]_inst_i_1/I0
    SLICE_X29Y16         LUT3 (Prop_lut3_I0_O)        0.124     6.590 r  uart_rx_controller_blk/p_data_OBUF[1]_inst_i_1/O
                         net (fo=1, routed)           3.257     9.846    p_data_OBUF[1]
    E19                                                               r  p_data_OBUF[1]_inst/I
    E19                  OBUF (Prop_obuf_I_O)         3.530    13.376 r  p_data_OBUF[1]_inst/O
                         net (fo=0)                   0.000    13.376    p_data[1]
    E19                                                               r  p_data[1] (OUT)
  -------------------------------------------------------------------    -------------------

Slack:                    inf
  Source:                 uart_rx_controller_blk/FSM_onehot_state_reg[5]/C
                            (rising edge-triggered cell FDRE clocked by sys_clk_pin  {rise@0.000ns fall@5.000ns period=10.000ns})
  Destination:            p_data[3]
                            (output port)
  Path Group:             (none)
  Path Type:              Max at Slow Process Corner
  Data Path Delay:        7.988ns  (logic 4.151ns (51.967%)  route 3.837ns (48.033%))
  Logic Levels:           2  (LUT2=1 OBUF=1)
  Clock Uncertainty:      0.025ns  ((TSJ^2 + TIJ^2)^1/2 + DJ) / 2 + PE
    Total System Jitter     (TSJ):    0.050ns
    Total Input Jitter      (TIJ):    0.000ns
    Discrete Jitter          (DJ):    0.000ns
    Phase Error              (PE):    0.000ns

    Location             Delay type                Incr(ns)  Path(ns)    Netlist Resource(s)
  -------------------------------------------------------------------    -------------------
                         (clock sys_clk_pin rise edge)
                                                      0.000     0.000 r  
    W5                                                0.000     0.000 r  clk (IN)
                         net (fo=0)                   0.000     0.000    clk
    W5                                                                r  clk_IBUF_inst/I
    W5                   IBUF (Prop_ibuf_I_O)         1.458     1.458 r  clk_IBUF_inst/O
                         net (fo=1, routed)           1.967     3.425    clk_IBUF
    BUFGCTRL_X0Y0                                                     r  clk_IBUF_BUFG_inst/I
    BUFGCTRL_X0Y0        BUFG (Prop_bufg_I_O)         0.096     3.521 r  clk_IBUF_BUFG_inst/O
                         net (fo=31, routed)          1.558     5.079    uart_rx_controller_blk/CLK
    SLICE_X30Y15         FDRE                                         r  uart_rx_controller_blk/FSM_onehot_state_reg[5]/C
  -------------------------------------------------------------------    -------------------
    SLICE_X30Y15         FDRE (Prop_fdre_C_Q)         0.518     5.597 r  uart_rx_controller_blk/FSM_onehot_state_reg[5]/Q
                         net (fo=21, routed)          1.313     6.910    uart_rx_controller_blk/out[5]
    SLICE_X30Y19                                                      r  uart_rx_controller_blk/p_data_OBUF[3]_inst_i_1/I0
    SLICE_X30Y19         LUT2 (Prop_lut2_I0_O)        0.124     7.034 r  uart_rx_controller_blk/p_data_OBUF[3]_inst_i_1/O
                         net (fo=1, routed)           2.524     9.558    p_data_OBUF[3]
    V19                                                               r  p_data_OBUF[3]_inst/I
    V19                  OBUF (Prop_obuf_I_O)         3.509    13.067 r  p_data_OBUF[3]_inst/O
                         net (fo=0)                   0.000    13.067    p_data[3]
    V19                                                               r  p_data[3] (OUT)
  -------------------------------------------------------------------    -------------------

Slack:                    inf
  Source:                 uart_rx_controller_blk/FSM_onehot_state_reg[5]/C
                            (rising edge-triggered cell FDRE clocked by sys_clk_pin  {rise@0.000ns fall@5.000ns period=10.000ns})
  Destination:            p_data[5]
                            (output port)
  Path Group:             (none)
  Path Type:              Max at Slow Process Corner
  Data Path Delay:        7.891ns  (logic 4.156ns (52.672%)  route 3.735ns (47.328%))
  Logic Levels:           2  (LUT2=1 OBUF=1)
  Clock Uncertainty:      0.025ns  ((TSJ^2 + TIJ^2)^1/2 + DJ) / 2 + PE
    Total System Jitter     (TSJ):    0.050ns
    Total Input Jitter      (TIJ):    0.000ns
    Discrete Jitter          (DJ):    0.000ns
    Phase Error              (PE):    0.000ns

    Location             Delay type                Incr(ns)  Path(ns)    Netlist Resource(s)
  -------------------------------------------------------------------    -------------------
                         (clock sys_clk_pin rise edge)
                                                      0.000     0.000 r  
    W5                                                0.000     0.000 r  clk (IN)
                         net (fo=0)                   0.000     0.000    clk
    W5                                                                r  clk_IBUF_inst/I
    W5                   IBUF (Prop_ibuf_I_O)         1.458     1.458 r  clk_IBUF_inst/O
                         net (fo=1, routed)           1.967     3.425    clk_IBUF
    BUFGCTRL_X0Y0                                                     r  clk_IBUF_BUFG_inst/I
    BUFGCTRL_X0Y0        BUFG (Prop_bufg_I_O)         0.096     3.521 r  clk_IBUF_BUFG_inst/O
                         net (fo=31, routed)          1.558     5.079    uart_rx_controller_blk/CLK
    SLICE_X30Y15         FDRE                                         r  uart_rx_controller_blk/FSM_onehot_state_reg[5]/C
  -------------------------------------------------------------------    -------------------
    SLICE_X30Y15         FDRE (Prop_fdre_C_Q)         0.518     5.597 r  uart_rx_controller_blk/FSM_onehot_state_reg[5]/Q
                         net (fo=21, routed)          1.231     6.828    uart_rx_controller_blk/out[5]
    SLICE_X30Y18                                                      r  uart_rx_controller_blk/p_data_OBUF[5]_inst_i_1/I0
    SLICE_X30Y18         LUT2 (Prop_lut2_I0_O)        0.124     6.952 r  uart_rx_controller_blk/p_data_OBUF[5]_inst_i_1/O
                         net (fo=1, routed)           2.504     9.456    p_data_OBUF[5]
    U15                                                               r  p_data_OBUF[5]_inst/I
    U15                  OBUF (Prop_obuf_I_O)         3.514    12.971 r  p_data_OBUF[5]_inst/O
                         net (fo=0)                   0.000    12.971    p_data[5]
    U15                                                               r  p_data[5] (OUT)
  -------------------------------------------------------------------    -------------------

Slack:                    inf
  Source:                 uart_rx_controller_blk/FSM_onehot_state_reg[5]/C
                            (rising edge-triggered cell FDRE clocked by sys_clk_pin  {rise@0.000ns fall@5.000ns period=10.000ns})
  Destination:            p_data[6]
                            (output port)
  Path Group:             (none)
  Path Type:              Max at Slow Process Corner
  Data Path Delay:        7.731ns  (logic 4.148ns (53.660%)  route 3.582ns (46.340%))
  Logic Levels:           2  (LUT2=1 OBUF=1)
  Clock Uncertainty:      0.025ns  ((TSJ^2 + TIJ^2)^1/2 + DJ) / 2 + PE
    Total System Jitter     (TSJ):    0.050ns
    Total Input Jitter      (TIJ):    0.000ns
    Discrete Jitter          (DJ):    0.000ns
    Phase Error              (PE):    0.000ns

    Location             Delay type                Incr(ns)  Path(ns)    Netlist Resource(s)
  -------------------------------------------------------------------    -------------------
                         (clock sys_clk_pin rise edge)
                                                      0.000     0.000 r  
    W5                                                0.000     0.000 r  clk (IN)
                         net (fo=0)                   0.000     0.000    clk
    W5                                                                r  clk_IBUF_inst/I
    W5                   IBUF (Prop_ibuf_I_O)         1.458     1.458 r  clk_IBUF_inst/O
                         net (fo=1, routed)           1.967     3.425    clk_IBUF
    BUFGCTRL_X0Y0                                                     r  clk_IBUF_BUFG_inst/I
    BUFGCTRL_X0Y0        BUFG (Prop_bufg_I_O)         0.096     3.521 r  clk_IBUF_BUFG_inst/O
                         net (fo=31, routed)          1.558     5.079    uart_rx_controller_blk/CLK
    SLICE_X30Y15         FDRE                                         r  uart_rx_controller_blk/FSM_onehot_state_reg[5]/C
  -------------------------------------------------------------------    -------------------
    SLICE_X30Y15         FDRE (Prop_fdre_C_Q)         0.518     5.597 r  uart_rx_controller_blk/FSM_onehot_state_reg[5]/Q
                         net (fo=21, routed)          0.801     6.398    uart_rx_controller_blk/out[5]
    SLICE_X28Y12                                                      r  uart_rx_controller_blk/p_data_OBUF[6]_inst_i_1/I0
    SLICE_X28Y12         LUT2 (Prop_lut2_I0_O)        0.124     6.522 r  uart_rx_controller_blk/p_data_OBUF[6]_inst_i_1/O
                         net (fo=1, routed)           2.781     9.304    p_data_OBUF[6]
    U14                                                               r  p_data_OBUF[6]_inst/I
    U14                  OBUF (Prop_obuf_I_O)         3.506    12.810 r  p_data_OBUF[6]_inst/O
                         net (fo=0)                   0.000    12.810    p_data[6]
    U14                                                               r  p_data[6] (OUT)
  -------------------------------------------------------------------    -------------------

Slack:                    inf
  Source:                 uart_rx_controller_blk/FSM_onehot_state_reg[5]/C
                            (rising edge-triggered cell FDRE clocked by sys_clk_pin  {rise@0.000ns fall@5.000ns period=10.000ns})
  Destination:            p_data[4]
                            (output port)
  Path Group:             (none)
  Path Type:              Max at Slow Process Corner
  Data Path Delay:        7.591ns  (logic 4.151ns (54.680%)  route 3.440ns (45.320%))
  Logic Levels:           2  (LUT2=1 OBUF=1)
  Clock Uncertainty:      0.025ns  ((TSJ^2 + TIJ^2)^1/2 + DJ) / 2 + PE
    Total System Jitter     (TSJ):    0.050ns
    Total Input Jitter      (TIJ):    0.000ns
    Discrete Jitter          (DJ):    0.000ns
    Phase Error              (PE):    0.000ns

    Location             Delay type                Incr(ns)  Path(ns)    Netlist Resource(s)
  -------------------------------------------------------------------    -------------------
                         (clock sys_clk_pin rise edge)
                                                      0.000     0.000 r  
    W5                                                0.000     0.000 r  clk (IN)
                         net (fo=0)                   0.000     0.000    clk
    W5                                                                r  clk_IBUF_inst/I
    W5                   IBUF (Prop_ibuf_I_O)         1.458     1.458 r  clk_IBUF_inst/O
                         net (fo=1, routed)           1.967     3.425    clk_IBUF
    BUFGCTRL_X0Y0                                                     r  clk_IBUF_BUFG_inst/I
    BUFGCTRL_X0Y0        BUFG (Prop_bufg_I_O)         0.096     3.521 r  clk_IBUF_BUFG_inst/O
                         net (fo=31, routed)          1.558     5.079    uart_rx_controller_blk/CLK
    SLICE_X30Y15         FDRE                                         r  uart_rx_controller_blk/FSM_onehot_state_reg[5]/C
  -------------------------------------------------------------------    -------------------
    SLICE_X30Y15         FDRE (Prop_fdre_C_Q)         0.518     5.597 r  uart_rx_controller_blk/FSM_onehot_state_reg[5]/Q
                         net (fo=21, routed)          1.035     6.632    uart_rx_controller_blk/out[5]
    SLICE_X30Y19                                                      r  uart_rx_controller_blk/p_data_OBUF[4]_inst_i_1/I0
    SLICE_X30Y19         LUT2 (Prop_lut2_I0_O)        0.124     6.756 r  uart_rx_controller_blk/p_data_OBUF[4]_inst_i_1/O
                         net (fo=1, routed)           2.405     9.161    p_data_OBUF[4]
    W18                                                               r  p_data_OBUF[4]_inst/I
    W18                  OBUF (Prop_obuf_I_O)         3.509    12.670 r  p_data_OBUF[4]_inst/O
                         net (fo=0)                   0.000    12.670    p_data[4]
    W18                                                               r  p_data[4] (OUT)
  -------------------------------------------------------------------    -------------------

Slack:                    inf
  Source:                 uart_rx_controller_blk/FSM_onehot_state_reg[5]/C
                            (rising edge-triggered cell FDRE clocked by sys_clk_pin  {rise@0.000ns fall@5.000ns period=10.000ns})
  Destination:            p_data[7]
                            (output port)
  Path Group:             (none)
  Path Type:              Max at Slow Process Corner
  Data Path Delay:        7.557ns  (logic 4.143ns (54.820%)  route 3.414ns (45.180%))
  Logic Levels:           2  (LUT2=1 OBUF=1)
  Clock Uncertainty:      0.025ns  ((TSJ^2 + TIJ^2)^1/2 + DJ) / 2 + PE
    Total System Jitter     (TSJ):    0.050ns
    Total Input Jitter      (TIJ):    0.000ns
    Discrete Jitter          (DJ):    0.000ns
    Phase Error              (PE):    0.000ns

    Location             Delay type                Incr(ns)  Path(ns)    Netlist Resource(s)
  -------------------------------------------------------------------    -------------------
                         (clock sys_clk_pin rise edge)
                                                      0.000     0.000 r  
    W5                                                0.000     0.000 r  clk (IN)
                         net (fo=0)                   0.000     0.000    clk
    W5                                                                r  clk_IBUF_inst/I
    W5                   IBUF (Prop_ibuf_I_O)         1.458     1.458 r  clk_IBUF_inst/O
                         net (fo=1, routed)           1.967     3.425    clk_IBUF
    BUFGCTRL_X0Y0                                                     r  clk_IBUF_BUFG_inst/I
    BUFGCTRL_X0Y0        BUFG (Prop_bufg_I_O)         0.096     3.521 r  clk_IBUF_BUFG_inst/O
                         net (fo=31, routed)          1.558     5.079    uart_rx_controller_blk/CLK
    SLICE_X30Y15         FDRE                                         r  uart_rx_controller_blk/FSM_onehot_state_reg[5]/C
  -------------------------------------------------------------------    -------------------
    SLICE_X30Y15         FDRE (Prop_fdre_C_Q)         0.518     5.597 r  uart_rx_controller_blk/FSM_onehot_state_reg[5]/Q
                         net (fo=21, routed)          0.790     6.387    uart_rx_controller_blk/out[5]
    SLICE_X28Y12                                                      r  uart_rx_controller_blk/p_data_OBUF[7]_inst_i_1/I0
    SLICE_X28Y12         LUT2 (Prop_lut2_I0_O)        0.124     6.511 r  uart_rx_controller_blk/p_data_OBUF[7]_inst_i_1/O
                         net (fo=1, routed)           2.624     9.135    p_data_OBUF[7]
    V14                                                               r  p_data_OBUF[7]_inst/I
    V14                  OBUF (Prop_obuf_I_O)         3.501    12.636 r  p_data_OBUF[7]_inst/O
                         net (fo=0)                   0.000    12.636    p_data[7]
    V14                                                               r  p_data[7] (OUT)
  -------------------------------------------------------------------    -------------------

Slack:                    inf
  Source:                 uart_rx_deserializer_blk/p_data_temp_reg[6]/C
                            (rising edge-triggered cell FDCE clocked by sys_clk_pin  {rise@0.000ns fall@5.000ns period=10.000ns})
  Destination:            p_data[8]
                            (output port)
  Path Group:             (none)
  Path Type:              Max at Slow Process Corner
  Data Path Delay:        7.528ns  (logic 4.084ns (54.251%)  route 3.444ns (45.749%))
  Logic Levels:           2  (LUT2=1 OBUF=1)
  Clock Uncertainty:      0.025ns  ((TSJ^2 + TIJ^2)^1/2 + DJ) / 2 + PE
    Total System Jitter     (TSJ):    0.050ns
    Total Input Jitter      (TIJ):    0.000ns
    Discrete Jitter          (DJ):    0.000ns
    Phase Error              (PE):    0.000ns

    Location             Delay type                Incr(ns)  Path(ns)    Netlist Resource(s)
  -------------------------------------------------------------------    -------------------
                         (clock sys_clk_pin rise edge)
                                                      0.000     0.000 r  
    W5                                                0.000     0.000 r  clk (IN)
                         net (fo=0)                   0.000     0.000    clk
    W5                                                                r  clk_IBUF_inst/I
    W5                   IBUF (Prop_ibuf_I_O)         1.458     1.458 r  clk_IBUF_inst/O
                         net (fo=1, routed)           1.967     3.425    clk_IBUF
    BUFGCTRL_X0Y0                                                     r  clk_IBUF_BUFG_inst/I
    BUFGCTRL_X0Y0        BUFG (Prop_bufg_I_O)         0.096     3.521 r  clk_IBUF_BUFG_inst/O
                         net (fo=31, routed)          1.558     5.079    uart_rx_deserializer_blk/CLK
    SLICE_X28Y16         FDCE                                         r  uart_rx_deserializer_blk/p_data_temp_reg[6]/C
  -------------------------------------------------------------------    -------------------
    SLICE_X28Y16         FDCE (Prop_fdce_C_Q)         0.456     5.535 r  uart_rx_deserializer_blk/p_data_temp_reg[6]/Q
                         net (fo=2, routed)           0.798     6.333    uart_rx_controller_blk/p_data_temp[6]
    SLICE_X28Y12                                                      r  uart_rx_controller_blk/p_data_OBUF[8]_inst_i_1/I1
    SLICE_X28Y12         LUT2 (Prop_lut2_I1_O)        0.124     6.457 r  uart_rx_controller_blk/p_data_OBUF[8]_inst_i_1/O
                         net (fo=1, routed)           2.646     9.103    p_data_OBUF[8]
    V13                                                               r  p_data_OBUF[8]_inst/I
    V13                  OBUF (Prop_obuf_I_O)         3.504    12.607 r  p_data_OBUF[8]_inst/O
                         net (fo=0)                   0.000    12.607    p_data[8]
    V13                                                               r  p_data[8] (OUT)
  -------------------------------------------------------------------    -------------------

Slack:                    inf
  Source:                 uart_rx_controller_blk/FSM_onehot_state_reg[5]/C
                            (rising edge-triggered cell FDRE clocked by sys_clk_pin  {rise@0.000ns fall@5.000ns period=10.000ns})
  Destination:            p_data[2]
                            (output port)
  Path Group:             (none)
  Path Type:              Max at Slow Process Corner
  Data Path Delay:        7.473ns  (logic 4.143ns (55.436%)  route 3.331ns (44.564%))
  Logic Levels:           2  (LUT2=1 OBUF=1)
  Clock Uncertainty:      0.025ns  ((TSJ^2 + TIJ^2)^1/2 + DJ) / 2 + PE
    Total System Jitter     (TSJ):    0.050ns
    Total Input Jitter      (TIJ):    0.000ns
    Discrete Jitter          (DJ):    0.000ns
    Phase Error              (PE):    0.000ns

    Location             Delay type                Incr(ns)  Path(ns)    Netlist Resource(s)
  -------------------------------------------------------------------    -------------------
                         (clock sys_clk_pin rise edge)
                                                      0.000     0.000 r  
    W5                                                0.000     0.000 r  clk (IN)
                         net (fo=0)                   0.000     0.000    clk
    W5                                                                r  clk_IBUF_inst/I
    W5                   IBUF (Prop_ibuf_I_O)         1.458     1.458 r  clk_IBUF_inst/O
                         net (fo=1, routed)           1.967     3.425    clk_IBUF
    BUFGCTRL_X0Y0                                                     r  clk_IBUF_BUFG_inst/I
    BUFGCTRL_X0Y0        BUFG (Prop_bufg_I_O)         0.096     3.521 r  clk_IBUF_BUFG_inst/O
                         net (fo=31, routed)          1.558     5.079    uart_rx_controller_blk/CLK
    SLICE_X30Y15         FDRE                                         r  uart_rx_controller_blk/FSM_onehot_state_reg[5]/C
  -------------------------------------------------------------------    -------------------
    SLICE_X30Y15         FDRE (Prop_fdre_C_Q)         0.518     5.597 r  uart_rx_controller_blk/FSM_onehot_state_reg[5]/Q
                         net (fo=21, routed)          0.794     6.391    uart_rx_controller_blk/out[5]
    SLICE_X28Y18                                                      r  uart_rx_controller_blk/p_data_OBUF[2]_inst_i_1/I0
    SLICE_X28Y18         LUT2 (Prop_lut2_I0_O)        0.124     6.515 r  uart_rx_controller_blk/p_data_OBUF[2]_inst_i_1/O
                         net (fo=1, routed)           2.536     9.052    p_data_OBUF[2]
    U19                                                               r  p_data_OBUF[2]_inst/I
    U19                  OBUF (Prop_obuf_I_O)         3.501    12.553 r  p_data_OBUF[2]_inst/O
                         net (fo=0)                   0.000    12.553    p_data[2]
    U19                                                               r  p_data[2] (OUT)
  -------------------------------------------------------------------    -------------------





Min Delay Paths
--------------------------------------------------------------------------------------
Slack:                    inf
  Source:                 uart_rx_deserializer_blk/p_data_temp_reg[0]/C
                            (rising edge-triggered cell FDCE clocked by sys_clk_pin  {rise@0.000ns fall@5.000ns period=10.000ns})
  Destination:            p_data[2]
                            (output port)
  Path Group:             (none)
  Path Type:              Min at Fast Process Corner
  Data Path Delay:        2.335ns  (logic 1.388ns (59.440%)  route 0.947ns (40.560%))
  Logic Levels:           2  (LUT2=1 OBUF=1)
  Clock Uncertainty:      0.025ns  ((TSJ^2 + TIJ^2)^1/2 + DJ) / 2 + PE
    Total System Jitter     (TSJ):    0.050ns
    Total Input Jitter      (TIJ):    0.000ns
    Discrete Jitter          (DJ):    0.000ns
    Phase Error              (PE):    0.000ns

    Location             Delay type                Incr(ns)  Path(ns)    Netlist Resource(s)
  -------------------------------------------------------------------    -------------------
                         (clock sys_clk_pin rise edge)
                                                      0.000     0.000 r  
    W5                                                0.000     0.000 r  clk (IN)
                         net (fo=0)                   0.000     0.000    clk
    W5                                                                r  clk_IBUF_inst/I
    W5                   IBUF (Prop_ibuf_I_O)         0.226     0.226 r  clk_IBUF_inst/O
                         net (fo=1, routed)           0.631     0.858    clk_IBUF
    BUFGCTRL_X0Y0                                                     r  clk_IBUF_BUFG_inst/I
    BUFGCTRL_X0Y0        BUFG (Prop_bufg_I_O)         0.026     0.884 r  clk_IBUF_BUFG_inst/O
                         net (fo=31, routed)          0.556     1.439    uart_rx_deserializer_blk/CLK
    SLICE_X28Y18         FDCE                                         r  uart_rx_deserializer_blk/p_data_temp_reg[0]/C
  -------------------------------------------------------------------    -------------------
    SLICE_X28Y18         FDCE (Prop_fdce_C_Q)         0.141     1.580 r  uart_rx_deserializer_blk/p_data_temp_reg[0]/Q
                         net (fo=2, routed)           0.173     1.753    uart_rx_controller_blk/p_data_temp[0]
    SLICE_X28Y18                                                      r  uart_rx_controller_blk/p_data_OBUF[2]_inst_i_1/I1
    SLICE_X28Y18         LUT2 (Prop_lut2_I1_O)        0.045     1.798 r  uart_rx_controller_blk/p_data_OBUF[2]_inst_i_1/O
                         net (fo=1, routed)           0.774     2.572    p_data_OBUF[2]
    U19                                                               r  p_data_OBUF[2]_inst/I
    U19                  OBUF (Prop_obuf_I_O)         1.202     3.774 r  p_data_OBUF[2]_inst/O
                         net (fo=0)                   0.000     3.774    p_data[2]
    U19                                                               r  p_data[2] (OUT)
  -------------------------------------------------------------------    -------------------

Slack:                    inf
  Source:                 uart_rx_deserializer_blk/p_data_temp_reg[3]/C
                            (rising edge-triggered cell FDCE clocked by sys_clk_pin  {rise@0.000ns fall@5.000ns period=10.000ns})
  Destination:            p_data[5]
                            (output port)
  Path Group:             (none)
  Path Type:              Min at Fast Process Corner
  Data Path Delay:        2.350ns  (logic 1.402ns (59.642%)  route 0.948ns (40.358%))
  Logic Levels:           2  (LUT2=1 OBUF=1)
  Clock Uncertainty:      0.025ns  ((TSJ^2 + TIJ^2)^1/2 + DJ) / 2 + PE
    Total System Jitter     (TSJ):    0.050ns
    Total Input Jitter      (TIJ):    0.000ns
    Discrete Jitter          (DJ):    0.000ns
    Phase Error              (PE):    0.000ns

    Location             Delay type                Incr(ns)  Path(ns)    Netlist Resource(s)
  -------------------------------------------------------------------    -------------------
                         (clock sys_clk_pin rise edge)
                                                      0.000     0.000 r  
    W5                                                0.000     0.000 r  clk (IN)
                         net (fo=0)                   0.000     0.000    clk
    W5                                                                r  clk_IBUF_inst/I
    W5                   IBUF (Prop_ibuf_I_O)         0.226     0.226 r  clk_IBUF_inst/O
                         net (fo=1, routed)           0.631     0.858    clk_IBUF
    BUFGCTRL_X0Y0                                                     r  clk_IBUF_BUFG_inst/I
    BUFGCTRL_X0Y0        BUFG (Prop_bufg_I_O)         0.026     0.884 r  clk_IBUF_BUFG_inst/O
                         net (fo=31, routed)          0.556     1.439    uart_rx_deserializer_blk/CLK
    SLICE_X31Y18         FDCE                                         r  uart_rx_deserializer_blk/p_data_temp_reg[3]/C
  -------------------------------------------------------------------    -------------------
    SLICE_X31Y18         FDCE (Prop_fdce_C_Q)         0.141     1.580 r  uart_rx_deserializer_blk/p_data_temp_reg[3]/Q
                         net (fo=2, routed)           0.205     1.785    uart_rx_controller_blk/p_data_temp[3]
    SLICE_X30Y18                                                      r  uart_rx_controller_blk/p_data_OBUF[5]_inst_i_1/I1
    SLICE_X30Y18         LUT2 (Prop_lut2_I1_O)        0.045     1.830 r  uart_rx_controller_blk/p_data_OBUF[5]_inst_i_1/O
                         net (fo=1, routed)           0.743     2.574    p_data_OBUF[5]
    U15                                                               r  p_data_OBUF[5]_inst/I
    U15                  OBUF (Prop_obuf_I_O)         1.216     3.789 r  p_data_OBUF[5]_inst/O
                         net (fo=0)                   0.000     3.789    p_data[5]
    U15                                                               r  p_data[5] (OUT)
  -------------------------------------------------------------------    -------------------

Slack:                    inf
  Source:                 uart_rx_deserializer_blk/p_data_temp_reg[2]/C
                            (rising edge-triggered cell FDCE clocked by sys_clk_pin  {rise@0.000ns fall@5.000ns period=10.000ns})
  Destination:            p_data[4]
                            (output port)
  Path Group:             (none)
  Path Type:              Min at Fast Process Corner
  Data Path Delay:        2.365ns  (logic 1.419ns (59.987%)  route 0.946ns (40.013%))
  Logic Levels:           2  (LUT2=1 OBUF=1)
  Clock Uncertainty:      0.025ns  ((TSJ^2 + TIJ^2)^1/2 + DJ) / 2 + PE
    Total System Jitter     (TSJ):    0.050ns
    Total Input Jitter      (TIJ):    0.000ns
    Discrete Jitter          (DJ):    0.000ns
    Phase Error              (PE):    0.000ns

    Location             Delay type                Incr(ns)  Path(ns)    Netlist Resource(s)
  -------------------------------------------------------------------    -------------------
                         (clock sys_clk_pin rise edge)
                                                      0.000     0.000 r  
    W5                                                0.000     0.000 r  clk (IN)
                         net (fo=0)                   0.000     0.000    clk
    W5                                                                r  clk_IBUF_inst/I
    W5                   IBUF (Prop_ibuf_I_O)         0.226     0.226 r  clk_IBUF_inst/O
                         net (fo=1, routed)           0.631     0.858    clk_IBUF
    BUFGCTRL_X0Y0                                                     r  clk_IBUF_BUFG_inst/I
    BUFGCTRL_X0Y0        BUFG (Prop_bufg_I_O)         0.026     0.884 r  clk_IBUF_BUFG_inst/O
                         net (fo=31, routed)          0.555     1.438    uart_rx_deserializer_blk/CLK
    SLICE_X30Y19         FDCE                                         r  uart_rx_deserializer_blk/p_data_temp_reg[2]/C
  -------------------------------------------------------------------    -------------------
    SLICE_X30Y19         FDCE (Prop_fdce_C_Q)         0.164     1.602 r  uart_rx_deserializer_blk/p_data_temp_reg[2]/Q
                         net (fo=2, routed)           0.209     1.811    uart_rx_controller_blk/p_data_temp[2]
    SLICE_X30Y19                                                      r  uart_rx_controller_blk/p_data_OBUF[4]_inst_i_1/I1
    SLICE_X30Y19         LUT2 (Prop_lut2_I1_O)        0.045     1.856 r  uart_rx_controller_blk/p_data_OBUF[4]_inst_i_1/O
                         net (fo=1, routed)           0.737     2.593    p_data_OBUF[4]
    W18                                                               r  p_data_OBUF[4]_inst/I
    W18                  OBUF (Prop_obuf_I_O)         1.210     3.803 r  p_data_OBUF[4]_inst/O
                         net (fo=0)                   0.000     3.803    p_data[4]
    W18                                                               r  p_data[4] (OUT)
  -------------------------------------------------------------------    -------------------

Slack:                    inf
  Source:                 uart_rx_deserializer_blk/p_data_temp_reg[5]/C
                            (rising edge-triggered cell FDCE clocked by sys_clk_pin  {rise@0.000ns fall@5.000ns period=10.000ns})
  Destination:            p_data[7]
                            (output port)
  Path Group:             (none)
  Path Type:              Min at Fast Process Corner
  Data Path Delay:        2.409ns  (logic 1.388ns (57.610%)  route 1.021ns (42.390%))
  Logic Levels:           2  (LUT2=1 OBUF=1)
  Clock Uncertainty:      0.025ns  ((TSJ^2 + TIJ^2)^1/2 + DJ) / 2 + PE
    Total System Jitter     (TSJ):    0.050ns
    Total Input Jitter      (TIJ):    0.000ns
    Discrete Jitter          (DJ):    0.000ns
    Phase Error              (PE):    0.000ns

    Location             Delay type                Incr(ns)  Path(ns)    Netlist Resource(s)
  -------------------------------------------------------------------    -------------------
                         (clock sys_clk_pin rise edge)
                                                      0.000     0.000 r  
    W5                                                0.000     0.000 r  clk (IN)
                         net (fo=0)                   0.000     0.000    clk
    W5                                                                r  clk_IBUF_inst/I
    W5                   IBUF (Prop_ibuf_I_O)         0.226     0.226 r  clk_IBUF_inst/O
                         net (fo=1, routed)           0.631     0.858    clk_IBUF
    BUFGCTRL_X0Y0                                                     r  clk_IBUF_BUFG_inst/I
    BUFGCTRL_X0Y0        BUFG (Prop_bufg_I_O)         0.026     0.884 r  clk_IBUF_BUFG_inst/O
                         net (fo=31, routed)          0.558     1.441    uart_rx_deserializer_blk/CLK
    SLICE_X28Y16         FDCE                                         r  uart_rx_deserializer_blk/p_data_temp_reg[5]/C
  -------------------------------------------------------------------    -------------------
    SLICE_X28Y16         FDCE (Prop_fdce_C_Q)         0.141     1.582 r  uart_rx_deserializer_blk/p_data_temp_reg[5]/Q
                         net (fo=2, routed)           0.191     1.773    uart_rx_controller_blk/p_data_temp[5]
    SLICE_X28Y12                                                      r  uart_rx_controller_blk/p_data_OBUF[7]_inst_i_1/I1
    SLICE_X28Y12         LUT2 (Prop_lut2_I1_O)        0.045     1.818 r  uart_rx_controller_blk/p_data_OBUF[7]_inst_i_1/O
                         net (fo=1, routed)           0.830     2.648    p_data_OBUF[7]
    V14                                                               r  p_data_OBUF[7]_inst/I
    V14                  OBUF (Prop_obuf_I_O)         1.202     3.850 r  p_data_OBUF[7]_inst/O
                         net (fo=0)                   0.000     3.850    p_data[7]
    V14                                                               r  p_data[7] (OUT)
  -------------------------------------------------------------------    -------------------

Slack:                    inf
  Source:                 uart_rx_controller_blk/FSM_onehot_state_reg[5]/C
                            (rising edge-triggered cell FDRE clocked by sys_clk_pin  {rise@0.000ns fall@5.000ns period=10.000ns})
  Destination:            data_valid
                            (output port)
  Path Group:             (none)
  Path Type:              Min at Fast Process Corner
  Data Path Delay:        2.436ns  (logic 1.370ns (56.245%)  route 1.066ns (43.755%))
  Logic Levels:           1  (OBUF=1)
  Clock Uncertainty:      0.025ns  ((TSJ^2 + TIJ^2)^1/2 + DJ) / 2 + PE
    Total System Jitter     (TSJ):    0.050ns
    Total Input Jitter      (TIJ):    0.000ns
    Discrete Jitter          (DJ):    0.000ns
    Phase Error              (PE):    0.000ns

    Location             Delay type                Incr(ns)  Path(ns)    Netlist Resource(s)
  -------------------------------------------------------------------    -------------------
                         (clock sys_clk_pin rise edge)
                                                      0.000     0.000 r  
    W5                                                0.000     0.000 r  clk (IN)
                         net (fo=0)                   0.000     0.000    clk
    W5                                                                r  clk_IBUF_inst/I
    W5                   IBUF (Prop_ibuf_I_O)         0.226     0.226 r  clk_IBUF_inst/O
                         net (fo=1, routed)           0.631     0.858    clk_IBUF
    BUFGCTRL_X0Y0                                                     r  clk_IBUF_BUFG_inst/I
    BUFGCTRL_X0Y0        BUFG (Prop_bufg_I_O)         0.026     0.884 r  clk_IBUF_BUFG_inst/O
                         net (fo=31, routed)          0.559     1.442    uart_rx_controller_blk/CLK
    SLICE_X30Y15         FDRE                                         r  uart_rx_controller_blk/FSM_onehot_state_reg[5]/C
  -------------------------------------------------------------------    -------------------
    SLICE_X30Y15         FDRE (Prop_fdre_C_Q)         0.164     1.606 r  uart_rx_controller_blk/FSM_onehot_state_reg[5]/Q
                         net (fo=21, routed)          1.066     2.672    uart_rx_controller_blk_n_0
    U16                                                               r  data_valid_OBUF_inst/I
    U16                  OBUF (Prop_obuf_I_O)         1.206     3.878 r  data_valid_OBUF_inst/O
                         net (fo=0)                   0.000     3.878    data_valid
    U16                                                               r  data_valid (OUT)
  -------------------------------------------------------------------    -------------------

Slack:                    inf
  Source:                 uart_rx_deserializer_blk/p_data_temp_reg[1]/C
                            (rising edge-triggered cell FDCE clocked by sys_clk_pin  {rise@0.000ns fall@5.000ns period=10.000ns})
  Destination:            p_data[3]
                            (output port)
  Path Group:             (none)
  Path Type:              Min at Fast Process Corner
  Data Path Delay:        2.499ns  (logic 1.419ns (56.798%)  route 1.079ns (43.202%))
  Logic Levels:           2  (LUT2=1 OBUF=1)
  Clock Uncertainty:      0.025ns  ((TSJ^2 + TIJ^2)^1/2 + DJ) / 2 + PE
    Total System Jitter     (TSJ):    0.050ns
    Total Input Jitter      (TIJ):    0.000ns
    Discrete Jitter          (DJ):    0.000ns
    Phase Error              (PE):    0.000ns

    Location             Delay type                Incr(ns)  Path(ns)    Netlist Resource(s)
  -------------------------------------------------------------------    -------------------
                         (clock sys_clk_pin rise edge)
                                                      0.000     0.000 r  
    W5                                                0.000     0.000 r  clk (IN)
                         net (fo=0)                   0.000     0.000    clk
    W5                                                                r  clk_IBUF_inst/I
    W5                   IBUF (Prop_ibuf_I_O)         0.226     0.226 r  clk_IBUF_inst/O
                         net (fo=1, routed)           0.631     0.858    clk_IBUF
    BUFGCTRL_X0Y0                                                     r  clk_IBUF_BUFG_inst/I
    BUFGCTRL_X0Y0        BUFG (Prop_bufg_I_O)         0.026     0.884 r  clk_IBUF_BUFG_inst/O
                         net (fo=31, routed)          0.555     1.438    uart_rx_deserializer_blk/CLK
    SLICE_X30Y19         FDCE                                         r  uart_rx_deserializer_blk/p_data_temp_reg[1]/C
  -------------------------------------------------------------------    -------------------
    SLICE_X30Y19         FDCE (Prop_fdce_C_Q)         0.164     1.602 r  uart_rx_deserializer_blk/p_data_temp_reg[1]/Q
                         net (fo=2, routed)           0.286     1.888    uart_rx_controller_blk/p_data_temp[1]
    SLICE_X30Y19                                                      r  uart_rx_controller_blk/p_data_OBUF[3]_inst_i_1/I1
    SLICE_X30Y19         LUT2 (Prop_lut2_I1_O)        0.045     1.933 r  uart_rx_controller_blk/p_data_OBUF[3]_inst_i_1/O
                         net (fo=1, routed)           0.793     2.727    p_data_OBUF[3]
    V19                                                               r  p_data_OBUF[3]_inst/I
    V19                  OBUF (Prop_obuf_I_O)         1.210     3.937 r  p_data_OBUF[3]_inst/O
                         net (fo=0)                   0.000     3.937    p_data[3]
    V19                                                               r  p_data[3] (OUT)
  -------------------------------------------------------------------    -------------------

Slack:                    inf
  Source:                 uart_rx_controller_blk/FSM_onehot_state_reg[5]/C
                            (rising edge-triggered cell FDRE clocked by sys_clk_pin  {rise@0.000ns fall@5.000ns period=10.000ns})
  Destination:            p_data[8]
                            (output port)
  Path Group:             (none)
  Path Type:              Min at Fast Process Corner
  Data Path Delay:        2.508ns  (logic 1.414ns (56.381%)  route 1.094ns (43.619%))
  Logic Levels:           2  (LUT2=1 OBUF=1)
  Clock Uncertainty:      0.025ns  ((TSJ^2 + TIJ^2)^1/2 + DJ) / 2 + PE
    Total System Jitter     (TSJ):    0.050ns
    Total Input Jitter      (TIJ):    0.000ns
    Discrete Jitter          (DJ):    0.000ns
    Phase Error              (PE):    0.000ns

    Location             Delay type                Incr(ns)  Path(ns)    Netlist Resource(s)
  -------------------------------------------------------------------    -------------------
                         (clock sys_clk_pin rise edge)
                                                      0.000     0.000 r  
    W5                                                0.000     0.000 r  clk (IN)
                         net (fo=0)                   0.000     0.000    clk
    W5                                                                r  clk_IBUF_inst/I
    W5                   IBUF (Prop_ibuf_I_O)         0.226     0.226 r  clk_IBUF_inst/O
                         net (fo=1, routed)           0.631     0.858    clk_IBUF
    BUFGCTRL_X0Y0                                                     r  clk_IBUF_BUFG_inst/I
    BUFGCTRL_X0Y0        BUFG (Prop_bufg_I_O)         0.026     0.884 r  clk_IBUF_BUFG_inst/O
                         net (fo=31, routed)          0.559     1.442    uart_rx_controller_blk/CLK
    SLICE_X30Y15         FDRE                                         r  uart_rx_controller_blk/FSM_onehot_state_reg[5]/C
  -------------------------------------------------------------------    -------------------
    SLICE_X30Y15         FDRE (Prop_fdre_C_Q)         0.164     1.606 r  uart_rx_controller_blk/FSM_onehot_state_reg[5]/Q
                         net (fo=21, routed)          0.232     1.838    uart_rx_controller_blk/out[5]
    SLICE_X28Y12                                                      r  uart_rx_controller_blk/p_data_OBUF[8]_inst_i_1/I0
    SLICE_X28Y12         LUT2 (Prop_lut2_I0_O)        0.045     1.883 r  uart_rx_controller_blk/p_data_OBUF[8]_inst_i_1/O
                         net (fo=1, routed)           0.862     2.745    p_data_OBUF[8]
    V13                                                               r  p_data_OBUF[8]_inst/I
    V13                  OBUF (Prop_obuf_I_O)         1.205     3.950 r  p_data_OBUF[8]_inst/O
                         net (fo=0)                   0.000     3.950    p_data[8]
    V13                                                               r  p_data[8] (OUT)
  -------------------------------------------------------------------    -------------------

Slack:                    inf
  Source:                 uart_rx_deserializer_blk/p_data_temp_reg[4]/C
                            (rising edge-triggered cell FDCE clocked by sys_clk_pin  {rise@0.000ns fall@5.000ns period=10.000ns})
  Destination:            p_data[6]
                            (output port)
  Path Group:             (none)
  Path Type:              Min at Fast Process Corner
  Data Path Delay:        2.610ns  (logic 1.393ns (53.390%)  route 1.216ns (46.610%))
  Logic Levels:           2  (LUT2=1 OBUF=1)
  Clock Uncertainty:      0.025ns  ((TSJ^2 + TIJ^2)^1/2 + DJ) / 2 + PE
    Total System Jitter     (TSJ):    0.050ns
    Total Input Jitter      (TIJ):    0.000ns
    Discrete Jitter          (DJ):    0.000ns
    Phase Error              (PE):    0.000ns

    Location             Delay type                Incr(ns)  Path(ns)    Netlist Resource(s)
  -------------------------------------------------------------------    -------------------
                         (clock sys_clk_pin rise edge)
                                                      0.000     0.000 r  
    W5                                                0.000     0.000 r  clk (IN)
                         net (fo=0)                   0.000     0.000    clk
    W5                                                                r  clk_IBUF_inst/I
    W5                   IBUF (Prop_ibuf_I_O)         0.226     0.226 r  clk_IBUF_inst/O
                         net (fo=1, routed)           0.631     0.858    clk_IBUF
    BUFGCTRL_X0Y0                                                     r  clk_IBUF_BUFG_inst/I
    BUFGCTRL_X0Y0        BUFG (Prop_bufg_I_O)         0.026     0.884 r  clk_IBUF_BUFG_inst/O
                         net (fo=31, routed)          0.558     1.441    uart_rx_deserializer_blk/CLK
    SLICE_X28Y16         FDCE                                         r  uart_rx_deserializer_blk/p_data_temp_reg[4]/C
  -------------------------------------------------------------------    -------------------
    SLICE_X28Y16         FDCE (Prop_fdce_C_Q)         0.141     1.582 r  uart_rx_deserializer_blk/p_data_temp_reg[4]/Q
                         net (fo=2, routed)           0.304     1.886    uart_rx_controller_blk/p_data_temp[4]
    SLICE_X28Y12                                                      r  uart_rx_controller_blk/p_data_OBUF[6]_inst_i_1/I1
    SLICE_X28Y12         LUT2 (Prop_lut2_I1_O)        0.045     1.931 r  uart_rx_controller_blk/p_data_OBUF[6]_inst_i_1/O
                         net (fo=1, routed)           0.912     2.843    p_data_OBUF[6]
    U14                                                               r  p_data_OBUF[6]_inst/I
    U14                  OBUF (Prop_obuf_I_O)         1.207     4.051 r  p_data_OBUF[6]_inst/O
                         net (fo=0)                   0.000     4.051    p_data[6]
    U14                                                               r  p_data[6] (OUT)
  -------------------------------------------------------------------    -------------------

Slack:                    inf
  Source:                 uart_rx_deserializer_blk/p_data_temp_reg[7]/C
                            (rising edge-triggered cell FDCE clocked by sys_clk_pin  {rise@0.000ns fall@5.000ns period=10.000ns})
  Destination:            p_data[9]
                            (output port)
  Path Group:             (none)
  Path Type:              Min at Fast Process Corner
  Data Path Delay:        2.622ns  (logic 1.395ns (53.219%)  route 1.227ns (46.781%))
  Logic Levels:           2  (LUT2=1 OBUF=1)
  Clock Uncertainty:      0.025ns  ((TSJ^2 + TIJ^2)^1/2 + DJ) / 2 + PE
    Total System Jitter     (TSJ):    0.050ns
    Total Input Jitter      (TIJ):    0.000ns
    Discrete Jitter          (DJ):    0.000ns
    Phase Error              (PE):    0.000ns

    Location             Delay type                Incr(ns)  Path(ns)    Netlist Resource(s)
  -------------------------------------------------------------------    -------------------
                         (clock sys_clk_pin rise edge)
                                                      0.000     0.000 r  
    W5                                                0.000     0.000 r  clk (IN)
                         net (fo=0)                   0.000     0.000    clk
    W5                                                                r  clk_IBUF_inst/I
    W5                   IBUF (Prop_ibuf_I_O)         0.226     0.226 r  clk_IBUF_inst/O
                         net (fo=1, routed)           0.631     0.858    clk_IBUF
    BUFGCTRL_X0Y0                                                     r  clk_IBUF_BUFG_inst/I
    BUFGCTRL_X0Y0        BUFG (Prop_bufg_I_O)         0.026     0.884 r  clk_IBUF_BUFG_inst/O
                         net (fo=31, routed)          0.555     1.438    uart_rx_deserializer_blk/CLK
    SLICE_X31Y19         FDCE                                         r  uart_rx_deserializer_blk/p_data_temp_reg[7]/C
  -------------------------------------------------------------------    -------------------
    SLICE_X31Y19         FDCE (Prop_fdce_C_Q)         0.141     1.579 r  uart_rx_deserializer_blk/p_data_temp_reg[7]/Q
                         net (fo=2, routed)           0.149     1.728    uart_rx_controller_blk/p_data_temp[7]
    SLICE_X31Y20                                                      r  uart_rx_controller_blk/p_data_OBUF[9]_inst_i_1/I1
    SLICE_X31Y20         LUT2 (Prop_lut2_I1_O)        0.045     1.773 r  uart_rx_controller_blk/p_data_OBUF[9]_inst_i_1/O
                         net (fo=1, routed)           1.077     2.851    p_data_OBUF[9]
    V3                                                                r  p_data_OBUF[9]_inst/I
    V3                   OBUF (Prop_obuf_I_O)         1.209     4.060 r  p_data_OBUF[9]_inst/O
                         net (fo=0)                   0.000     4.060    p_data[9]
    V3                                                                r  p_data[9] (OUT)
  -------------------------------------------------------------------    -------------------

Slack:                    inf
  Source:                 uart_rx_parity_check_blk/calc_par_bit_reg/C
                            (rising edge-triggered cell FDCE clocked by sys_clk_pin  {rise@0.000ns fall@5.000ns period=10.000ns})
  Destination:            p_data[1]
                            (output port)
  Path Group:             (none)
  Path Type:              Min at Fast Process Corner
  Data Path Delay:        2.772ns  (logic 1.440ns (51.941%)  route 1.332ns (48.059%))
  Logic Levels:           2  (LUT3=1 OBUF=1)
  Clock Uncertainty:      0.025ns  ((TSJ^2 + TIJ^2)^1/2 + DJ) / 2 + PE
    Total System Jitter     (TSJ):    0.050ns
    Total Input Jitter      (TIJ):    0.000ns
    Discrete Jitter          (DJ):    0.000ns
    Phase Error              (PE):    0.000ns

    Location             Delay type                Incr(ns)  Path(ns)    Netlist Resource(s)
  -------------------------------------------------------------------    -------------------
                         (clock sys_clk_pin rise edge)
                                                      0.000     0.000 r  
    W5                                                0.000     0.000 r  clk (IN)
                         net (fo=0)                   0.000     0.000    clk
    W5                                                                r  clk_IBUF_inst/I
    W5                   IBUF (Prop_ibuf_I_O)         0.226     0.226 r  clk_IBUF_inst/O
                         net (fo=1, routed)           0.631     0.858    clk_IBUF
    BUFGCTRL_X0Y0                                                     r  clk_IBUF_BUFG_inst/I
    BUFGCTRL_X0Y0        BUFG (Prop_bufg_I_O)         0.026     0.884 r  clk_IBUF_BUFG_inst/O
                         net (fo=31, routed)          0.558     1.441    uart_rx_parity_check_blk/CLK
    SLICE_X30Y16         FDCE                                         r  uart_rx_parity_check_blk/calc_par_bit_reg/C
  -------------------------------------------------------------------    -------------------
    SLICE_X30Y16         FDCE (Prop_fdce_C_Q)         0.164     1.605 r  uart_rx_parity_check_blk/calc_par_bit_reg/Q
                         net (fo=3, routed)           0.183     1.788    uart_rx_controller_blk/calc_par_bit_top
    SLICE_X29Y16                                                      r  uart_rx_controller_blk/p_data_OBUF[1]_inst_i_1/I1
    SLICE_X29Y16         LUT3 (Prop_lut3_I1_O)        0.045     1.833 r  uart_rx_controller_blk/p_data_OBUF[1]_inst_i_1/O
                         net (fo=1, routed)           1.150     2.982    p_data_OBUF[1]
    E19                                                               r  p_data_OBUF[1]_inst/I
    E19                  OBUF (Prop_obuf_I_O)         1.231     4.213 r  p_data_OBUF[1]_inst/O
                         net (fo=0)                   0.000     4.213    p_data[1]
    E19                                                               r  p_data[1] (OUT)
  -------------------------------------------------------------------    -------------------





--------------------------------------------------------------------------------------
Path Group:  (none)
From Clock:  
  To Clock:  sys_clk_pin

Max Delay            40 Endpoints
Min Delay            40 Endpoints
--------------------------------------------------------------------------------------


Max Delay Paths
--------------------------------------------------------------------------------------
Slack:                    inf
  Source:                 rst_n
                            (input port)
  Destination:            uart_rx_deserializer_blk/p_data_temp_reg[4]/CLR
                            (recovery check against rising-edge clock sys_clk_pin  {rise@0.000ns fall@5.000ns period=10.000ns})
  Path Group:             (none)
  Path Type:              Recovery (Max at Slow Process Corner)
  Data Path Delay:        5.225ns  (logic 1.565ns (29.958%)  route 3.660ns (70.042%))
  Logic Levels:           2  (IBUF=1 LUT1=1)
  Clock Path Skew:        4.781ns (DCD - SCD + CPR)
    Destination Clock Delay (DCD):    4.781ns
    Source Clock Delay      (SCD):    0.000ns
    Clock Pessimism Removal (CPR):    0.000ns

    Location             Delay type                Incr(ns)  Path(ns)    Netlist Resource(s)
  -------------------------------------------------------------------    -------------------
    U18                                               0.000     0.000 r  rst_n (IN)
                         net (fo=0)                   0.000     0.000    rst_n
    U18                                                               r  rst_n_IBUF_inst/I
    U18                  IBUF (Prop_ibuf_I_O)         1.441     1.441 r  rst_n_IBUF_inst/O
                         net (fo=2, routed)           2.234     3.675    uart_rx_counters_blk/rst_n_IBUF
    SLICE_X28Y15                                                      r  uart_rx_counters_blk/FSM_onehot_state[5]_i_1/I0
    SLICE_X28Y15         LUT1 (Prop_lut1_I0_O)        0.124     3.799 f  uart_rx_counters_blk/FSM_onehot_state[5]_i_1/O
                         net (fo=31, routed)          1.426     5.225    uart_rx_deserializer_blk/SS[0]
    SLICE_X28Y16         FDCE                                         f  uart_rx_deserializer_blk/p_data_temp_reg[4]/CLR
  -------------------------------------------------------------------    -------------------

                         (clock sys_clk_pin rise edge)
                                                      0.000     0.000 r  
    W5                                                0.000     0.000 r  clk (IN)
                         net (fo=0)                   0.000     0.000    clk
    W5                                                                r  clk_IBUF_inst/I
    W5                   IBUF (Prop_ibuf_I_O)         1.388     1.388 r  clk_IBUF_inst/O
                         net (fo=1, routed)           1.862     3.250    clk_IBUF
    BUFGCTRL_X0Y0                                                     r  clk_IBUF_BUFG_inst/I
    BUFGCTRL_X0Y0        BUFG (Prop_bufg_I_O)         0.091     3.341 r  clk_IBUF_BUFG_inst/O
                         net (fo=31, routed)          1.440     4.781    uart_rx_deserializer_blk/CLK
    SLICE_X28Y16         FDCE                                         r  uart_rx_deserializer_blk/p_data_temp_reg[4]/C

Slack:                    inf
  Source:                 rst_n
                            (input port)
  Destination:            uart_rx_deserializer_blk/p_data_temp_reg[5]/CLR
                            (recovery check against rising-edge clock sys_clk_pin  {rise@0.000ns fall@5.000ns period=10.000ns})
  Path Group:             (none)
  Path Type:              Recovery (Max at Slow Process Corner)
  Data Path Delay:        5.225ns  (logic 1.565ns (29.958%)  route 3.660ns (70.042%))
  Logic Levels:           2  (IBUF=1 LUT1=1)
  Clock Path Skew:        4.781ns (DCD - SCD + CPR)
    Destination Clock Delay (DCD):    4.781ns
    Source Clock Delay      (SCD):    0.000ns
    Clock Pessimism Removal (CPR):    0.000ns

    Location             Delay type                Incr(ns)  Path(ns)    Netlist Resource(s)
  -------------------------------------------------------------------    -------------------
    U18                                               0.000     0.000 r  rst_n (IN)
                         net (fo=0)                   0.000     0.000    rst_n
    U18                                                               r  rst_n_IBUF_inst/I
    U18                  IBUF (Prop_ibuf_I_O)         1.441     1.441 r  rst_n_IBUF_inst/O
                         net (fo=2, routed)           2.234     3.675    uart_rx_counters_blk/rst_n_IBUF
    SLICE_X28Y15                                                      r  uart_rx_counters_blk/FSM_onehot_state[5]_i_1/I0
    SLICE_X28Y15         LUT1 (Prop_lut1_I0_O)        0.124     3.799 f  uart_rx_counters_blk/FSM_onehot_state[5]_i_1/O
                         net (fo=31, routed)          1.426     5.225    uart_rx_deserializer_blk/SS[0]
    SLICE_X28Y16         FDCE                                         f  uart_rx_deserializer_blk/p_data_temp_reg[5]/CLR
  -------------------------------------------------------------------    -------------------

                         (clock sys_clk_pin rise edge)
                                                      0.000     0.000 r  
    W5                                                0.000     0.000 r  clk (IN)
                         net (fo=0)                   0.000     0.000    clk
    W5                                                                r  clk_IBUF_inst/I
    W5                   IBUF (Prop_ibuf_I_O)         1.388     1.388 r  clk_IBUF_inst/O
                         net (fo=1, routed)           1.862     3.250    clk_IBUF
    BUFGCTRL_X0Y0                                                     r  clk_IBUF_BUFG_inst/I
    BUFGCTRL_X0Y0        BUFG (Prop_bufg_I_O)         0.091     3.341 r  clk_IBUF_BUFG_inst/O
                         net (fo=31, routed)          1.440     4.781    uart_rx_deserializer_blk/CLK
    SLICE_X28Y16         FDCE                                         r  uart_rx_deserializer_blk/p_data_temp_reg[5]/C

Slack:                    inf
  Source:                 rst_n
                            (input port)
  Destination:            uart_rx_deserializer_blk/p_data_temp_reg[6]/CLR
                            (recovery check against rising-edge clock sys_clk_pin  {rise@0.000ns fall@5.000ns period=10.000ns})
  Path Group:             (none)
  Path Type:              Recovery (Max at Slow Process Corner)
  Data Path Delay:        5.225ns  (logic 1.565ns (29.958%)  route 3.660ns (70.042%))
  Logic Levels:           2  (IBUF=1 LUT1=1)
  Clock Path Skew:        4.781ns (DCD - SCD + CPR)
    Destination Clock Delay (DCD):    4.781ns
    Source Clock Delay      (SCD):    0.000ns
    Clock Pessimism Removal (CPR):    0.000ns

    Location             Delay type                Incr(ns)  Path(ns)    Netlist Resource(s)
  -------------------------------------------------------------------    -------------------
    U18                                               0.000     0.000 r  rst_n (IN)
                         net (fo=0)                   0.000     0.000    rst_n
    U18                                                               r  rst_n_IBUF_inst/I
    U18                  IBUF (Prop_ibuf_I_O)         1.441     1.441 r  rst_n_IBUF_inst/O
                         net (fo=2, routed)           2.234     3.675    uart_rx_counters_blk/rst_n_IBUF
    SLICE_X28Y15                                                      r  uart_rx_counters_blk/FSM_onehot_state[5]_i_1/I0
    SLICE_X28Y15         LUT1 (Prop_lut1_I0_O)        0.124     3.799 f  uart_rx_counters_blk/FSM_onehot_state[5]_i_1/O
                         net (fo=31, routed)          1.426     5.225    uart_rx_deserializer_blk/SS[0]
    SLICE_X28Y16         FDCE                                         f  uart_rx_deserializer_blk/p_data_temp_reg[6]/CLR
  -------------------------------------------------------------------    -------------------

                         (clock sys_clk_pin rise edge)
                                                      0.000     0.000 r  
    W5                                                0.000     0.000 r  clk (IN)
                         net (fo=0)                   0.000     0.000    clk
    W5                                                                r  clk_IBUF_inst/I
    W5                   IBUF (Prop_ibuf_I_O)         1.388     1.388 r  clk_IBUF_inst/O
                         net (fo=1, routed)           1.862     3.250    clk_IBUF
    BUFGCTRL_X0Y0                                                     r  clk_IBUF_BUFG_inst/I
    BUFGCTRL_X0Y0        BUFG (Prop_bufg_I_O)         0.091     3.341 r  clk_IBUF_BUFG_inst/O
                         net (fo=31, routed)          1.440     4.781    uart_rx_deserializer_blk/CLK
    SLICE_X28Y16         FDCE                                         r  uart_rx_deserializer_blk/p_data_temp_reg[6]/C

Slack:                    inf
  Source:                 rst_n
                            (input port)
  Destination:            uart_rx_data_sampling_blk/three_samps_data_reg[2]/CLR
                            (recovery check against rising-edge clock sys_clk_pin  {rise@0.000ns fall@5.000ns period=10.000ns})
  Path Group:             (none)
  Path Type:              Recovery (Max at Slow Process Corner)
  Data Path Delay:        5.221ns  (logic 1.565ns (29.983%)  route 3.655ns (70.017%))
  Logic Levels:           2  (IBUF=1 LUT1=1)
  Clock Path Skew:        4.781ns (DCD - SCD + CPR)
    Destination Clock Delay (DCD):    4.781ns
    Source Clock Delay      (SCD):    0.000ns
    Clock Pessimism Removal (CPR):    0.000ns

    Location             Delay type                Incr(ns)  Path(ns)    Netlist Resource(s)
  -------------------------------------------------------------------    -------------------
    U18                                               0.000     0.000 r  rst_n (IN)
                         net (fo=0)                   0.000     0.000    rst_n
    U18                                                               r  rst_n_IBUF_inst/I
    U18                  IBUF (Prop_ibuf_I_O)         1.441     1.441 r  rst_n_IBUF_inst/O
                         net (fo=2, routed)           2.234     3.675    uart_rx_counters_blk/rst_n_IBUF
    SLICE_X28Y15                                                      r  uart_rx_counters_blk/FSM_onehot_state[5]_i_1/I0
    SLICE_X28Y15         LUT1 (Prop_lut1_I0_O)        0.124     3.799 f  uart_rx_counters_blk/FSM_onehot_state[5]_i_1/O
                         net (fo=31, routed)          1.422     5.221    uart_rx_data_sampling_blk/SS[0]
    SLICE_X29Y16         FDCE                                         f  uart_rx_data_sampling_blk/three_samps_data_reg[2]/CLR
  -------------------------------------------------------------------    -------------------

                         (clock sys_clk_pin rise edge)
                                                      0.000     0.000 r  
    W5                                                0.000     0.000 r  clk (IN)
                         net (fo=0)                   0.000     0.000    clk
    W5                                                                r  clk_IBUF_inst/I
    W5                   IBUF (Prop_ibuf_I_O)         1.388     1.388 r  clk_IBUF_inst/O
                         net (fo=1, routed)           1.862     3.250    clk_IBUF
    BUFGCTRL_X0Y0                                                     r  clk_IBUF_BUFG_inst/I
    BUFGCTRL_X0Y0        BUFG (Prop_bufg_I_O)         0.091     3.341 r  clk_IBUF_BUFG_inst/O
                         net (fo=31, routed)          1.440     4.781    uart_rx_data_sampling_blk/CLK
    SLICE_X29Y16         FDCE                                         r  uart_rx_data_sampling_blk/three_samps_data_reg[2]/C

Slack:                    inf
  Source:                 rst_n
                            (input port)
  Destination:            uart_rx_deserializer_blk/p_data_temp_reg[0]/CLR
                            (recovery check against rising-edge clock sys_clk_pin  {rise@0.000ns fall@5.000ns period=10.000ns})
  Path Group:             (none)
  Path Type:              Recovery (Max at Slow Process Corner)
  Data Path Delay:        5.195ns  (logic 1.565ns (30.133%)  route 3.629ns (69.867%))
  Logic Levels:           2  (IBUF=1 LUT1=1)
  Clock Path Skew:        4.778ns (DCD - SCD + CPR)
    Destination Clock Delay (DCD):    4.778ns
    Source Clock Delay      (SCD):    0.000ns
    Clock Pessimism Removal (CPR):    0.000ns

    Location             Delay type                Incr(ns)  Path(ns)    Netlist Resource(s)
  -------------------------------------------------------------------    -------------------
    U18                                               0.000     0.000 r  rst_n (IN)
                         net (fo=0)                   0.000     0.000    rst_n
    U18                                                               r  rst_n_IBUF_inst/I
    U18                  IBUF (Prop_ibuf_I_O)         1.441     1.441 r  rst_n_IBUF_inst/O
                         net (fo=2, routed)           2.234     3.675    uart_rx_counters_blk/rst_n_IBUF
    SLICE_X28Y15                                                      r  uart_rx_counters_blk/FSM_onehot_state[5]_i_1/I0
    SLICE_X28Y15         LUT1 (Prop_lut1_I0_O)        0.124     3.799 f  uart_rx_counters_blk/FSM_onehot_state[5]_i_1/O
                         net (fo=31, routed)          1.396     5.195    uart_rx_deserializer_blk/SS[0]
    SLICE_X28Y18         FDCE                                         f  uart_rx_deserializer_blk/p_data_temp_reg[0]/CLR
  -------------------------------------------------------------------    -------------------

                         (clock sys_clk_pin rise edge)
                                                      0.000     0.000 r  
    W5                                                0.000     0.000 r  clk (IN)
                         net (fo=0)                   0.000     0.000    clk
    W5                                                                r  clk_IBUF_inst/I
    W5                   IBUF (Prop_ibuf_I_O)         1.388     1.388 r  clk_IBUF_inst/O
                         net (fo=1, routed)           1.862     3.250    clk_IBUF
    BUFGCTRL_X0Y0                                                     r  clk_IBUF_BUFG_inst/I
    BUFGCTRL_X0Y0        BUFG (Prop_bufg_I_O)         0.091     3.341 r  clk_IBUF_BUFG_inst/O
                         net (fo=31, routed)          1.437     4.778    uart_rx_deserializer_blk/CLK
    SLICE_X28Y18         FDCE                                         r  uart_rx_deserializer_blk/p_data_temp_reg[0]/C

Slack:                    inf
  Source:                 rst_n
                            (input port)
  Destination:            uart_rx_deserializer_blk/p_data_temp_reg[1]/CLR
                            (recovery check against rising-edge clock sys_clk_pin  {rise@0.000ns fall@5.000ns period=10.000ns})
  Path Group:             (none)
  Path Type:              Recovery (Max at Slow Process Corner)
  Data Path Delay:        5.030ns  (logic 1.565ns (31.120%)  route 3.465ns (68.880%))
  Logic Levels:           2  (IBUF=1 LUT1=1)
  Clock Path Skew:        4.775ns (DCD - SCD + CPR)
    Destination Clock Delay (DCD):    4.775ns
    Source Clock Delay      (SCD):    0.000ns
    Clock Pessimism Removal (CPR):    0.000ns

    Location             Delay type                Incr(ns)  Path(ns)    Netlist Resource(s)
  -------------------------------------------------------------------    -------------------
    U18                                               0.000     0.000 r  rst_n (IN)
                         net (fo=0)                   0.000     0.000    rst_n
    U18                                                               r  rst_n_IBUF_inst/I
    U18                  IBUF (Prop_ibuf_I_O)         1.441     1.441 r  rst_n_IBUF_inst/O
                         net (fo=2, routed)           2.234     3.675    uart_rx_counters_blk/rst_n_IBUF
    SLICE_X28Y15                                                      r  uart_rx_counters_blk/FSM_onehot_state[5]_i_1/I0
    SLICE_X28Y15         LUT1 (Prop_lut1_I0_O)        0.124     3.799 f  uart_rx_counters_blk/FSM_onehot_state[5]_i_1/O
                         net (fo=31, routed)          1.231     5.030    uart_rx_deserializer_blk/SS[0]
    SLICE_X30Y19         FDCE                                         f  uart_rx_deserializer_blk/p_data_temp_reg[1]/CLR
  -------------------------------------------------------------------    -------------------

                         (clock sys_clk_pin rise edge)
                                                      0.000     0.000 r  
    W5                                                0.000     0.000 r  clk (IN)
                         net (fo=0)                   0.000     0.000    clk
    W5                                                                r  clk_IBUF_inst/I
    W5                   IBUF (Prop_ibuf_I_O)         1.388     1.388 r  clk_IBUF_inst/O
                         net (fo=1, routed)           1.862     3.250    clk_IBUF
    BUFGCTRL_X0Y0                                                     r  clk_IBUF_BUFG_inst/I
    BUFGCTRL_X0Y0        BUFG (Prop_bufg_I_O)         0.091     3.341 r  clk_IBUF_BUFG_inst/O
                         net (fo=31, routed)          1.434     4.775    uart_rx_deserializer_blk/CLK
    SLICE_X30Y19         FDCE                                         r  uart_rx_deserializer_blk/p_data_temp_reg[1]/C

Slack:                    inf
  Source:                 rst_n
                            (input port)
  Destination:            uart_rx_deserializer_blk/p_data_temp_reg[2]/CLR
                            (recovery check against rising-edge clock sys_clk_pin  {rise@0.000ns fall@5.000ns period=10.000ns})
  Path Group:             (none)
  Path Type:              Recovery (Max at Slow Process Corner)
  Data Path Delay:        5.030ns  (logic 1.565ns (31.120%)  route 3.465ns (68.880%))
  Logic Levels:           2  (IBUF=1 LUT1=1)
  Clock Path Skew:        4.775ns (DCD - SCD + CPR)
    Destination Clock Delay (DCD):    4.775ns
    Source Clock Delay      (SCD):    0.000ns
    Clock Pessimism Removal (CPR):    0.000ns

    Location             Delay type                Incr(ns)  Path(ns)    Netlist Resource(s)
  -------------------------------------------------------------------    -------------------
    U18                                               0.000     0.000 r  rst_n (IN)
                         net (fo=0)                   0.000     0.000    rst_n
    U18                                                               r  rst_n_IBUF_inst/I
    U18                  IBUF (Prop_ibuf_I_O)         1.441     1.441 r  rst_n_IBUF_inst/O
                         net (fo=2, routed)           2.234     3.675    uart_rx_counters_blk/rst_n_IBUF
    SLICE_X28Y15                                                      r  uart_rx_counters_blk/FSM_onehot_state[5]_i_1/I0
    SLICE_X28Y15         LUT1 (Prop_lut1_I0_O)        0.124     3.799 f  uart_rx_counters_blk/FSM_onehot_state[5]_i_1/O
                         net (fo=31, routed)          1.231     5.030    uart_rx_deserializer_blk/SS[0]
    SLICE_X30Y19         FDCE                                         f  uart_rx_deserializer_blk/p_data_temp_reg[2]/CLR
  -------------------------------------------------------------------    -------------------

                         (clock sys_clk_pin rise edge)
                                                      0.000     0.000 r  
    W5                                                0.000     0.000 r  clk (IN)
                         net (fo=0)                   0.000     0.000    clk
    W5                                                                r  clk_IBUF_inst/I
    W5                   IBUF (Prop_ibuf_I_O)         1.388     1.388 r  clk_IBUF_inst/O
                         net (fo=1, routed)           1.862     3.250    clk_IBUF
    BUFGCTRL_X0Y0                                                     r  clk_IBUF_BUFG_inst/I
    BUFGCTRL_X0Y0        BUFG (Prop_bufg_I_O)         0.091     3.341 r  clk_IBUF_BUFG_inst/O
                         net (fo=31, routed)          1.434     4.775    uart_rx_deserializer_blk/CLK
    SLICE_X30Y19         FDCE                                         r  uart_rx_deserializer_blk/p_data_temp_reg[2]/C

Slack:                    inf
  Source:                 rst_n
                            (input port)
  Destination:            uart_rx_deserializer_blk/p_data_temp_reg[7]/CLR
                            (recovery check against rising-edge clock sys_clk_pin  {rise@0.000ns fall@5.000ns period=10.000ns})
  Path Group:             (none)
  Path Type:              Recovery (Max at Slow Process Corner)
  Data Path Delay:        5.030ns  (logic 1.565ns (31.120%)  route 3.465ns (68.880%))
  Logic Levels:           2  (IBUF=1 LUT1=1)
  Clock Path Skew:        4.775ns (DCD - SCD + CPR)
    Destination Clock Delay (DCD):    4.775ns
    Source Clock Delay      (SCD):    0.000ns
    Clock Pessimism Removal (CPR):    0.000ns

    Location             Delay type                Incr(ns)  Path(ns)    Netlist Resource(s)
  -------------------------------------------------------------------    -------------------
    U18                                               0.000     0.000 r  rst_n (IN)
                         net (fo=0)                   0.000     0.000    rst_n
    U18                                                               r  rst_n_IBUF_inst/I
    U18                  IBUF (Prop_ibuf_I_O)         1.441     1.441 r  rst_n_IBUF_inst/O
                         net (fo=2, routed)           2.234     3.675    uart_rx_counters_blk/rst_n_IBUF
    SLICE_X28Y15                                                      r  uart_rx_counters_blk/FSM_onehot_state[5]_i_1/I0
    SLICE_X28Y15         LUT1 (Prop_lut1_I0_O)        0.124     3.799 f  uart_rx_counters_blk/FSM_onehot_state[5]_i_1/O
                         net (fo=31, routed)          1.231     5.030    uart_rx_deserializer_blk/SS[0]
    SLICE_X31Y19         FDCE                                         f  uart_rx_deserializer_blk/p_data_temp_reg[7]/CLR
  -------------------------------------------------------------------    -------------------

                         (clock sys_clk_pin rise edge)
                                                      0.000     0.000 r  
    W5                                                0.000     0.000 r  clk (IN)
                         net (fo=0)                   0.000     0.000    clk
    W5                                                                r  clk_IBUF_inst/I
    W5                   IBUF (Prop_ibuf_I_O)         1.388     1.388 r  clk_IBUF_inst/O
                         net (fo=1, routed)           1.862     3.250    clk_IBUF
    BUFGCTRL_X0Y0                                                     r  clk_IBUF_BUFG_inst/I
    BUFGCTRL_X0Y0        BUFG (Prop_bufg_I_O)         0.091     3.341 r  clk_IBUF_BUFG_inst/O
                         net (fo=31, routed)          1.434     4.775    uart_rx_deserializer_blk/CLK
    SLICE_X31Y19         FDCE                                         r  uart_rx_deserializer_blk/p_data_temp_reg[7]/C

Slack:                    inf
  Source:                 rst_n
                            (input port)
  Destination:            uart_rx_counters_blk/edge_cnt_reg[0]/CLR
                            (recovery check against rising-edge clock sys_clk_pin  {rise@0.000ns fall@5.000ns period=10.000ns})
  Path Group:             (none)
  Path Type:              Recovery (Max at Slow Process Corner)
  Data Path Delay:        5.029ns  (logic 1.565ns (31.127%)  route 3.463ns (68.873%))
  Logic Levels:           2  (IBUF=1 LUT1=1)
  Clock Path Skew:        4.780ns (DCD - SCD + CPR)
    Destination Clock Delay (DCD):    4.780ns
    Source Clock Delay      (SCD):    0.000ns
    Clock Pessimism Removal (CPR):    0.000ns

    Location             Delay type                Incr(ns)  Path(ns)    Netlist Resource(s)
  -------------------------------------------------------------------    -------------------
    U18                                               0.000     0.000 r  rst_n (IN)
                         net (fo=0)                   0.000     0.000    rst_n
    U18                                                               r  rst_n_IBUF_inst/I
    U18                  IBUF (Prop_ibuf_I_O)         1.441     1.441 r  rst_n_IBUF_inst/O
                         net (fo=2, routed)           2.234     3.675    uart_rx_counters_blk/rst_n_IBUF
    SLICE_X28Y15                                                      r  uart_rx_counters_blk/FSM_onehot_state[5]_i_1/I0
    SLICE_X28Y15         LUT1 (Prop_lut1_I0_O)        0.124     3.799 f  uart_rx_counters_blk/FSM_onehot_state[5]_i_1/O
                         net (fo=31, routed)          1.230     5.029    uart_rx_counters_blk/SS[0]
    SLICE_X29Y17         FDCE                                         f  uart_rx_counters_blk/edge_cnt_reg[0]/CLR
  -------------------------------------------------------------------    -------------------

                         (clock sys_clk_pin rise edge)
                                                      0.000     0.000 r  
    W5                                                0.000     0.000 r  clk (IN)
                         net (fo=0)                   0.000     0.000    clk
    W5                                                                r  clk_IBUF_inst/I
    W5                   IBUF (Prop_ibuf_I_O)         1.388     1.388 r  clk_IBUF_inst/O
                         net (fo=1, routed)           1.862     3.250    clk_IBUF
    BUFGCTRL_X0Y0                                                     r  clk_IBUF_BUFG_inst/I
    BUFGCTRL_X0Y0        BUFG (Prop_bufg_I_O)         0.091     3.341 r  clk_IBUF_BUFG_inst/O
                         net (fo=31, routed)          1.439     4.780    uart_rx_counters_blk/CLK
    SLICE_X29Y17         FDCE                                         r  uart_rx_counters_blk/edge_cnt_reg[0]/C

Slack:                    inf
  Source:                 rst_n
                            (input port)
  Destination:            uart_rx_counters_blk/edge_cnt_reg[1]/CLR
                            (recovery check against rising-edge clock sys_clk_pin  {rise@0.000ns fall@5.000ns period=10.000ns})
  Path Group:             (none)
  Path Type:              Recovery (Max at Slow Process Corner)
  Data Path Delay:        5.029ns  (logic 1.565ns (31.127%)  route 3.463ns (68.873%))
  Logic Levels:           2  (IBUF=1 LUT1=1)
  Clock Path Skew:        4.780ns (DCD - SCD + CPR)
    Destination Clock Delay (DCD):    4.780ns
    Source Clock Delay      (SCD):    0.000ns
    Clock Pessimism Removal (CPR):    0.000ns

    Location             Delay type                Incr(ns)  Path(ns)    Netlist Resource(s)
  -------------------------------------------------------------------    -------------------
    U18                                               0.000     0.000 r  rst_n (IN)
                         net (fo=0)                   0.000     0.000    rst_n
    U18                                                               r  rst_n_IBUF_inst/I
    U18                  IBUF (Prop_ibuf_I_O)         1.441     1.441 r  rst_n_IBUF_inst/O
                         net (fo=2, routed)           2.234     3.675    uart_rx_counters_blk/rst_n_IBUF
    SLICE_X28Y15                                                      r  uart_rx_counters_blk/FSM_onehot_state[5]_i_1/I0
    SLICE_X28Y15         LUT1 (Prop_lut1_I0_O)        0.124     3.799 f  uart_rx_counters_blk/FSM_onehot_state[5]_i_1/O
                         net (fo=31, routed)          1.230     5.029    uart_rx_counters_blk/SS[0]
    SLICE_X29Y17         FDCE                                         f  uart_rx_counters_blk/edge_cnt_reg[1]/CLR
  -------------------------------------------------------------------    -------------------

                         (clock sys_clk_pin rise edge)
                                                      0.000     0.000 r  
    W5                                                0.000     0.000 r  clk (IN)
                         net (fo=0)                   0.000     0.000    clk
    W5                                                                r  clk_IBUF_inst/I
    W5                   IBUF (Prop_ibuf_I_O)         1.388     1.388 r  clk_IBUF_inst/O
                         net (fo=1, routed)           1.862     3.250    clk_IBUF
    BUFGCTRL_X0Y0                                                     r  clk_IBUF_BUFG_inst/I
    BUFGCTRL_X0Y0        BUFG (Prop_bufg_I_O)         0.091     3.341 r  clk_IBUF_BUFG_inst/O
                         net (fo=31, routed)          1.439     4.780    uart_rx_counters_blk/CLK
    SLICE_X29Y17         FDCE                                         r  uart_rx_counters_blk/edge_cnt_reg[1]/C





Min Delay Paths
--------------------------------------------------------------------------------------
Slack:                    inf
  Source:                 rx_in
                            (input port)
  Destination:            uart_rx_data_sampling_blk/three_samps_data_reg[2]/D
                            (rising edge-triggered cell FDCE clocked by sys_clk_pin  {rise@0.000ns fall@5.000ns period=10.000ns})
  Path Group:             (none)
  Path Type:              Hold (Min at Fast Process Corner)
  Data Path Delay:        1.005ns  (logic 0.221ns (21.976%)  route 0.784ns (78.024%))
  Logic Levels:           1  (IBUF=1)
  Clock Path Skew:        1.953ns (DCD - SCD - CPR)
    Destination Clock Delay (DCD):    1.953ns
    Source Clock Delay      (SCD):    0.000ns
    Clock Pessimism Removal (CPR):    -0.000ns

    Location             Delay type                Incr(ns)  Path(ns)    Netlist Resource(s)
  -------------------------------------------------------------------    -------------------
    V17                                               0.000     0.000 r  rx_in (IN)
                         net (fo=0)                   0.000     0.000    rx_in
    V17                                                               r  rx_in_IBUF_inst/I
    V17                  IBUF (Prop_ibuf_I_O)         0.221     0.221 r  rx_in_IBUF_inst/O
                         net (fo=5, routed)           0.784     1.005    uart_rx_data_sampling_blk/D[0]
    SLICE_X29Y16         FDCE                                         r  uart_rx_data_sampling_blk/three_samps_data_reg[2]/D
  -------------------------------------------------------------------    -------------------

                         (clock sys_clk_pin rise edge)
                                                      0.000     0.000 r  
    W5                                                0.000     0.000 r  clk (IN)
                         net (fo=0)                   0.000     0.000    clk
    W5                                                                r  clk_IBUF_inst/I
    W5                   IBUF (Prop_ibuf_I_O)         0.414     0.414 r  clk_IBUF_inst/O
                         net (fo=1, routed)           0.685     1.099    clk_IBUF
    BUFGCTRL_X0Y0                                                     r  clk_IBUF_BUFG_inst/I
    BUFGCTRL_X0Y0        BUFG (Prop_bufg_I_O)         0.029     1.128 r  clk_IBUF_BUFG_inst/O
                         net (fo=31, routed)          0.826     1.953    uart_rx_data_sampling_blk/CLK
    SLICE_X29Y16         FDCE                                         r  uart_rx_data_sampling_blk/three_samps_data_reg[2]/C

Slack:                    inf
  Source:                 rx_in
                            (input port)
  Destination:            uart_rx_data_sampling_blk/three_samps_data_reg[1]/D
                            (rising edge-triggered cell FDCE clocked by sys_clk_pin  {rise@0.000ns fall@5.000ns period=10.000ns})
  Path Group:             (none)
  Path Type:              Hold (Min at Fast Process Corner)
  Data Path Delay:        1.031ns  (logic 0.221ns (21.425%)  route 0.810ns (78.575%))
  Logic Levels:           1  (IBUF=1)
  Clock Path Skew:        1.952ns (DCD - SCD - CPR)
    Destination Clock Delay (DCD):    1.952ns
    Source Clock Delay      (SCD):    0.000ns
    Clock Pessimism Removal (CPR):    -0.000ns

    Location             Delay type                Incr(ns)  Path(ns)    Netlist Resource(s)
  -------------------------------------------------------------------    -------------------
    V17                                               0.000     0.000 r  rx_in (IN)
                         net (fo=0)                   0.000     0.000    rx_in
    V17                                                               r  rx_in_IBUF_inst/I
    V17                  IBUF (Prop_ibuf_I_O)         0.221     0.221 r  rx_in_IBUF_inst/O
                         net (fo=5, routed)           0.810     1.031    uart_rx_data_sampling_blk/D[0]
    SLICE_X31Y16         FDCE                                         r  uart_rx_data_sampling_blk/three_samps_data_reg[1]/D
  -------------------------------------------------------------------    -------------------

                         (clock sys_clk_pin rise edge)
                                                      0.000     0.000 r  
    W5                                                0.000     0.000 r  clk (IN)
                         net (fo=0)                   0.000     0.000    clk
    W5                                                                r  clk_IBUF_inst/I
    W5                   IBUF (Prop_ibuf_I_O)         0.414     0.414 r  clk_IBUF_inst/O
                         net (fo=1, routed)           0.685     1.099    clk_IBUF
    BUFGCTRL_X0Y0                                                     r  clk_IBUF_BUFG_inst/I
    BUFGCTRL_X0Y0        BUFG (Prop_bufg_I_O)         0.029     1.128 r  clk_IBUF_BUFG_inst/O
                         net (fo=31, routed)          0.825     1.952    uart_rx_data_sampling_blk/CLK
    SLICE_X31Y16         FDCE                                         r  uart_rx_data_sampling_blk/three_samps_data_reg[1]/C

Slack:                    inf
  Source:                 rx_in
                            (input port)
  Destination:            uart_rx_data_sampling_blk/three_samps_data_reg[0]/D
                            (rising edge-triggered cell FDCE clocked by sys_clk_pin  {rise@0.000ns fall@5.000ns period=10.000ns})
  Path Group:             (none)
  Path Type:              Hold (Min at Fast Process Corner)
  Data Path Delay:        1.086ns  (logic 0.221ns (20.343%)  route 0.865ns (79.657%))
  Logic Levels:           1  (IBUF=1)
  Clock Path Skew:        1.951ns (DCD - SCD - CPR)
    Destination Clock Delay (DCD):    1.951ns
    Source Clock Delay      (SCD):    0.000ns
    Clock Pessimism Removal (CPR):    -0.000ns

    Location             Delay type                Incr(ns)  Path(ns)    Netlist Resource(s)
  -------------------------------------------------------------------    -------------------
    V17                                               0.000     0.000 r  rx_in (IN)
                         net (fo=0)                   0.000     0.000    rx_in
    V17                                                               r  rx_in_IBUF_inst/I
    V17                  IBUF (Prop_ibuf_I_O)         0.221     0.221 r  rx_in_IBUF_inst/O
                         net (fo=5, routed)           0.865     1.086    uart_rx_data_sampling_blk/D[0]
    SLICE_X31Y17         FDCE                                         r  uart_rx_data_sampling_blk/three_samps_data_reg[0]/D
  -------------------------------------------------------------------    -------------------

                         (clock sys_clk_pin rise edge)
                                                      0.000     0.000 r  
    W5                                                0.000     0.000 r  clk (IN)
                         net (fo=0)                   0.000     0.000    clk
    W5                                                                r  clk_IBUF_inst/I
    W5                   IBUF (Prop_ibuf_I_O)         0.414     0.414 r  clk_IBUF_inst/O
                         net (fo=1, routed)           0.685     1.099    clk_IBUF
    BUFGCTRL_X0Y0                                                     r  clk_IBUF_BUFG_inst/I
    BUFGCTRL_X0Y0        BUFG (Prop_bufg_I_O)         0.029     1.128 r  clk_IBUF_BUFG_inst/O
                         net (fo=31, routed)          0.824     1.951    uart_rx_data_sampling_blk/CLK
    SLICE_X31Y17         FDCE                                         r  uart_rx_data_sampling_blk/three_samps_data_reg[0]/C

Slack:                    inf
  Source:                 rx_in
                            (input port)
  Destination:            uart_rx_controller_blk/FSM_onehot_state_reg[1]/D
                            (rising edge-triggered cell FDRE clocked by sys_clk_pin  {rise@0.000ns fall@5.000ns period=10.000ns})
  Path Group:             (none)
  Path Type:              Hold (Min at Fast Process Corner)
  Data Path Delay:        1.286ns  (logic 0.266ns (20.683%)  route 1.020ns (79.317%))
  Logic Levels:           2  (IBUF=1 LUT5=1)
  Clock Path Skew:        1.952ns (DCD - SCD - CPR)
    Destination Clock Delay (DCD):    1.952ns
    Source Clock Delay      (SCD):    0.000ns
    Clock Pessimism Removal (CPR):    -0.000ns

    Location             Delay type                Incr(ns)  Path(ns)    Netlist Resource(s)
  -------------------------------------------------------------------    -------------------
    V17                                               0.000     0.000 f  rx_in (IN)
                         net (fo=0)                   0.000     0.000    rx_in
    V17                                                               f  rx_in_IBUF_inst/I
    V17                  IBUF (Prop_ibuf_I_O)         0.221     0.221 f  rx_in_IBUF_inst/O
                         net (fo=5, routed)           1.020     1.241    uart_rx_counters_blk/D[0]
    SLICE_X32Y16                                                      f  uart_rx_counters_blk/FSM_onehot_state[1]_i_1/I3
    SLICE_X32Y16         LUT5 (Prop_lut5_I3_O)        0.045     1.286 r  uart_rx_counters_blk/FSM_onehot_state[1]_i_1/O
                         net (fo=1, routed)           0.000     1.286    uart_rx_controller_blk/FSM_onehot_state_reg[5]_0[1]
    SLICE_X32Y16         FDRE                                         r  uart_rx_controller_blk/FSM_onehot_state_reg[1]/D
  -------------------------------------------------------------------    -------------------

                         (clock sys_clk_pin rise edge)
                                                      0.000     0.000 r  
    W5                                                0.000     0.000 r  clk (IN)
                         net (fo=0)                   0.000     0.000    clk
    W5                                                                r  clk_IBUF_inst/I
    W5                   IBUF (Prop_ibuf_I_O)         0.414     0.414 r  clk_IBUF_inst/O
                         net (fo=1, routed)           0.685     1.099    clk_IBUF
    BUFGCTRL_X0Y0                                                     r  clk_IBUF_BUFG_inst/I
    BUFGCTRL_X0Y0        BUFG (Prop_bufg_I_O)         0.029     1.128 r  clk_IBUF_BUFG_inst/O
                         net (fo=31, routed)          0.825     1.952    uart_rx_controller_blk/CLK
    SLICE_X32Y16         FDRE                                         r  uart_rx_controller_blk/FSM_onehot_state_reg[1]/C

Slack:                    inf
  Source:                 par_en
                            (input port)
  Destination:            uart_rx_controller_blk/FSM_onehot_state_reg[3]/D
                            (rising edge-triggered cell FDRE clocked by sys_clk_pin  {rise@0.000ns fall@5.000ns period=10.000ns})
  Path Group:             (none)
  Path Type:              Hold (Min at Fast Process Corner)
  Data Path Delay:        1.308ns  (logic 0.274ns (20.971%)  route 1.034ns (79.029%))
  Logic Levels:           2  (IBUF=1 LUT6=1)
  Clock Path Skew:        1.953ns (DCD - SCD - CPR)
    Destination Clock Delay (DCD):    1.953ns
    Source Clock Delay      (SCD):    0.000ns
    Clock Pessimism Removal (CPR):    -0.000ns

    Location             Delay type                Incr(ns)  Path(ns)    Netlist Resource(s)
  -------------------------------------------------------------------    -------------------
    V16                                               0.000     0.000 r  par_en (IN)
                         net (fo=0)                   0.000     0.000    par_en
    V16                                                               r  par_en_IBUF_inst/I
    V16                  IBUF (Prop_ibuf_I_O)         0.229     0.229 r  par_en_IBUF_inst/O
                         net (fo=3, routed)           1.034     1.263    uart_rx_counters_blk/par_en_IBUF
    SLICE_X31Y15                                                      r  uart_rx_counters_blk/FSM_onehot_state[3]_i_1/I1
    SLICE_X31Y15         LUT6 (Prop_lut6_I1_O)        0.045     1.308 r  uart_rx_counters_blk/FSM_onehot_state[3]_i_1/O
                         net (fo=1, routed)           0.000     1.308    uart_rx_controller_blk/FSM_onehot_state_reg[5]_0[3]
    SLICE_X31Y15         FDRE                                         r  uart_rx_controller_blk/FSM_onehot_state_reg[3]/D
  -------------------------------------------------------------------    -------------------

                         (clock sys_clk_pin rise edge)
                                                      0.000     0.000 r  
    W5                                                0.000     0.000 r  clk (IN)
                         net (fo=0)                   0.000     0.000    clk
    W5                                                                r  clk_IBUF_inst/I
    W5                   IBUF (Prop_ibuf_I_O)         0.414     0.414 r  clk_IBUF_inst/O
                         net (fo=1, routed)           0.685     1.099    clk_IBUF
    BUFGCTRL_X0Y0                                                     r  clk_IBUF_BUFG_inst/I
    BUFGCTRL_X0Y0        BUFG (Prop_bufg_I_O)         0.029     1.128 r  clk_IBUF_BUFG_inst/O
                         net (fo=31, routed)          0.826     1.953    uart_rx_controller_blk/CLK
    SLICE_X31Y15         FDRE                                         r  uart_rx_controller_blk/FSM_onehot_state_reg[3]/C

Slack:                    inf
  Source:                 rst_n
                            (input port)
  Destination:            uart_rx_data_sampling_blk/sampled_bit_reg/D
                            (rising edge-triggered cell FDCE clocked by sys_clk_pin  {rise@0.000ns fall@5.000ns period=10.000ns})
  Path Group:             (none)
  Path Type:              Hold (Min at Fast Process Corner)
  Data Path Delay:        1.316ns  (logic 0.371ns (28.147%)  route 0.946ns (71.853%))
  Logic Levels:           3  (IBUF=1 LUT4=1 LUT6=1)
  Clock Path Skew:        1.952ns (DCD - SCD - CPR)
    Destination Clock Delay (DCD):    1.952ns
    Source Clock Delay      (SCD):    0.000ns
    Clock Pessimism Removal (CPR):    -0.000ns

    Location             Delay type                Incr(ns)  Path(ns)    Netlist Resource(s)
  -------------------------------------------------------------------    -------------------
    U18                                               0.000     0.000 f  rst_n (IN)
                         net (fo=0)                   0.000     0.000    rst_n
    U18                                                               f  rst_n_IBUF_inst/I
    U18                  IBUF (Prop_ibuf_I_O)         0.210     0.210 f  rst_n_IBUF_inst/O
                         net (fo=2, routed)           0.828     1.037    uart_rx_counters_blk/rst_n_IBUF
    SLICE_X29Y16                                                      f  uart_rx_counters_blk/sampled_bit_i_3/I0
    SLICE_X29Y16         LUT4 (Prop_lut4_I0_O)        0.051     1.088 r  uart_rx_counters_blk/sampled_bit_i_3/O
                         net (fo=1, routed)           0.118     1.206    uart_rx_data_sampling_blk/edge_cnt_reg[0]
    SLICE_X30Y16                                                      r  uart_rx_data_sampling_blk/sampled_bit_i_1/I4
    SLICE_X30Y16         LUT6 (Prop_lut6_I4_O)        0.110     1.316 r  uart_rx_data_sampling_blk/sampled_bit_i_1/O
                         net (fo=1, routed)           0.000     1.316    uart_rx_data_sampling_blk/sampled_bit_i_1_n_0
    SLICE_X30Y16         FDCE                                         r  uart_rx_data_sampling_blk/sampled_bit_reg/D
  -------------------------------------------------------------------    -------------------

                         (clock sys_clk_pin rise edge)
                                                      0.000     0.000 r  
    W5                                                0.000     0.000 r  clk (IN)
                         net (fo=0)                   0.000     0.000    clk
    W5                                                                r  clk_IBUF_inst/I
    W5                   IBUF (Prop_ibuf_I_O)         0.414     0.414 r  clk_IBUF_inst/O
                         net (fo=1, routed)           0.685     1.099    clk_IBUF
    BUFGCTRL_X0Y0                                                     r  clk_IBUF_BUFG_inst/I
    BUFGCTRL_X0Y0        BUFG (Prop_bufg_I_O)         0.029     1.128 r  clk_IBUF_BUFG_inst/O
                         net (fo=31, routed)          0.825     1.952    uart_rx_data_sampling_blk/CLK
    SLICE_X30Y16         FDCE                                         r  uart_rx_data_sampling_blk/sampled_bit_reg/C

Slack:                    inf
  Source:                 par_typ
                            (input port)
  Destination:            uart_rx_parity_check_blk/calc_par_bit_reg/D
                            (rising edge-triggered cell FDCE clocked by sys_clk_pin  {rise@0.000ns fall@5.000ns period=10.000ns})
  Path Group:             (none)
  Path Type:              Hold (Min at Fast Process Corner)
  Data Path Delay:        1.347ns  (logic 0.277ns (20.542%)  route 1.071ns (79.458%))
  Logic Levels:           2  (IBUF=1 LUT5=1)
  Clock Path Skew:        1.952ns (DCD - SCD - CPR)
    Destination Clock Delay (DCD):    1.952ns
    Source Clock Delay      (SCD):    0.000ns
    Clock Pessimism Removal (CPR):    -0.000ns

    Location             Delay type                Incr(ns)  Path(ns)    Netlist Resource(s)
  -------------------------------------------------------------------    -------------------
    W16                                               0.000     0.000 r  par_typ (IN)
                         net (fo=0)                   0.000     0.000    par_typ
    W16                                                               r  par_typ_IBUF_inst/I
    W16                  IBUF (Prop_ibuf_I_O)         0.232     0.232 r  par_typ_IBUF_inst/O
                         net (fo=1, routed)           1.071     1.302    uart_rx_data_sampling_blk/par_typ_IBUF
    SLICE_X30Y16                                                      r  uart_rx_data_sampling_blk/calc_par_bit_i_1/I0
    SLICE_X30Y16         LUT5 (Prop_lut5_I0_O)        0.045     1.347 r  uart_rx_data_sampling_blk/calc_par_bit_i_1/O
                         net (fo=1, routed)           0.000     1.347    uart_rx_parity_check_blk/sampled_bit_reg
    SLICE_X30Y16         FDCE                                         r  uart_rx_parity_check_blk/calc_par_bit_reg/D
  -------------------------------------------------------------------    -------------------

                         (clock sys_clk_pin rise edge)
                                                      0.000     0.000 r  
    W5                                                0.000     0.000 r  clk (IN)
                         net (fo=0)                   0.000     0.000    clk
    W5                                                                r  clk_IBUF_inst/I
    W5                   IBUF (Prop_ibuf_I_O)         0.414     0.414 r  clk_IBUF_inst/O
                         net (fo=1, routed)           0.685     1.099    clk_IBUF
    BUFGCTRL_X0Y0                                                     r  clk_IBUF_BUFG_inst/I
    BUFGCTRL_X0Y0        BUFG (Prop_bufg_I_O)         0.029     1.128 r  clk_IBUF_BUFG_inst/O
                         net (fo=31, routed)          0.825     1.952    uart_rx_parity_check_blk/CLK
    SLICE_X30Y16         FDCE                                         r  uart_rx_parity_check_blk/calc_par_bit_reg/C

Slack:                    inf
  Source:                 rx_in
                            (input port)
  Destination:            uart_rx_controller_blk/FSM_onehot_state_reg[0]/D
                            (rising edge-triggered cell FDSE clocked by sys_clk_pin  {rise@0.000ns fall@5.000ns period=10.000ns})
  Path Group:             (none)
  Path Type:              Hold (Min at Fast Process Corner)
  Data Path Delay:        1.406ns  (logic 0.311ns (22.123%)  route 1.095ns (77.877%))
  Logic Levels:           3  (IBUF=1 LUT4=1 LUT6=1)
  Clock Path Skew:        1.953ns (DCD - SCD - CPR)
    Destination Clock Delay (DCD):    1.953ns
    Source Clock Delay      (SCD):    0.000ns
    Clock Pessimism Removal (CPR):    -0.000ns

    Location             Delay type                Incr(ns)  Path(ns)    Netlist Resource(s)
  -------------------------------------------------------------------    -------------------
    V17                                               0.000     0.000 r  rx_in (IN)
                         net (fo=0)                   0.000     0.000    rx_in
    V17                                                               r  rx_in_IBUF_inst/I
    V17                  IBUF (Prop_ibuf_I_O)         0.221     0.221 r  rx_in_IBUF_inst/O
                         net (fo=5, routed)           0.948     1.169    uart_rx_controller_blk/D[0]
    SLICE_X30Y16                                                      r  uart_rx_controller_blk/FSM_onehot_state[0]_i_4/I2
    SLICE_X30Y16         LUT4 (Prop_lut4_I2_O)        0.045     1.214 r  uart_rx_controller_blk/FSM_onehot_state[0]_i_4/O
                         net (fo=1, routed)           0.146     1.361    uart_rx_counters_blk/stp_err_reg_0
    SLICE_X30Y15                                                      r  uart_rx_counters_blk/FSM_onehot_state[0]_i_1/I4
    SLICE_X30Y15         LUT6 (Prop_lut6_I4_O)        0.045     1.406 r  uart_rx_counters_blk/FSM_onehot_state[0]_i_1/O
                         net (fo=1, routed)           0.000     1.406    uart_rx_controller_blk/FSM_onehot_state_reg[5]_0[0]
    SLICE_X30Y15         FDSE                                         r  uart_rx_controller_blk/FSM_onehot_state_reg[0]/D
  -------------------------------------------------------------------    -------------------

                         (clock sys_clk_pin rise edge)
                                                      0.000     0.000 r  
    W5                                                0.000     0.000 r  clk (IN)
                         net (fo=0)                   0.000     0.000    clk
    W5                                                                r  clk_IBUF_inst/I
    W5                   IBUF (Prop_ibuf_I_O)         0.414     0.414 r  clk_IBUF_inst/O
                         net (fo=1, routed)           0.685     1.099    clk_IBUF
    BUFGCTRL_X0Y0                                                     r  clk_IBUF_BUFG_inst/I
    BUFGCTRL_X0Y0        BUFG (Prop_bufg_I_O)         0.029     1.128 r  clk_IBUF_BUFG_inst/O
                         net (fo=31, routed)          0.826     1.953    uart_rx_controller_blk/CLK
    SLICE_X30Y15         FDSE                                         r  uart_rx_controller_blk/FSM_onehot_state_reg[0]/C

Slack:                    inf
  Source:                 rst_n
                            (input port)
  Destination:            uart_rx_controller_blk/FSM_onehot_state_reg[0]/S
                            (rising edge-triggered cell FDSE clocked by sys_clk_pin  {rise@0.000ns fall@5.000ns period=10.000ns})
  Path Group:             (none)
  Path Type:              Hold (Min at Fast Process Corner)
  Data Path Delay:        1.432ns  (logic 0.255ns (17.779%)  route 1.177ns (82.221%))
  Logic Levels:           2  (IBUF=1 LUT1=1)
  Clock Path Skew:        1.953ns (DCD - SCD - CPR)
    Destination Clock Delay (DCD):    1.953ns
    Source Clock Delay      (SCD):    0.000ns
    Clock Pessimism Removal (CPR):    -0.000ns

    Location             Delay type                Incr(ns)  Path(ns)    Netlist Resource(s)
  -------------------------------------------------------------------    -------------------
    U18                                               0.000     0.000 f  rst_n (IN)
                         net (fo=0)                   0.000     0.000    rst_n
    U18                                                               f  rst_n_IBUF_inst/I
    U18                  IBUF (Prop_ibuf_I_O)         0.210     0.210 f  rst_n_IBUF_inst/O
                         net (fo=2, routed)           0.967     1.176    uart_rx_counters_blk/rst_n_IBUF
    SLICE_X28Y15                                                      f  uart_rx_counters_blk/FSM_onehot_state[5]_i_1/I0
    SLICE_X28Y15         LUT1 (Prop_lut1_I0_O)        0.045     1.221 r  uart_rx_counters_blk/FSM_onehot_state[5]_i_1/O
                         net (fo=31, routed)          0.210     1.432    uart_rx_controller_blk/SS[0]
    SLICE_X30Y15         FDSE                                         r  uart_rx_controller_blk/FSM_onehot_state_reg[0]/S
  -------------------------------------------------------------------    -------------------

                         (clock sys_clk_pin rise edge)
                                                      0.000     0.000 r  
    W5                                                0.000     0.000 r  clk (IN)
                         net (fo=0)                   0.000     0.000    clk
    W5                                                                r  clk_IBUF_inst/I
    W5                   IBUF (Prop_ibuf_I_O)         0.414     0.414 r  clk_IBUF_inst/O
                         net (fo=1, routed)           0.685     1.099    clk_IBUF
    BUFGCTRL_X0Y0                                                     r  clk_IBUF_BUFG_inst/I
    BUFGCTRL_X0Y0        BUFG (Prop_bufg_I_O)         0.029     1.128 r  clk_IBUF_BUFG_inst/O
                         net (fo=31, routed)          0.826     1.953    uart_rx_controller_blk/CLK
    SLICE_X30Y15         FDSE                                         r  uart_rx_controller_blk/FSM_onehot_state_reg[0]/C

Slack:                    inf
  Source:                 rst_n
                            (input port)
  Destination:            uart_rx_controller_blk/FSM_onehot_state_reg[3]/R
                            (rising edge-triggered cell FDRE clocked by sys_clk_pin  {rise@0.000ns fall@5.000ns period=10.000ns})
  Path Group:             (none)
  Path Type:              Hold (Min at Fast Process Corner)
  Data Path Delay:        1.432ns  (logic 0.255ns (17.779%)  route 1.177ns (82.221%))
  Logic Levels:           2  (IBUF=1 LUT1=1)
  Clock Path Skew:        1.953ns (DCD - SCD - CPR)
    Destination Clock Delay (DCD):    1.953ns
    Source Clock Delay      (SCD):    0.000ns
    Clock Pessimism Removal (CPR):    -0.000ns

    Location             Delay type                Incr(ns)  Path(ns)    Netlist Resource(s)
  -------------------------------------------------------------------    -------------------
    U18                                               0.000     0.000 f  rst_n (IN)
                         net (fo=0)                   0.000     0.000    rst_n
    U18                                                               f  rst_n_IBUF_inst/I
    U18                  IBUF (Prop_ibuf_I_O)         0.210     0.210 f  rst_n_IBUF_inst/O
                         net (fo=2, routed)           0.967     1.176    uart_rx_counters_blk/rst_n_IBUF
    SLICE_X28Y15                                                      f  uart_rx_counters_blk/FSM_onehot_state[5]_i_1/I0
    SLICE_X28Y15         LUT1 (Prop_lut1_I0_O)        0.045     1.221 r  uart_rx_counters_blk/FSM_onehot_state[5]_i_1/O
                         net (fo=31, routed)          0.210     1.432    uart_rx_controller_blk/SS[0]
    SLICE_X31Y15         FDRE                                         r  uart_rx_controller_blk/FSM_onehot_state_reg[3]/R
  -------------------------------------------------------------------    -------------------

                         (clock sys_clk_pin rise edge)
                                                      0.000     0.000 r  
    W5                                                0.000     0.000 r  clk (IN)
                         net (fo=0)                   0.000     0.000    clk
    W5                                                                r  clk_IBUF_inst/I
    W5                   IBUF (Prop_ibuf_I_O)         0.414     0.414 r  clk_IBUF_inst/O
                         net (fo=1, routed)           0.685     1.099    clk_IBUF
    BUFGCTRL_X0Y0                                                     r  clk_IBUF_BUFG_inst/I
    BUFGCTRL_X0Y0        BUFG (Prop_bufg_I_O)         0.029     1.128 r  clk_IBUF_BUFG_inst/O
                         net (fo=31, routed)          0.826     1.953    uart_rx_controller_blk/CLK
    SLICE_X31Y15         FDRE                                         r  uart_rx_controller_blk/FSM_onehot_state_reg[3]/C





