Copyright 1986-2018 Xilinx, Inc. All Rights Reserved.
-----------------------------------------------------------------------------------------------------------------------------------------------------------------------------------------------------------------------------------------------------------------------------
| Tool Version : Vivado v.2018.2 (win64) Build 2258646 Thu Jun 14 20:03:12 MDT 2018
| Date         : Thu Jul 23 17:13:17 2026
| Host         : Mo-AZ running 64-bit major release  (build 9200)
| Command      : report_timing_summary -delay_type min_max -report_unconstrained -check_timing_verbose -max_paths 10 -input_pins -routable_nets -name timing_1 -file {D:/Digital IC/9_Projects/UART/UART_TX/Design_and_tb/uart_tx_top/FPGA_Flow/Synthesis/timing_report.rpt}
| Design       : uart_tx
| Device       : 7a35t-cpg236
| Speed File   : -1  PRODUCTION 1.22 2018-03-21
-----------------------------------------------------------------------------------------------------------------------------------------------------------------------------------------------------------------------------------------------------------------------------

Timing Summary Report

------------------------------------------------------------------------------------------------
| Timer Settings
| --------------
------------------------------------------------------------------------------------------------

  Enable Multi Corner Analysis               :  Yes
  Enable Pessimism Removal                   :  Yes
  Pessimism Removal Resolution               :  Nearest Common Node
  Enable Input Delay Default Clock           :  No
  Enable Preset / Clear Arcs                 :  No
  Disable Flight Delays                      :  No
  Ignore I/O Paths                           :  No
  Timing Early Launch at Borrowing Latches   :  false

  Corner  Analyze    Analyze    
  Name    Max Paths  Min Paths  
  ------  ---------  ---------  
  Slow    Yes        Yes        
  Fast    Yes        Yes        



check_timing report

Table of Contents
-----------------
1. checking no_clock
2. checking constant_clock
3. checking pulse_width_clock
4. checking unconstrained_internal_endpoints
5. checking no_input_delay
6. checking no_output_delay
7. checking multiple_clock
8. checking generated_clocks
9. checking loops
10. checking partial_input_delay
11. checking partial_output_delay
12. checking latch_loops

1. checking no_clock
--------------------
 There are 0 register/latch pins with no clock.


2. checking constant_clock
--------------------------
 There are 0 register/latch pins with constant_clock.


3. checking pulse_width_clock
-----------------------------
 There are 0 register/latch pins which need pulse_width check


4. checking unconstrained_internal_endpoints
--------------------------------------------
 There are 0 pins that are not constrained for maximum delay.

 There are 0 pins that are not constrained for maximum delay due to constant clock.


5. checking no_input_delay
--------------------------
 There are 12 input ports with no input delay specified. (HIGH)

data_valid
p_data[0]
p_data[1]
p_data[2]
p_data[3]
p_data[4]
p_data[5]
p_data[6]
p_data[7]
par_en
par_typ
rst_n

 There are 0 input ports with no input delay but user has a false path constraint.


6. checking no_output_delay
---------------------------
 There are 2 ports with no output delay specified. (HIGH)

busy
tx_out

 There are 0 ports with no output delay but user has a false path constraint

 There are 0 ports with no output delay but with a timing clock defined on it or propagating through it


7. checking multiple_clock
--------------------------
 There are 0 register/latch pins with multiple clocks.


8. checking generated_clocks
----------------------------
 There are 0 generated clocks that are not connected to a clock source.


9. checking loops
-----------------
 There are 0 combinational loops in the design.


10. checking partial_input_delay
--------------------------------
 There are 0 input ports with partial input delay specified.


11. checking partial_output_delay
---------------------------------
 There are 0 ports with partial output delay specified.


12. checking latch_loops
------------------------
 There are 0 combinational latch loops in the design through latch input



------------------------------------------------------------------------------------------------
| Design Timing Summary
| ---------------------
------------------------------------------------------------------------------------------------

    WNS(ns)      TNS(ns)  TNS Failing Endpoints  TNS Total Endpoints      WHS(ns)      THS(ns)  THS Failing Endpoints  THS Total Endpoints     WPWS(ns)     TPWS(ns)  TPWS Failing Endpoints  TPWS Total Endpoints  
    -------      -------  ---------------------  -------------------      -------      -------  ---------------------  -------------------     --------     --------  ----------------------  --------------------  
     37.831        0.000                      0                   10        0.142        0.000                      0                   10        4.500        0.000                       0                    12  


All user specified timing constraints are met.


------------------------------------------------------------------------------------------------
| Clock Summary
| -------------
------------------------------------------------------------------------------------------------

Clock        Waveform(ns)       Period(ns)      Frequency(MHz)
-----        ------------       ----------      --------------
sys_clk_pin  {0.000 5.000}      40.000          25.000          


------------------------------------------------------------------------------------------------
| Intra Clock Table
| -----------------
------------------------------------------------------------------------------------------------

Clock             WNS(ns)      TNS(ns)  TNS Failing Endpoints  TNS Total Endpoints      WHS(ns)      THS(ns)  THS Failing Endpoints  THS Total Endpoints     WPWS(ns)     TPWS(ns)  TPWS Failing Endpoints  TPWS Total Endpoints  
-----             -------      -------  ---------------------  -------------------      -------      -------  ---------------------  -------------------     --------     --------  ----------------------  --------------------  
sys_clk_pin        37.831        0.000                      0                   10        0.142        0.000                      0                   10        4.500        0.000                       0                    12  


------------------------------------------------------------------------------------------------
| Inter Clock Table
| -----------------
------------------------------------------------------------------------------------------------

From Clock    To Clock          WNS(ns)      TNS(ns)  TNS Failing Endpoints  TNS Total Endpoints      WHS(ns)      THS(ns)  THS Failing Endpoints  THS Total Endpoints  
----------    --------          -------      -------  ---------------------  -------------------      -------      -------  ---------------------  -------------------  


------------------------------------------------------------------------------------------------
| Other Path Groups Table
| -----------------------
------------------------------------------------------------------------------------------------

Path Group    From Clock    To Clock          WNS(ns)      TNS(ns)  TNS Failing Endpoints  TNS Total Endpoints      WHS(ns)      THS(ns)  THS Failing Endpoints  THS Total Endpoints  
----------    ----------    --------          -------      -------  ---------------------  -------------------      -------      -------  ---------------------  -------------------  


------------------------------------------------------------------------------------------------
| User Ignored Path Table
| -----------------------
------------------------------------------------------------------------------------------------

Path Group    From Clock    To Clock    
----------    ----------    --------    


------------------------------------------------------------------------------------------------
| Unconstrained Path Table
| ------------------------
------------------------------------------------------------------------------------------------

Path Group    From Clock    To Clock    
----------    ----------    --------    
(none)                                    
(none)        sys_clk_pin                 
(none)                      sys_clk_pin   


------------------------------------------------------------------------------------------------
| Timing Details
| --------------
------------------------------------------------------------------------------------------------


---------------------------------------------------------------------------------------------------
From Clock:  sys_clk_pin
  To Clock:  sys_clk_pin

Setup :            0  Failing Endpoints,  Worst Slack       37.831ns,  Total Violation        0.000ns
Hold  :            0  Failing Endpoints,  Worst Slack        0.142ns,  Total Violation        0.000ns
PW    :            0  Failing Endpoints,  Worst Slack        4.500ns,  Total Violation        0.000ns
---------------------------------------------------------------------------------------------------


Max Delay Paths
--------------------------------------------------------------------------------------
Slack (MET) :             37.831ns  (required time - arrival time)
  Source:                 uart_tx_serializer_mod/ser_counter_reg[1]/C
                            (rising edge-triggered cell FDCE clocked by sys_clk_pin  {rise@0.000ns fall@5.000ns period=40.000ns})
  Destination:            uart_tx_serializer_mod/ser_data_reg/D
                            (rising edge-triggered cell FDCE clocked by sys_clk_pin  {rise@0.000ns fall@5.000ns period=40.000ns})
  Path Group:             sys_clk_pin
  Path Type:              Setup (Max at Slow Process Corner)
  Requirement:            40.000ns  (sys_clk_pin rise@40.000ns - sys_clk_pin rise@0.000ns)
  Data Path Delay:        2.018ns  (logic 0.875ns (43.360%)  route 1.143ns (56.640%))
  Logic Levels:           2  (LUT6=2)
  Clock Path Skew:        -0.145ns (DCD - SCD + CPR)
    Destination Clock Delay (DCD):    2.678ns = ( 42.678 - 40.000 ) 
    Source Clock Delay      (SCD):    2.938ns
    Clock Pessimism Removal (CPR):    0.115ns
  Clock Uncertainty:      0.035ns  ((TSJ^2 + TIJ^2)^1/2 + DJ) / 2 + PE
    Total System Jitter     (TSJ):    0.071ns
    Total Input Jitter      (TIJ):    0.000ns
    Discrete Jitter          (DJ):    0.000ns
    Phase Error              (PE):    0.000ns

    Location             Delay type                Incr(ns)  Path(ns)    Netlist Resource(s)
  -------------------------------------------------------------------    -------------------
                         (clock sys_clk_pin rise edge)
                                                      0.000     0.000 r  
    W5                                                0.000     0.000 r  clk (IN)
                         net (fo=0)                   0.000     0.000    clk
    W5                                                                r  clk_IBUF_inst/I
    W5                   IBUF (Prop_ibuf_I_O)         1.458     1.458 r  clk_IBUF_inst/O
                         net (fo=1, unplaced)         0.800     2.258    clk_IBUF
                                                                      r  clk_IBUF_BUFG_inst/I
                         BUFG (Prop_bufg_I_O)         0.096     2.354 r  clk_IBUF_BUFG_inst/O
                         net (fo=11, unplaced)        0.584     2.938    uart_tx_serializer_mod/CLK
                         FDCE                                         r  uart_tx_serializer_mod/ser_counter_reg[1]/C
  -------------------------------------------------------------------    -------------------
                         FDCE (Prop_fdce_C_Q)         0.456     3.394 r  uart_tx_serializer_mod/ser_counter_reg[1]/Q
                         net (fo=5, unplaced)         0.694     4.088    uart_tx_serializer_mod/Q[1]
                                                                      r  uart_tx_serializer_mod/ser_data_i_3/I2
                         LUT6 (Prop_lut6_I2_O)        0.295     4.383 r  uart_tx_serializer_mod/ser_data_i_3/O
                         net (fo=1, unplaced)         0.449     4.832    uart_tx_serializer_mod/ser_data_i_3_n_0
                                                                      r  uart_tx_serializer_mod/ser_data_i_1/I2
                         LUT6 (Prop_lut6_I2_O)        0.124     4.956 r  uart_tx_serializer_mod/ser_data_i_1/O
                         net (fo=1, unplaced)         0.000     4.956    uart_tx_serializer_mod/ser_data_i_1_n_0
                         FDCE                                         r  uart_tx_serializer_mod/ser_data_reg/D
  -------------------------------------------------------------------    -------------------

                         (clock sys_clk_pin rise edge)
                                                     40.000    40.000 r  
    W5                                                0.000    40.000 r  clk (IN)
                         net (fo=0)                   0.000    40.000    clk
    W5                                                                r  clk_IBUF_inst/I
    W5                   IBUF (Prop_ibuf_I_O)         1.388    41.388 r  clk_IBUF_inst/O
                         net (fo=1, unplaced)         0.760    42.148    clk_IBUF
                                                                      r  clk_IBUF_BUFG_inst/I
                         BUFG (Prop_bufg_I_O)         0.091    42.239 r  clk_IBUF_BUFG_inst/O
                         net (fo=11, unplaced)        0.439    42.678    uart_tx_serializer_mod/CLK
                         FDCE                                         r  uart_tx_serializer_mod/ser_data_reg/C
                         clock pessimism              0.115    42.793    
                         clock uncertainty           -0.035    42.758    
                         FDCE (Setup_fdce_C_D)        0.029    42.787    uart_tx_serializer_mod/ser_data_reg
  -------------------------------------------------------------------
                         required time                         42.787    
                         arrival time                          -4.956    
  -------------------------------------------------------------------
                         slack                                 37.831    

Slack (MET) :             38.098ns  (required time - arrival time)
  Source:                 uart_tx_controller_mod/FSM_onehot_state_reg[1]/C
                            (rising edge-triggered cell FDRE clocked by sys_clk_pin  {rise@0.000ns fall@5.000ns period=40.000ns})
  Destination:            uart_tx_serializer_mod/ser_counter_reg[2]/D
                            (rising edge-triggered cell FDCE clocked by sys_clk_pin  {rise@0.000ns fall@5.000ns period=40.000ns})
  Path Group:             sys_clk_pin
  Path Type:              Setup (Max at Slow Process Corner)
  Requirement:            40.000ns  (sys_clk_pin rise@40.000ns - sys_clk_pin rise@0.000ns)
  Data Path Delay:        1.751ns  (logic 0.751ns (42.890%)  route 1.000ns (57.110%))
  Logic Levels:           1  (LUT6=1)
  Clock Path Skew:        -0.145ns (DCD - SCD + CPR)
    Destination Clock Delay (DCD):    2.678ns = ( 42.678 - 40.000 ) 
    Source Clock Delay      (SCD):    2.938ns
    Clock Pessimism Removal (CPR):    0.115ns
  Clock Uncertainty:      0.035ns  ((TSJ^2 + TIJ^2)^1/2 + DJ) / 2 + PE
    Total System Jitter     (TSJ):    0.071ns
    Total Input Jitter      (TIJ):    0.000ns
    Discrete Jitter          (DJ):    0.000ns
    Phase Error              (PE):    0.000ns

    Location             Delay type                Incr(ns)  Path(ns)    Netlist Resource(s)
  -------------------------------------------------------------------    -------------------
                         (clock sys_clk_pin rise edge)
                                                      0.000     0.000 r  
    W5                                                0.000     0.000 r  clk (IN)
                         net (fo=0)                   0.000     0.000    clk
    W5                                                                r  clk_IBUF_inst/I
    W5                   IBUF (Prop_ibuf_I_O)         1.458     1.458 r  clk_IBUF_inst/O
                         net (fo=1, unplaced)         0.800     2.258    clk_IBUF
                                                                      r  clk_IBUF_BUFG_inst/I
                         BUFG (Prop_bufg_I_O)         0.096     2.354 r  clk_IBUF_BUFG_inst/O
                         net (fo=11, unplaced)        0.584     2.938    uart_tx_controller_mod/CLK
                         FDRE                                         r  uart_tx_controller_mod/FSM_onehot_state_reg[1]/C
  -------------------------------------------------------------------    -------------------
                         FDRE (Prop_fdre_C_Q)         0.456     3.394 r  uart_tx_controller_mod/FSM_onehot_state_reg[1]/Q
                         net (fo=7, unplaced)         1.000     4.394    uart_tx_serializer_mod/out[0]
                                                                      r  uart_tx_serializer_mod/ser_counter[2]_i_1/I0
                         LUT6 (Prop_lut6_I0_O)        0.295     4.689 r  uart_tx_serializer_mod/ser_counter[2]_i_1/O
                         net (fo=1, unplaced)         0.000     4.689    uart_tx_serializer_mod/ser_counter[2]_i_1_n_0
                         FDCE                                         r  uart_tx_serializer_mod/ser_counter_reg[2]/D
  -------------------------------------------------------------------    -------------------

                         (clock sys_clk_pin rise edge)
                                                     40.000    40.000 r  
    W5                                                0.000    40.000 r  clk (IN)
                         net (fo=0)                   0.000    40.000    clk
    W5                                                                r  clk_IBUF_inst/I
    W5                   IBUF (Prop_ibuf_I_O)         1.388    41.388 r  clk_IBUF_inst/O
                         net (fo=1, unplaced)         0.760    42.148    clk_IBUF
                                                                      r  clk_IBUF_BUFG_inst/I
                         BUFG (Prop_bufg_I_O)         0.091    42.239 r  clk_IBUF_BUFG_inst/O
                         net (fo=11, unplaced)        0.439    42.678    uart_tx_serializer_mod/CLK
                         FDCE                                         r  uart_tx_serializer_mod/ser_counter_reg[2]/C
                         clock pessimism              0.115    42.793    
                         clock uncertainty           -0.035    42.758    
                         FDCE (Setup_fdce_C_D)        0.029    42.787    uart_tx_serializer_mod/ser_counter_reg[2]
  -------------------------------------------------------------------
                         required time                         42.787    
                         arrival time                          -4.689    
  -------------------------------------------------------------------
                         slack                                 38.098    

Slack (MET) :             38.105ns  (required time - arrival time)
  Source:                 uart_tx_controller_mod/FSM_onehot_state_reg[3]/C
                            (rising edge-triggered cell FDRE clocked by sys_clk_pin  {rise@0.000ns fall@5.000ns period=40.000ns})
  Destination:            uart_tx_controller_mod/FSM_onehot_state_reg[4]/D
                            (rising edge-triggered cell FDRE clocked by sys_clk_pin  {rise@0.000ns fall@5.000ns period=40.000ns})
  Path Group:             sys_clk_pin
  Path Type:              Setup (Max at Slow Process Corner)
  Requirement:            40.000ns  (sys_clk_pin rise@40.000ns - sys_clk_pin rise@0.000ns)
  Data Path Delay:        1.744ns  (logic 0.751ns (43.062%)  route 0.993ns (56.938%))
  Logic Levels:           1  (LUT6=1)
  Clock Path Skew:        -0.145ns (DCD - SCD + CPR)
    Destination Clock Delay (DCD):    2.678ns = ( 42.678 - 40.000 ) 
    Source Clock Delay      (SCD):    2.938ns
    Clock Pessimism Removal (CPR):    0.115ns
  Clock Uncertainty:      0.035ns  ((TSJ^2 + TIJ^2)^1/2 + DJ) / 2 + PE
    Total System Jitter     (TSJ):    0.071ns
    Total Input Jitter      (TIJ):    0.000ns
    Discrete Jitter          (DJ):    0.000ns
    Phase Error              (PE):    0.000ns

    Location             Delay type                Incr(ns)  Path(ns)    Netlist Resource(s)
  -------------------------------------------------------------------    -------------------
                         (clock sys_clk_pin rise edge)
                                                      0.000     0.000 r  
    W5                                                0.000     0.000 r  clk (IN)
                         net (fo=0)                   0.000     0.000    clk
    W5                                                                r  clk_IBUF_inst/I
    W5                   IBUF (Prop_ibuf_I_O)         1.458     1.458 r  clk_IBUF_inst/O
                         net (fo=1, unplaced)         0.800     2.258    clk_IBUF
                                                                      r  clk_IBUF_BUFG_inst/I
                         BUFG (Prop_bufg_I_O)         0.096     2.354 r  clk_IBUF_BUFG_inst/O
                         net (fo=11, unplaced)        0.584     2.938    uart_tx_controller_mod/CLK
                         FDRE                                         r  uart_tx_controller_mod/FSM_onehot_state_reg[3]/C
  -------------------------------------------------------------------    -------------------
                         FDRE (Prop_fdre_C_Q)         0.456     3.394 r  uart_tx_controller_mod/FSM_onehot_state_reg[3]/Q
                         net (fo=5, unplaced)         0.993     4.387    uart_tx_controller_mod/FSM_onehot_state_reg_n_0_[3]
                                                                      r  uart_tx_controller_mod/FSM_onehot_state[4]_i_2/I0
                         LUT6 (Prop_lut6_I0_O)        0.295     4.682 r  uart_tx_controller_mod/FSM_onehot_state[4]_i_2/O
                         net (fo=1, unplaced)         0.000     4.682    uart_tx_controller_mod/FSM_onehot_state[4]_i_2_n_0
                         FDRE                                         r  uart_tx_controller_mod/FSM_onehot_state_reg[4]/D
  -------------------------------------------------------------------    -------------------

                         (clock sys_clk_pin rise edge)
                                                     40.000    40.000 r  
    W5                                                0.000    40.000 r  clk (IN)
                         net (fo=0)                   0.000    40.000    clk
    W5                                                                r  clk_IBUF_inst/I
    W5                   IBUF (Prop_ibuf_I_O)         1.388    41.388 r  clk_IBUF_inst/O
                         net (fo=1, unplaced)         0.760    42.148    clk_IBUF
                                                                      r  clk_IBUF_BUFG_inst/I
                         BUFG (Prop_bufg_I_O)         0.091    42.239 r  clk_IBUF_BUFG_inst/O
                         net (fo=11, unplaced)        0.439    42.678    uart_tx_controller_mod/CLK
                         FDRE                                         r  uart_tx_controller_mod/FSM_onehot_state_reg[4]/C
                         clock pessimism              0.115    42.793    
                         clock uncertainty           -0.035    42.758    
                         FDRE (Setup_fdre_C_D)        0.029    42.787    uart_tx_controller_mod/FSM_onehot_state_reg[4]
  -------------------------------------------------------------------
                         required time                         42.787    
                         arrival time                          -4.682    
  -------------------------------------------------------------------
                         slack                                 38.105    

Slack (MET) :             38.257ns  (required time - arrival time)
  Source:                 uart_tx_controller_mod/FSM_onehot_state_reg[1]/C
                            (rising edge-triggered cell FDRE clocked by sys_clk_pin  {rise@0.000ns fall@5.000ns period=40.000ns})
  Destination:            uart_tx_serializer_mod/ser_counter_reg[1]/D
                            (rising edge-triggered cell FDCE clocked by sys_clk_pin  {rise@0.000ns fall@5.000ns period=40.000ns})
  Path Group:             sys_clk_pin
  Path Type:              Setup (Max at Slow Process Corner)
  Requirement:            40.000ns  (sys_clk_pin rise@40.000ns - sys_clk_pin rise@0.000ns)
  Data Path Delay:        1.592ns  (logic 0.751ns (47.173%)  route 0.841ns (52.827%))
  Logic Levels:           1  (LUT5=1)
  Clock Path Skew:        -0.145ns (DCD - SCD + CPR)
    Destination Clock Delay (DCD):    2.678ns = ( 42.678 - 40.000 ) 
    Source Clock Delay      (SCD):    2.938ns
    Clock Pessimism Removal (CPR):    0.115ns
  Clock Uncertainty:      0.035ns  ((TSJ^2 + TIJ^2)^1/2 + DJ) / 2 + PE
    Total System Jitter     (TSJ):    0.071ns
    Total Input Jitter      (TIJ):    0.000ns
    Discrete Jitter          (DJ):    0.000ns
    Phase Error              (PE):    0.000ns

    Location             Delay type                Incr(ns)  Path(ns)    Netlist Resource(s)
  -------------------------------------------------------------------    -------------------
                         (clock sys_clk_pin rise edge)
                                                      0.000     0.000 r  
    W5                                                0.000     0.000 r  clk (IN)
                         net (fo=0)                   0.000     0.000    clk
    W5                                                                r  clk_IBUF_inst/I
    W5                   IBUF (Prop_ibuf_I_O)         1.458     1.458 r  clk_IBUF_inst/O
                         net (fo=1, unplaced)         0.800     2.258    clk_IBUF
                                                                      r  clk_IBUF_BUFG_inst/I
                         BUFG (Prop_bufg_I_O)         0.096     2.354 r  clk_IBUF_BUFG_inst/O
                         net (fo=11, unplaced)        0.584     2.938    uart_tx_controller_mod/CLK
                         FDRE                                         r  uart_tx_controller_mod/FSM_onehot_state_reg[1]/C
  -------------------------------------------------------------------    -------------------
                         FDRE (Prop_fdre_C_Q)         0.456     3.394 r  uart_tx_controller_mod/FSM_onehot_state_reg[1]/Q
                         net (fo=7, unplaced)         0.841     4.235    uart_tx_controller_mod/out[0]
                                                                      r  uart_tx_controller_mod/ser_counter[1]_i_1/I0
                         LUT5 (Prop_lut5_I0_O)        0.295     4.530 r  uart_tx_controller_mod/ser_counter[1]_i_1/O
                         net (fo=1, unplaced)         0.000     4.530    uart_tx_serializer_mod/D[1]
                         FDCE                                         r  uart_tx_serializer_mod/ser_counter_reg[1]/D
  -------------------------------------------------------------------    -------------------

                         (clock sys_clk_pin rise edge)
                                                     40.000    40.000 r  
    W5                                                0.000    40.000 r  clk (IN)
                         net (fo=0)                   0.000    40.000    clk
    W5                                                                r  clk_IBUF_inst/I
    W5                   IBUF (Prop_ibuf_I_O)         1.388    41.388 r  clk_IBUF_inst/O
                         net (fo=1, unplaced)         0.760    42.148    clk_IBUF
                                                                      r  clk_IBUF_BUFG_inst/I
                         BUFG (Prop_bufg_I_O)         0.091    42.239 r  clk_IBUF_BUFG_inst/O
                         net (fo=11, unplaced)        0.439    42.678    uart_tx_serializer_mod/CLK
                         FDCE                                         r  uart_tx_serializer_mod/ser_counter_reg[1]/C
                         clock pessimism              0.115    42.793    
                         clock uncertainty           -0.035    42.758    
                         FDCE (Setup_fdce_C_D)        0.029    42.787    uart_tx_serializer_mod/ser_counter_reg[1]
  -------------------------------------------------------------------
                         required time                         42.787    
                         arrival time                          -4.530    
  -------------------------------------------------------------------
                         slack                                 38.257    

Slack (MET) :             38.316ns  (required time - arrival time)
  Source:                 uart_tx_controller_mod/FSM_onehot_state_reg[2]/C
                            (rising edge-triggered cell FDRE clocked by sys_clk_pin  {rise@0.000ns fall@5.000ns period=40.000ns})
  Destination:            uart_tx_controller_mod/FSM_onehot_state_reg[3]/D
                            (rising edge-triggered cell FDRE clocked by sys_clk_pin  {rise@0.000ns fall@5.000ns period=40.000ns})
  Path Group:             sys_clk_pin
  Path Type:              Setup (Max at Slow Process Corner)
  Requirement:            40.000ns  (sys_clk_pin rise@40.000ns - sys_clk_pin rise@0.000ns)
  Data Path Delay:        1.533ns  (logic 0.751ns (48.989%)  route 0.782ns (51.011%))
  Logic Levels:           1  (LUT5=1)
  Clock Path Skew:        -0.145ns (DCD - SCD + CPR)
    Destination Clock Delay (DCD):    2.678ns = ( 42.678 - 40.000 ) 
    Source Clock Delay      (SCD):    2.938ns
    Clock Pessimism Removal (CPR):    0.115ns
  Clock Uncertainty:      0.035ns  ((TSJ^2 + TIJ^2)^1/2 + DJ) / 2 + PE
    Total System Jitter     (TSJ):    0.071ns
    Total Input Jitter      (TIJ):    0.000ns
    Discrete Jitter          (DJ):    0.000ns
    Phase Error              (PE):    0.000ns

    Location             Delay type                Incr(ns)  Path(ns)    Netlist Resource(s)
  -------------------------------------------------------------------    -------------------
                         (clock sys_clk_pin rise edge)
                                                      0.000     0.000 r  
    W5                                                0.000     0.000 r  clk (IN)
                         net (fo=0)                   0.000     0.000    clk
    W5                                                                r  clk_IBUF_inst/I
    W5                   IBUF (Prop_ibuf_I_O)         1.458     1.458 r  clk_IBUF_inst/O
                         net (fo=1, unplaced)         0.800     2.258    clk_IBUF
                                                                      r  clk_IBUF_BUFG_inst/I
                         BUFG (Prop_bufg_I_O)         0.096     2.354 r  clk_IBUF_BUFG_inst/O
                         net (fo=11, unplaced)        0.584     2.938    uart_tx_controller_mod/CLK
                         FDRE                                         r  uart_tx_controller_mod/FSM_onehot_state_reg[2]/C
  -------------------------------------------------------------------    -------------------
                         FDRE (Prop_fdre_C_Q)         0.456     3.394 r  uart_tx_controller_mod/FSM_onehot_state_reg[2]/Q
                         net (fo=9, unplaced)         0.782     4.176    uart_tx_controller_mod/out[1]
                                                                      r  uart_tx_controller_mod/FSM_onehot_state[3]_i_1/I2
                         LUT5 (Prop_lut5_I2_O)        0.295     4.471 r  uart_tx_controller_mod/FSM_onehot_state[3]_i_1/O
                         net (fo=1, unplaced)         0.000     4.471    uart_tx_controller_mod/FSM_onehot_state[3]_i_1_n_0
                         FDRE                                         r  uart_tx_controller_mod/FSM_onehot_state_reg[3]/D
  -------------------------------------------------------------------    -------------------

                         (clock sys_clk_pin rise edge)
                                                     40.000    40.000 r  
    W5                                                0.000    40.000 r  clk (IN)
                         net (fo=0)                   0.000    40.000    clk
    W5                                                                r  clk_IBUF_inst/I
    W5                   IBUF (Prop_ibuf_I_O)         1.388    41.388 r  clk_IBUF_inst/O
                         net (fo=1, unplaced)         0.760    42.148    clk_IBUF
                                                                      r  clk_IBUF_BUFG_inst/I
                         BUFG (Prop_bufg_I_O)         0.091    42.239 r  clk_IBUF_BUFG_inst/O
                         net (fo=11, unplaced)        0.439    42.678    uart_tx_controller_mod/CLK
                         FDRE                                         r  uart_tx_controller_mod/FSM_onehot_state_reg[3]/C
                         clock pessimism              0.115    42.793    
                         clock uncertainty           -0.035    42.758    
                         FDRE (Setup_fdre_C_D)        0.029    42.787    uart_tx_controller_mod/FSM_onehot_state_reg[3]
  -------------------------------------------------------------------
                         required time                         42.787    
                         arrival time                          -4.471    
  -------------------------------------------------------------------
                         slack                                 38.316    

Slack (MET) :             38.316ns  (required time - arrival time)
  Source:                 uart_tx_controller_mod/FSM_onehot_state_reg[2]/C
                            (rising edge-triggered cell FDRE clocked by sys_clk_pin  {rise@0.000ns fall@5.000ns period=40.000ns})
  Destination:            uart_tx_serializer_mod/ser_counter_reg[0]/D
                            (rising edge-triggered cell FDCE clocked by sys_clk_pin  {rise@0.000ns fall@5.000ns period=40.000ns})
  Path Group:             sys_clk_pin
  Path Type:              Setup (Max at Slow Process Corner)
  Requirement:            40.000ns  (sys_clk_pin rise@40.000ns - sys_clk_pin rise@0.000ns)
  Data Path Delay:        1.533ns  (logic 0.751ns (48.989%)  route 0.782ns (51.011%))
  Logic Levels:           1  (LUT4=1)
  Clock Path Skew:        -0.145ns (DCD - SCD + CPR)
    Destination Clock Delay (DCD):    2.678ns = ( 42.678 - 40.000 ) 
    Source Clock Delay      (SCD):    2.938ns
    Clock Pessimism Removal (CPR):    0.115ns
  Clock Uncertainty:      0.035ns  ((TSJ^2 + TIJ^2)^1/2 + DJ) / 2 + PE
    Total System Jitter     (TSJ):    0.071ns
    Total Input Jitter      (TIJ):    0.000ns
    Discrete Jitter          (DJ):    0.000ns
    Phase Error              (PE):    0.000ns

    Location             Delay type                Incr(ns)  Path(ns)    Netlist Resource(s)
  -------------------------------------------------------------------    -------------------
                         (clock sys_clk_pin rise edge)
                                                      0.000     0.000 r  
    W5                                                0.000     0.000 r  clk (IN)
                         net (fo=0)                   0.000     0.000    clk
    W5                                                                r  clk_IBUF_inst/I
    W5                   IBUF (Prop_ibuf_I_O)         1.458     1.458 r  clk_IBUF_inst/O
                         net (fo=1, unplaced)         0.800     2.258    clk_IBUF
                                                                      r  clk_IBUF_BUFG_inst/I
                         BUFG (Prop_bufg_I_O)         0.096     2.354 r  clk_IBUF_BUFG_inst/O
                         net (fo=11, unplaced)        0.584     2.938    uart_tx_controller_mod/CLK
                         FDRE                                         r  uart_tx_controller_mod/FSM_onehot_state_reg[2]/C
  -------------------------------------------------------------------    -------------------
                         FDRE (Prop_fdre_C_Q)         0.456     3.394 r  uart_tx_controller_mod/FSM_onehot_state_reg[2]/Q
                         net (fo=9, unplaced)         0.782     4.176    uart_tx_controller_mod/out[1]
                                                                      r  uart_tx_controller_mod/ser_counter[0]_i_1/I1
                         LUT4 (Prop_lut4_I1_O)        0.295     4.471 r  uart_tx_controller_mod/ser_counter[0]_i_1/O
                         net (fo=1, unplaced)         0.000     4.471    uart_tx_serializer_mod/D[0]
                         FDCE                                         r  uart_tx_serializer_mod/ser_counter_reg[0]/D
  -------------------------------------------------------------------    -------------------

                         (clock sys_clk_pin rise edge)
                                                     40.000    40.000 r  
    W5                                                0.000    40.000 r  clk (IN)
                         net (fo=0)                   0.000    40.000    clk
    W5                                                                r  clk_IBUF_inst/I
    W5                   IBUF (Prop_ibuf_I_O)         1.388    41.388 r  clk_IBUF_inst/O
                         net (fo=1, unplaced)         0.760    42.148    clk_IBUF
                                                                      r  clk_IBUF_BUFG_inst/I
                         BUFG (Prop_bufg_I_O)         0.091    42.239 r  clk_IBUF_BUFG_inst/O
                         net (fo=11, unplaced)        0.439    42.678    uart_tx_serializer_mod/CLK
                         FDCE                                         r  uart_tx_serializer_mod/ser_counter_reg[0]/C
                         clock pessimism              0.115    42.793    
                         clock uncertainty           -0.035    42.758    
                         FDCE (Setup_fdce_C_D)        0.029    42.787    uart_tx_serializer_mod/ser_counter_reg[0]
  -------------------------------------------------------------------
                         required time                         42.787    
                         arrival time                          -4.471    
  -------------------------------------------------------------------
                         slack                                 38.316    

Slack (MET) :             38.329ns  (required time - arrival time)
  Source:                 uart_tx_serializer_mod/ser_counter_reg[1]/C
                            (rising edge-triggered cell FDCE clocked by sys_clk_pin  {rise@0.000ns fall@5.000ns period=40.000ns})
  Destination:            uart_tx_serializer_mod/ser_done_reg/D
                            (rising edge-triggered cell FDCE clocked by sys_clk_pin  {rise@0.000ns fall@5.000ns period=40.000ns})
  Path Group:             sys_clk_pin
  Path Type:              Setup (Max at Slow Process Corner)
  Requirement:            40.000ns  (sys_clk_pin rise@40.000ns - sys_clk_pin rise@0.000ns)
  Data Path Delay:        1.520ns  (logic 0.751ns (49.408%)  route 0.769ns (50.592%))
  Logic Levels:           1  (LUT3=1)
  Clock Path Skew:        -0.145ns (DCD - SCD + CPR)
    Destination Clock Delay (DCD):    2.678ns = ( 42.678 - 40.000 ) 
    Source Clock Delay      (SCD):    2.938ns
    Clock Pessimism Removal (CPR):    0.115ns
  Clock Uncertainty:      0.035ns  ((TSJ^2 + TIJ^2)^1/2 + DJ) / 2 + PE
    Total System Jitter     (TSJ):    0.071ns
    Total Input Jitter      (TIJ):    0.000ns
    Discrete Jitter          (DJ):    0.000ns
    Phase Error              (PE):    0.000ns

    Location             Delay type                Incr(ns)  Path(ns)    Netlist Resource(s)
  -------------------------------------------------------------------    -------------------
                         (clock sys_clk_pin rise edge)
                                                      0.000     0.000 r  
    W5                                                0.000     0.000 r  clk (IN)
                         net (fo=0)                   0.000     0.000    clk
    W5                                                                r  clk_IBUF_inst/I
    W5                   IBUF (Prop_ibuf_I_O)         1.458     1.458 r  clk_IBUF_inst/O
                         net (fo=1, unplaced)         0.800     2.258    clk_IBUF
                                                                      r  clk_IBUF_BUFG_inst/I
                         BUFG (Prop_bufg_I_O)         0.096     2.354 r  clk_IBUF_BUFG_inst/O
                         net (fo=11, unplaced)        0.584     2.938    uart_tx_serializer_mod/CLK
                         FDCE                                         r  uart_tx_serializer_mod/ser_counter_reg[1]/C
  -------------------------------------------------------------------    -------------------
                         FDCE (Prop_fdce_C_Q)         0.456     3.394 r  uart_tx_serializer_mod/ser_counter_reg[1]/Q
                         net (fo=5, unplaced)         0.769     4.163    uart_tx_serializer_mod/Q[1]
                                                                      r  uart_tx_serializer_mod/ser_done_i_1/I0
                         LUT3 (Prop_lut3_I0_O)        0.295     4.458 r  uart_tx_serializer_mod/ser_done_i_1/O
                         net (fo=1, unplaced)         0.000     4.458    uart_tx_serializer_mod/ser_done_i_1_n_0
                         FDCE                                         r  uart_tx_serializer_mod/ser_done_reg/D
  -------------------------------------------------------------------    -------------------

                         (clock sys_clk_pin rise edge)
                                                     40.000    40.000 r  
    W5                                                0.000    40.000 r  clk (IN)
                         net (fo=0)                   0.000    40.000    clk
    W5                                                                r  clk_IBUF_inst/I
    W5                   IBUF (Prop_ibuf_I_O)         1.388    41.388 r  clk_IBUF_inst/O
                         net (fo=1, unplaced)         0.760    42.148    clk_IBUF
                                                                      r  clk_IBUF_BUFG_inst/I
                         BUFG (Prop_bufg_I_O)         0.091    42.239 r  clk_IBUF_BUFG_inst/O
                         net (fo=11, unplaced)        0.439    42.678    uart_tx_serializer_mod/CLK
                         FDCE                                         r  uart_tx_serializer_mod/ser_done_reg/C
                         clock pessimism              0.115    42.793    
                         clock uncertainty           -0.035    42.758    
                         FDCE (Setup_fdce_C_D)        0.029    42.787    uart_tx_serializer_mod/ser_done_reg
  -------------------------------------------------------------------
                         required time                         42.787    
                         arrival time                          -4.458    
  -------------------------------------------------------------------
                         slack                                 38.329    

Slack (MET) :             38.339ns  (required time - arrival time)
  Source:                 uart_tx_controller_mod/FSM_onehot_state_reg[0]/C
                            (rising edge-triggered cell FDSE clocked by sys_clk_pin  {rise@0.000ns fall@5.000ns period=40.000ns})
  Destination:            uart_tx_controller_mod/FSM_onehot_state_reg[0]/D
                            (rising edge-triggered cell FDSE clocked by sys_clk_pin  {rise@0.000ns fall@5.000ns period=40.000ns})
  Path Group:             sys_clk_pin
  Path Type:              Setup (Max at Slow Process Corner)
  Requirement:            40.000ns  (sys_clk_pin rise@40.000ns - sys_clk_pin rise@0.000ns)
  Data Path Delay:        1.510ns  (logic 0.751ns (49.735%)  route 0.759ns (50.265%))
  Logic Levels:           1  (LUT3=1)
  Clock Path Skew:        -0.145ns (DCD - SCD + CPR)
    Destination Clock Delay (DCD):    2.678ns = ( 42.678 - 40.000 ) 
    Source Clock Delay      (SCD):    2.938ns
    Clock Pessimism Removal (CPR):    0.115ns
  Clock Uncertainty:      0.035ns  ((TSJ^2 + TIJ^2)^1/2 + DJ) / 2 + PE
    Total System Jitter     (TSJ):    0.071ns
    Total Input Jitter      (TIJ):    0.000ns
    Discrete Jitter          (DJ):    0.000ns
    Phase Error              (PE):    0.000ns

    Location             Delay type                Incr(ns)  Path(ns)    Netlist Resource(s)
  -------------------------------------------------------------------    -------------------
                         (clock sys_clk_pin rise edge)
                                                      0.000     0.000 r  
    W5                                                0.000     0.000 r  clk (IN)
                         net (fo=0)                   0.000     0.000    clk
    W5                                                                r  clk_IBUF_inst/I
    W5                   IBUF (Prop_ibuf_I_O)         1.458     1.458 r  clk_IBUF_inst/O
                         net (fo=1, unplaced)         0.800     2.258    clk_IBUF
                                                                      r  clk_IBUF_BUFG_inst/I
                         BUFG (Prop_bufg_I_O)         0.096     2.354 r  clk_IBUF_BUFG_inst/O
                         net (fo=11, unplaced)        0.584     2.938    uart_tx_controller_mod/CLK
                         FDSE                                         r  uart_tx_controller_mod/FSM_onehot_state_reg[0]/C
  -------------------------------------------------------------------    -------------------
                         FDSE (Prop_fdse_C_Q)         0.456     3.394 r  uart_tx_controller_mod/FSM_onehot_state_reg[0]/Q
                         net (fo=3, unplaced)         0.759     4.153    uart_tx_controller_mod/FSM_onehot_state_reg_n_0_[0]
                                                                      r  uart_tx_controller_mod/FSM_onehot_state[0]_i_1/I0
                         LUT3 (Prop_lut3_I0_O)        0.295     4.448 r  uart_tx_controller_mod/FSM_onehot_state[0]_i_1/O
                         net (fo=1, unplaced)         0.000     4.448    uart_tx_controller_mod/FSM_onehot_state[0]_i_1_n_0
                         FDSE                                         r  uart_tx_controller_mod/FSM_onehot_state_reg[0]/D
  -------------------------------------------------------------------    -------------------

                         (clock sys_clk_pin rise edge)
                                                     40.000    40.000 r  
    W5                                                0.000    40.000 r  clk (IN)
                         net (fo=0)                   0.000    40.000    clk
    W5                                                                r  clk_IBUF_inst/I
    W5                   IBUF (Prop_ibuf_I_O)         1.388    41.388 r  clk_IBUF_inst/O
                         net (fo=1, unplaced)         0.760    42.148    clk_IBUF
                                                                      r  clk_IBUF_BUFG_inst/I
                         BUFG (Prop_bufg_I_O)         0.091    42.239 r  clk_IBUF_BUFG_inst/O
                         net (fo=11, unplaced)        0.439    42.678    uart_tx_controller_mod/CLK
                         FDSE                                         r  uart_tx_controller_mod/FSM_onehot_state_reg[0]/C
                         clock pessimism              0.115    42.793    
                         clock uncertainty           -0.035    42.758    
                         FDSE (Setup_fdse_C_D)        0.029    42.787    uart_tx_controller_mod/FSM_onehot_state_reg[0]
  -------------------------------------------------------------------
                         required time                         42.787    
                         arrival time                          -4.448    
  -------------------------------------------------------------------
                         slack                                 38.339    

Slack (MET) :             38.339ns  (required time - arrival time)
  Source:                 uart_tx_controller_mod/FSM_onehot_state_reg[0]/C
                            (rising edge-triggered cell FDSE clocked by sys_clk_pin  {rise@0.000ns fall@5.000ns period=40.000ns})
  Destination:            uart_tx_controller_mod/FSM_onehot_state_reg[1]/D
                            (rising edge-triggered cell FDRE clocked by sys_clk_pin  {rise@0.000ns fall@5.000ns period=40.000ns})
  Path Group:             sys_clk_pin
  Path Type:              Setup (Max at Slow Process Corner)
  Requirement:            40.000ns  (sys_clk_pin rise@40.000ns - sys_clk_pin rise@0.000ns)
  Data Path Delay:        1.510ns  (logic 0.751ns (49.735%)  route 0.759ns (50.265%))
  Logic Levels:           1  (LUT3=1)
  Clock Path Skew:        -0.145ns (DCD - SCD + CPR)
    Destination Clock Delay (DCD):    2.678ns = ( 42.678 - 40.000 ) 
    Source Clock Delay      (SCD):    2.938ns
    Clock Pessimism Removal (CPR):    0.115ns
  Clock Uncertainty:      0.035ns  ((TSJ^2 + TIJ^2)^1/2 + DJ) / 2 + PE
    Total System Jitter     (TSJ):    0.071ns
    Total Input Jitter      (TIJ):    0.000ns
    Discrete Jitter          (DJ):    0.000ns
    Phase Error              (PE):    0.000ns

    Location             Delay type                Incr(ns)  Path(ns)    Netlist Resource(s)
  -------------------------------------------------------------------    -------------------
                         (clock sys_clk_pin rise edge)
                                                      0.000     0.000 r  
    W5                                                0.000     0.000 r  clk (IN)
                         net (fo=0)                   0.000     0.000    clk
    W5                                                                r  clk_IBUF_inst/I
    W5                   IBUF (Prop_ibuf_I_O)         1.458     1.458 r  clk_IBUF_inst/O
                         net (fo=1, unplaced)         0.800     2.258    clk_IBUF
                                                                      r  clk_IBUF_BUFG_inst/I
                         BUFG (Prop_bufg_I_O)         0.096     2.354 r  clk_IBUF_BUFG_inst/O
                         net (fo=11, unplaced)        0.584     2.938    uart_tx_controller_mod/CLK
                         FDSE                                         r  uart_tx_controller_mod/FSM_onehot_state_reg[0]/C
  -------------------------------------------------------------------    -------------------
                         FDSE (Prop_fdse_C_Q)         0.456     3.394 r  uart_tx_controller_mod/FSM_onehot_state_reg[0]/Q
                         net (fo=3, unplaced)         0.759     4.153    uart_tx_controller_mod/FSM_onehot_state_reg_n_0_[0]
                                                                      r  uart_tx_controller_mod/FSM_onehot_state[1]_i_1/I0
                         LUT3 (Prop_lut3_I0_O)        0.295     4.448 r  uart_tx_controller_mod/FSM_onehot_state[1]_i_1/O
                         net (fo=1, unplaced)         0.000     4.448    uart_tx_controller_mod/FSM_onehot_state[1]_i_1_n_0
                         FDRE                                         r  uart_tx_controller_mod/FSM_onehot_state_reg[1]/D
  -------------------------------------------------------------------    -------------------

                         (clock sys_clk_pin rise edge)
                                                     40.000    40.000 r  
    W5                                                0.000    40.000 r  clk (IN)
                         net (fo=0)                   0.000    40.000    clk
    W5                                                                r  clk_IBUF_inst/I
    W5                   IBUF (Prop_ibuf_I_O)         1.388    41.388 r  clk_IBUF_inst/O
                         net (fo=1, unplaced)         0.760    42.148    clk_IBUF
                                                                      r  clk_IBUF_BUFG_inst/I
                         BUFG (Prop_bufg_I_O)         0.091    42.239 r  clk_IBUF_BUFG_inst/O
                         net (fo=11, unplaced)        0.439    42.678    uart_tx_controller_mod/CLK
                         FDRE                                         r  uart_tx_controller_mod/FSM_onehot_state_reg[1]/C
                         clock pessimism              0.115    42.793    
                         clock uncertainty           -0.035    42.758    
                         FDRE (Setup_fdre_C_D)        0.029    42.787    uart_tx_controller_mod/FSM_onehot_state_reg[1]
  -------------------------------------------------------------------
                         required time                         42.787    
                         arrival time                          -4.448    
  -------------------------------------------------------------------
                         slack                                 38.339    

Slack (MET) :             38.397ns  (required time - arrival time)
  Source:                 uart_tx_controller_mod/FSM_onehot_state_reg[1]/C
                            (rising edge-triggered cell FDRE clocked by sys_clk_pin  {rise@0.000ns fall@5.000ns period=40.000ns})
  Destination:            uart_tx_controller_mod/FSM_onehot_state_reg[2]/D
                            (rising edge-triggered cell FDRE clocked by sys_clk_pin  {rise@0.000ns fall@5.000ns period=40.000ns})
  Path Group:             sys_clk_pin
  Path Type:              Setup (Max at Slow Process Corner)
  Requirement:            40.000ns  (sys_clk_pin rise@40.000ns - sys_clk_pin rise@0.000ns)
  Data Path Delay:        1.452ns  (logic 0.751ns (51.722%)  route 0.701ns (48.278%))
  Logic Levels:           1  (LUT4=1)
  Clock Path Skew:        -0.145ns (DCD - SCD + CPR)
    Destination Clock Delay (DCD):    2.678ns = ( 42.678 - 40.000 ) 
    Source Clock Delay      (SCD):    2.938ns
    Clock Pessimism Removal (CPR):    0.115ns
  Clock Uncertainty:      0.035ns  ((TSJ^2 + TIJ^2)^1/2 + DJ) / 2 + PE
    Total System Jitter     (TSJ):    0.071ns
    Total Input Jitter      (TIJ):    0.000ns
    Discrete Jitter          (DJ):    0.000ns
    Phase Error              (PE):    0.000ns

    Location             Delay type                Incr(ns)  Path(ns)    Netlist Resource(s)
  -------------------------------------------------------------------    -------------------
                         (clock sys_clk_pin rise edge)
                                                      0.000     0.000 r  
    W5                                                0.000     0.000 r  clk (IN)
                         net (fo=0)                   0.000     0.000    clk
    W5                                                                r  clk_IBUF_inst/I
    W5                   IBUF (Prop_ibuf_I_O)         1.458     1.458 r  clk_IBUF_inst/O
                         net (fo=1, unplaced)         0.800     2.258    clk_IBUF
                                                                      r  clk_IBUF_BUFG_inst/I
                         BUFG (Prop_bufg_I_O)         0.096     2.354 r  clk_IBUF_BUFG_inst/O
                         net (fo=11, unplaced)        0.584     2.938    uart_tx_controller_mod/CLK
                         FDRE                                         r  uart_tx_controller_mod/FSM_onehot_state_reg[1]/C
  -------------------------------------------------------------------    -------------------
                         FDRE (Prop_fdre_C_Q)         0.456     3.394 r  uart_tx_controller_mod/FSM_onehot_state_reg[1]/Q
                         net (fo=7, unplaced)         0.701     4.095    uart_tx_controller_mod/out[0]
                                                                      r  uart_tx_controller_mod/FSM_onehot_state[2]_i_1/I0
                         LUT4 (Prop_lut4_I0_O)        0.295     4.390 r  uart_tx_controller_mod/FSM_onehot_state[2]_i_1/O
                         net (fo=1, unplaced)         0.000     4.390    uart_tx_controller_mod/FSM_onehot_state[2]_i_1_n_0
                         FDRE                                         r  uart_tx_controller_mod/FSM_onehot_state_reg[2]/D
  -------------------------------------------------------------------    -------------------

                         (clock sys_clk_pin rise edge)
                                                     40.000    40.000 r  
    W5                                                0.000    40.000 r  clk (IN)
                         net (fo=0)                   0.000    40.000    clk
    W5                                                                r  clk_IBUF_inst/I
    W5                   IBUF (Prop_ibuf_I_O)         1.388    41.388 r  clk_IBUF_inst/O
                         net (fo=1, unplaced)         0.760    42.148    clk_IBUF
                                                                      r  clk_IBUF_BUFG_inst/I
                         BUFG (Prop_bufg_I_O)         0.091    42.239 r  clk_IBUF_BUFG_inst/O
                         net (fo=11, unplaced)        0.439    42.678    uart_tx_controller_mod/CLK
                         FDRE                                         r  uart_tx_controller_mod/FSM_onehot_state_reg[2]/C
                         clock pessimism              0.115    42.793    
                         clock uncertainty           -0.035    42.758    
                         FDRE (Setup_fdre_C_D)        0.029    42.787    uart_tx_controller_mod/FSM_onehot_state_reg[2]
  -------------------------------------------------------------------
                         required time                         42.787    
                         arrival time                          -4.390    
  -------------------------------------------------------------------
                         slack                                 38.397    





Min Delay Paths
--------------------------------------------------------------------------------------
Slack (MET) :             0.142ns  (arrival time - required time)
  Source:                 uart_tx_serializer_mod/ser_counter_reg[2]/C
                            (rising edge-triggered cell FDCE clocked by sys_clk_pin  {rise@0.000ns fall@5.000ns period=40.000ns})
  Destination:            uart_tx_serializer_mod/ser_done_reg/D
                            (rising edge-triggered cell FDCE clocked by sys_clk_pin  {rise@0.000ns fall@5.000ns period=40.000ns})
  Path Group:             sys_clk_pin
  Path Type:              Hold (Min at Fast Process Corner)
  Requirement:            0.000ns  (sys_clk_pin rise@0.000ns - sys_clk_pin rise@0.000ns)
  Data Path Delay:        0.378ns  (logic 0.239ns (63.281%)  route 0.139ns (36.719%))
  Logic Levels:           1  (LUT3=1)
  Clock Path Skew:        0.145ns (DCD - SCD - CPR)
    Destination Clock Delay (DCD):    1.057ns
    Source Clock Delay      (SCD):    0.704ns
    Clock Pessimism Removal (CPR):    0.208ns

    Location             Delay type                Incr(ns)  Path(ns)    Netlist Resource(s)
  -------------------------------------------------------------------    -------------------
                         (clock sys_clk_pin rise edge)
                                                      0.000     0.000 r  
    W5                                                0.000     0.000 r  clk (IN)
                         net (fo=0)                   0.000     0.000    clk
    W5                                                                r  clk_IBUF_inst/I
    W5                   IBUF (Prop_ibuf_I_O)         0.226     0.226 r  clk_IBUF_inst/O
                         net (fo=1, unplaced)         0.337     0.564    clk_IBUF
                                                                      r  clk_IBUF_BUFG_inst/I
                         BUFG (Prop_bufg_I_O)         0.026     0.590 r  clk_IBUF_BUFG_inst/O
                         net (fo=11, unplaced)        0.114     0.704    uart_tx_serializer_mod/CLK
                         FDCE                                         r  uart_tx_serializer_mod/ser_counter_reg[2]/C
  -------------------------------------------------------------------    -------------------
                         FDCE (Prop_fdce_C_Q)         0.141     0.845 r  uart_tx_serializer_mod/ser_counter_reg[2]/Q
                         net (fo=3, unplaced)         0.139     0.983    uart_tx_serializer_mod/ser_counter[2]
                                                                      r  uart_tx_serializer_mod/ser_done_i_1/I2
                         LUT3 (Prop_lut3_I2_O)        0.098     1.081 r  uart_tx_serializer_mod/ser_done_i_1/O
                         net (fo=1, unplaced)         0.000     1.081    uart_tx_serializer_mod/ser_done_i_1_n_0
                         FDCE                                         r  uart_tx_serializer_mod/ser_done_reg/D
  -------------------------------------------------------------------    -------------------

                         (clock sys_clk_pin rise edge)
                                                      0.000     0.000 r  
    W5                                                0.000     0.000 r  clk (IN)
                         net (fo=0)                   0.000     0.000    clk
    W5                                                                r  clk_IBUF_inst/I
    W5                   IBUF (Prop_ibuf_I_O)         0.414     0.414 r  clk_IBUF_inst/O
                         net (fo=1, unplaced)         0.355     0.769    clk_IBUF
                                                                      r  clk_IBUF_BUFG_inst/I
                         BUFG (Prop_bufg_I_O)         0.029     0.798 r  clk_IBUF_BUFG_inst/O
                         net (fo=11, unplaced)        0.259     1.057    uart_tx_serializer_mod/CLK
                         FDCE                                         r  uart_tx_serializer_mod/ser_done_reg/C
                         clock pessimism             -0.208     0.849    
                         FDCE (Hold_fdce_C_D)         0.091     0.940    uart_tx_serializer_mod/ser_done_reg
  -------------------------------------------------------------------
                         required time                         -0.940    
                         arrival time                           1.081    
  -------------------------------------------------------------------
                         slack                                  0.142    

Slack (MET) :             0.144ns  (arrival time - required time)
  Source:                 uart_tx_controller_mod/FSM_onehot_state_reg[4]/C
                            (rising edge-triggered cell FDRE clocked by sys_clk_pin  {rise@0.000ns fall@5.000ns period=40.000ns})
  Destination:            uart_tx_controller_mod/FSM_onehot_state_reg[0]/D
                            (rising edge-triggered cell FDSE clocked by sys_clk_pin  {rise@0.000ns fall@5.000ns period=40.000ns})
  Path Group:             sys_clk_pin
  Path Type:              Hold (Min at Fast Process Corner)
  Requirement:            0.000ns  (sys_clk_pin rise@0.000ns - sys_clk_pin rise@0.000ns)
  Data Path Delay:        0.380ns  (logic 0.239ns (62.860%)  route 0.141ns (37.140%))
  Logic Levels:           1  (LUT3=1)
  Clock Path Skew:        0.145ns (DCD - SCD - CPR)
    Destination Clock Delay (DCD):    1.057ns
    Source Clock Delay      (SCD):    0.704ns
    Clock Pessimism Removal (CPR):    0.208ns

    Location             Delay type                Incr(ns)  Path(ns)    Netlist Resource(s)
  -------------------------------------------------------------------    -------------------
                         (clock sys_clk_pin rise edge)
                                                      0.000     0.000 r  
    W5                                                0.000     0.000 r  clk (IN)
                         net (fo=0)                   0.000     0.000    clk
    W5                                                                r  clk_IBUF_inst/I
    W5                   IBUF (Prop_ibuf_I_O)         0.226     0.226 r  clk_IBUF_inst/O
                         net (fo=1, unplaced)         0.337     0.564    clk_IBUF
                                                                      r  clk_IBUF_BUFG_inst/I
                         BUFG (Prop_bufg_I_O)         0.026     0.590 r  clk_IBUF_BUFG_inst/O
                         net (fo=11, unplaced)        0.114     0.704    uart_tx_controller_mod/CLK
                         FDRE                                         r  uart_tx_controller_mod/FSM_onehot_state_reg[4]/C
  -------------------------------------------------------------------    -------------------
                         FDRE (Prop_fdre_C_Q)         0.141     0.845 r  uart_tx_controller_mod/FSM_onehot_state_reg[4]/Q
                         net (fo=4, unplaced)         0.141     0.986    uart_tx_controller_mod/FSM_onehot_state_reg_n_0_[4]
                                                                      r  uart_tx_controller_mod/FSM_onehot_state[0]_i_1/I2
                         LUT3 (Prop_lut3_I2_O)        0.098     1.084 r  uart_tx_controller_mod/FSM_onehot_state[0]_i_1/O
                         net (fo=1, unplaced)         0.000     1.084    uart_tx_controller_mod/FSM_onehot_state[0]_i_1_n_0
                         FDSE                                         r  uart_tx_controller_mod/FSM_onehot_state_reg[0]/D
  -------------------------------------------------------------------    -------------------

                         (clock sys_clk_pin rise edge)
                                                      0.000     0.000 r  
    W5                                                0.000     0.000 r  clk (IN)
                         net (fo=0)                   0.000     0.000    clk
    W5                                                                r  clk_IBUF_inst/I
    W5                   IBUF (Prop_ibuf_I_O)         0.414     0.414 r  clk_IBUF_inst/O
                         net (fo=1, unplaced)         0.355     0.769    clk_IBUF
                                                                      r  clk_IBUF_BUFG_inst/I
                         BUFG (Prop_bufg_I_O)         0.029     0.798 r  clk_IBUF_BUFG_inst/O
                         net (fo=11, unplaced)        0.259     1.057    uart_tx_controller_mod/CLK
                         FDSE                                         r  uart_tx_controller_mod/FSM_onehot_state_reg[0]/C
                         clock pessimism             -0.208     0.849    
                         FDSE (Hold_fdse_C_D)         0.091     0.940    uart_tx_controller_mod/FSM_onehot_state_reg[0]
  -------------------------------------------------------------------
                         required time                         -0.940    
                         arrival time                           1.084    
  -------------------------------------------------------------------
                         slack                                  0.144    

Slack (MET) :             0.144ns  (arrival time - required time)
  Source:                 uart_tx_controller_mod/FSM_onehot_state_reg[4]/C
                            (rising edge-triggered cell FDRE clocked by sys_clk_pin  {rise@0.000ns fall@5.000ns period=40.000ns})
  Destination:            uart_tx_controller_mod/FSM_onehot_state_reg[4]/D
                            (rising edge-triggered cell FDRE clocked by sys_clk_pin  {rise@0.000ns fall@5.000ns period=40.000ns})
  Path Group:             sys_clk_pin
  Path Type:              Hold (Min at Fast Process Corner)
  Requirement:            0.000ns  (sys_clk_pin rise@0.000ns - sys_clk_pin rise@0.000ns)
  Data Path Delay:        0.380ns  (logic 0.239ns (62.860%)  route 0.141ns (37.140%))
  Logic Levels:           1  (LUT6=1)
  Clock Path Skew:        0.145ns (DCD - SCD - CPR)
    Destination Clock Delay (DCD):    1.057ns
    Source Clock Delay      (SCD):    0.704ns
    Clock Pessimism Removal (CPR):    0.208ns

    Location             Delay type                Incr(ns)  Path(ns)    Netlist Resource(s)
  -------------------------------------------------------------------    -------------------
                         (clock sys_clk_pin rise edge)
                                                      0.000     0.000 r  
    W5                                                0.000     0.000 r  clk (IN)
                         net (fo=0)                   0.000     0.000    clk
    W5                                                                r  clk_IBUF_inst/I
    W5                   IBUF (Prop_ibuf_I_O)         0.226     0.226 r  clk_IBUF_inst/O
                         net (fo=1, unplaced)         0.337     0.564    clk_IBUF
                                                                      r  clk_IBUF_BUFG_inst/I
                         BUFG (Prop_bufg_I_O)         0.026     0.590 r  clk_IBUF_BUFG_inst/O
                         net (fo=11, unplaced)        0.114     0.704    uart_tx_controller_mod/CLK
                         FDRE                                         r  uart_tx_controller_mod/FSM_onehot_state_reg[4]/C
  -------------------------------------------------------------------    -------------------
                         FDRE (Prop_fdre_C_Q)         0.141     0.845 r  uart_tx_controller_mod/FSM_onehot_state_reg[4]/Q
                         net (fo=4, unplaced)         0.141     0.986    uart_tx_controller_mod/FSM_onehot_state_reg_n_0_[4]
                                                                      r  uart_tx_controller_mod/FSM_onehot_state[4]_i_2/I5
                         LUT6 (Prop_lut6_I5_O)        0.098     1.084 r  uart_tx_controller_mod/FSM_onehot_state[4]_i_2/O
                         net (fo=1, unplaced)         0.000     1.084    uart_tx_controller_mod/FSM_onehot_state[4]_i_2_n_0
                         FDRE                                         r  uart_tx_controller_mod/FSM_onehot_state_reg[4]/D
  -------------------------------------------------------------------    -------------------

                         (clock sys_clk_pin rise edge)
                                                      0.000     0.000 r  
    W5                                                0.000     0.000 r  clk (IN)
                         net (fo=0)                   0.000     0.000    clk
    W5                                                                r  clk_IBUF_inst/I
    W5                   IBUF (Prop_ibuf_I_O)         0.414     0.414 r  clk_IBUF_inst/O
                         net (fo=1, unplaced)         0.355     0.769    clk_IBUF
                                                                      r  clk_IBUF_BUFG_inst/I
                         BUFG (Prop_bufg_I_O)         0.029     0.798 r  clk_IBUF_BUFG_inst/O
                         net (fo=11, unplaced)        0.259     1.057    uart_tx_controller_mod/CLK
                         FDRE                                         r  uart_tx_controller_mod/FSM_onehot_state_reg[4]/C
                         clock pessimism             -0.208     0.849    
                         FDRE (Hold_fdre_C_D)         0.091     0.940    uart_tx_controller_mod/FSM_onehot_state_reg[4]
  -------------------------------------------------------------------
                         required time                         -0.940    
                         arrival time                           1.084    
  -------------------------------------------------------------------
                         slack                                  0.144    

Slack (MET) :             0.146ns  (arrival time - required time)
  Source:                 uart_tx_controller_mod/FSM_onehot_state_reg[3]/C
                            (rising edge-triggered cell FDRE clocked by sys_clk_pin  {rise@0.000ns fall@5.000ns period=40.000ns})
  Destination:            uart_tx_controller_mod/FSM_onehot_state_reg[3]/D
                            (rising edge-triggered cell FDRE clocked by sys_clk_pin  {rise@0.000ns fall@5.000ns period=40.000ns})
  Path Group:             sys_clk_pin
  Path Type:              Hold (Min at Fast Process Corner)
  Requirement:            0.000ns  (sys_clk_pin rise@0.000ns - sys_clk_pin rise@0.000ns)
  Data Path Delay:        0.382ns  (logic 0.239ns (62.583%)  route 0.143ns (37.417%))
  Logic Levels:           1  (LUT5=1)
  Clock Path Skew:        0.145ns (DCD - SCD - CPR)
    Destination Clock Delay (DCD):    1.057ns
    Source Clock Delay      (SCD):    0.704ns
    Clock Pessimism Removal (CPR):    0.208ns

    Location             Delay type                Incr(ns)  Path(ns)    Netlist Resource(s)
  -------------------------------------------------------------------    -------------------
                         (clock sys_clk_pin rise edge)
                                                      0.000     0.000 r  
    W5                                                0.000     0.000 r  clk (IN)
                         net (fo=0)                   0.000     0.000    clk
    W5                                                                r  clk_IBUF_inst/I
    W5                   IBUF (Prop_ibuf_I_O)         0.226     0.226 r  clk_IBUF_inst/O
                         net (fo=1, unplaced)         0.337     0.564    clk_IBUF
                                                                      r  clk_IBUF_BUFG_inst/I
                         BUFG (Prop_bufg_I_O)         0.026     0.590 r  clk_IBUF_BUFG_inst/O
                         net (fo=11, unplaced)        0.114     0.704    uart_tx_controller_mod/CLK
                         FDRE                                         r  uart_tx_controller_mod/FSM_onehot_state_reg[3]/C
  -------------------------------------------------------------------    -------------------
                         FDRE (Prop_fdre_C_Q)         0.141     0.845 r  uart_tx_controller_mod/FSM_onehot_state_reg[3]/Q
                         net (fo=5, unplaced)         0.143     0.987    uart_tx_controller_mod/FSM_onehot_state_reg_n_0_[3]
                                                                      r  uart_tx_controller_mod/FSM_onehot_state[3]_i_1/I4
                         LUT5 (Prop_lut5_I4_O)        0.098     1.085 r  uart_tx_controller_mod/FSM_onehot_state[3]_i_1/O
                         net (fo=1, unplaced)         0.000     1.085    uart_tx_controller_mod/FSM_onehot_state[3]_i_1_n_0
                         FDRE                                         r  uart_tx_controller_mod/FSM_onehot_state_reg[3]/D
  -------------------------------------------------------------------    -------------------

                         (clock sys_clk_pin rise edge)
                                                      0.000     0.000 r  
    W5                                                0.000     0.000 r  clk (IN)
                         net (fo=0)                   0.000     0.000    clk
    W5                                                                r  clk_IBUF_inst/I
    W5                   IBUF (Prop_ibuf_I_O)         0.414     0.414 r  clk_IBUF_inst/O
                         net (fo=1, unplaced)         0.355     0.769    clk_IBUF
                                                                      r  clk_IBUF_BUFG_inst/I
                         BUFG (Prop_bufg_I_O)         0.029     0.798 r  clk_IBUF_BUFG_inst/O
                         net (fo=11, unplaced)        0.259     1.057    uart_tx_controller_mod/CLK
                         FDRE                                         r  uart_tx_controller_mod/FSM_onehot_state_reg[3]/C
                         clock pessimism             -0.208     0.849    
                         FDRE (Hold_fdre_C_D)         0.091     0.940    uart_tx_controller_mod/FSM_onehot_state_reg[3]
  -------------------------------------------------------------------
                         required time                         -0.940    
                         arrival time                           1.085    
  -------------------------------------------------------------------
                         slack                                  0.146    

Slack (MET) :             0.148ns  (arrival time - required time)
  Source:                 uart_tx_serializer_mod/ser_counter_reg[0]/C
                            (rising edge-triggered cell FDCE clocked by sys_clk_pin  {rise@0.000ns fall@5.000ns period=40.000ns})
  Destination:            uart_tx_serializer_mod/ser_counter_reg[0]/D
                            (rising edge-triggered cell FDCE clocked by sys_clk_pin  {rise@0.000ns fall@5.000ns period=40.000ns})
  Path Group:             sys_clk_pin
  Path Type:              Hold (Min at Fast Process Corner)
  Requirement:            0.000ns  (sys_clk_pin rise@0.000ns - sys_clk_pin rise@0.000ns)
  Data Path Delay:        0.384ns  (logic 0.239ns (62.308%)  route 0.145ns (37.692%))
  Logic Levels:           1  (LUT4=1)
  Clock Path Skew:        0.145ns (DCD - SCD - CPR)
    Destination Clock Delay (DCD):    1.057ns
    Source Clock Delay      (SCD):    0.704ns
    Clock Pessimism Removal (CPR):    0.208ns

    Location             Delay type                Incr(ns)  Path(ns)    Netlist Resource(s)
  -------------------------------------------------------------------    -------------------
                         (clock sys_clk_pin rise edge)
                                                      0.000     0.000 r  
    W5                                                0.000     0.000 r  clk (IN)
                         net (fo=0)                   0.000     0.000    clk
    W5                                                                r  clk_IBUF_inst/I
    W5                   IBUF (Prop_ibuf_I_O)         0.226     0.226 r  clk_IBUF_inst/O
                         net (fo=1, unplaced)         0.337     0.564    clk_IBUF
                                                                      r  clk_IBUF_BUFG_inst/I
                         BUFG (Prop_bufg_I_O)         0.026     0.590 r  clk_IBUF_BUFG_inst/O
                         net (fo=11, unplaced)        0.114     0.704    uart_tx_serializer_mod/CLK
                         FDCE                                         r  uart_tx_serializer_mod/ser_counter_reg[0]/C
  -------------------------------------------------------------------    -------------------
                         FDCE (Prop_fdce_C_Q)         0.141     0.845 f  uart_tx_serializer_mod/ser_counter_reg[0]/Q
                         net (fo=6, unplaced)         0.145     0.989    uart_tx_controller_mod/Q[0]
                                                                      f  uart_tx_controller_mod/ser_counter[0]_i_1/I3
                         LUT4 (Prop_lut4_I3_O)        0.098     1.087 r  uart_tx_controller_mod/ser_counter[0]_i_1/O
                         net (fo=1, unplaced)         0.000     1.087    uart_tx_serializer_mod/D[0]
                         FDCE                                         r  uart_tx_serializer_mod/ser_counter_reg[0]/D
  -------------------------------------------------------------------    -------------------

                         (clock sys_clk_pin rise edge)
                                                      0.000     0.000 r  
    W5                                                0.000     0.000 r  clk (IN)
                         net (fo=0)                   0.000     0.000    clk
    W5                                                                r  clk_IBUF_inst/I
    W5                   IBUF (Prop_ibuf_I_O)         0.414     0.414 r  clk_IBUF_inst/O
                         net (fo=1, unplaced)         0.355     0.769    clk_IBUF
                                                                      r  clk_IBUF_BUFG_inst/I
                         BUFG (Prop_bufg_I_O)         0.029     0.798 r  clk_IBUF_BUFG_inst/O
                         net (fo=11, unplaced)        0.259     1.057    uart_tx_serializer_mod/CLK
                         FDCE                                         r  uart_tx_serializer_mod/ser_counter_reg[0]/C
                         clock pessimism             -0.208     0.849    
                         FDCE (Hold_fdce_C_D)         0.091     0.940    uart_tx_serializer_mod/ser_counter_reg[0]
  -------------------------------------------------------------------
                         required time                         -0.940    
                         arrival time                           1.087    
  -------------------------------------------------------------------
                         slack                                  0.148    

Slack (MET) :             0.148ns  (arrival time - required time)
  Source:                 uart_tx_serializer_mod/ser_counter_reg[0]/C
                            (rising edge-triggered cell FDCE clocked by sys_clk_pin  {rise@0.000ns fall@5.000ns period=40.000ns})
  Destination:            uart_tx_serializer_mod/ser_counter_reg[1]/D
                            (rising edge-triggered cell FDCE clocked by sys_clk_pin  {rise@0.000ns fall@5.000ns period=40.000ns})
  Path Group:             sys_clk_pin
  Path Type:              Hold (Min at Fast Process Corner)
  Requirement:            0.000ns  (sys_clk_pin rise@0.000ns - sys_clk_pin rise@0.000ns)
  Data Path Delay:        0.384ns  (logic 0.239ns (62.308%)  route 0.145ns (37.692%))
  Logic Levels:           1  (LUT5=1)
  Clock Path Skew:        0.145ns (DCD - SCD - CPR)
    Destination Clock Delay (DCD):    1.057ns
    Source Clock Delay      (SCD):    0.704ns
    Clock Pessimism Removal (CPR):    0.208ns

    Location             Delay type                Incr(ns)  Path(ns)    Netlist Resource(s)
  -------------------------------------------------------------------    -------------------
                         (clock sys_clk_pin rise edge)
                                                      0.000     0.000 r  
    W5                                                0.000     0.000 r  clk (IN)
                         net (fo=0)                   0.000     0.000    clk
    W5                                                                r  clk_IBUF_inst/I
    W5                   IBUF (Prop_ibuf_I_O)         0.226     0.226 r  clk_IBUF_inst/O
                         net (fo=1, unplaced)         0.337     0.564    clk_IBUF
                                                                      r  clk_IBUF_BUFG_inst/I
                         BUFG (Prop_bufg_I_O)         0.026     0.590 r  clk_IBUF_BUFG_inst/O
                         net (fo=11, unplaced)        0.114     0.704    uart_tx_serializer_mod/CLK
                         FDCE                                         r  uart_tx_serializer_mod/ser_counter_reg[0]/C
  -------------------------------------------------------------------    -------------------
                         FDCE (Prop_fdce_C_Q)         0.141     0.845 r  uart_tx_serializer_mod/ser_counter_reg[0]/Q
                         net (fo=6, unplaced)         0.145     0.989    uart_tx_controller_mod/Q[0]
                                                                      r  uart_tx_controller_mod/ser_counter[1]_i_1/I4
                         LUT5 (Prop_lut5_I4_O)        0.098     1.087 r  uart_tx_controller_mod/ser_counter[1]_i_1/O
                         net (fo=1, unplaced)         0.000     1.087    uart_tx_serializer_mod/D[1]
                         FDCE                                         r  uart_tx_serializer_mod/ser_counter_reg[1]/D
  -------------------------------------------------------------------    -------------------

                         (clock sys_clk_pin rise edge)
                                                      0.000     0.000 r  
    W5                                                0.000     0.000 r  clk (IN)
                         net (fo=0)                   0.000     0.000    clk
    W5                                                                r  clk_IBUF_inst/I
    W5                   IBUF (Prop_ibuf_I_O)         0.414     0.414 r  clk_IBUF_inst/O
                         net (fo=1, unplaced)         0.355     0.769    clk_IBUF
                                                                      r  clk_IBUF_BUFG_inst/I
                         BUFG (Prop_bufg_I_O)         0.029     0.798 r  clk_IBUF_BUFG_inst/O
                         net (fo=11, unplaced)        0.259     1.057    uart_tx_serializer_mod/CLK
                         FDCE                                         r  uart_tx_serializer_mod/ser_counter_reg[1]/C
                         clock pessimism             -0.208     0.849    
                         FDCE (Hold_fdce_C_D)         0.091     0.940    uart_tx_serializer_mod/ser_counter_reg[1]
  -------------------------------------------------------------------
                         required time                         -0.940    
                         arrival time                           1.087    
  -------------------------------------------------------------------
                         slack                                  0.148    

Slack (MET) :             0.148ns  (arrival time - required time)
  Source:                 uart_tx_serializer_mod/ser_counter_reg[0]/C
                            (rising edge-triggered cell FDCE clocked by sys_clk_pin  {rise@0.000ns fall@5.000ns period=40.000ns})
  Destination:            uart_tx_serializer_mod/ser_counter_reg[2]/D
                            (rising edge-triggered cell FDCE clocked by sys_clk_pin  {rise@0.000ns fall@5.000ns period=40.000ns})
  Path Group:             sys_clk_pin
  Path Type:              Hold (Min at Fast Process Corner)
  Requirement:            0.000ns  (sys_clk_pin rise@0.000ns - sys_clk_pin rise@0.000ns)
  Data Path Delay:        0.384ns  (logic 0.239ns (62.308%)  route 0.145ns (37.692%))
  Logic Levels:           1  (LUT6=1)
  Clock Path Skew:        0.145ns (DCD - SCD - CPR)
    Destination Clock Delay (DCD):    1.057ns
    Source Clock Delay      (SCD):    0.704ns
    Clock Pessimism Removal (CPR):    0.208ns

    Location             Delay type                Incr(ns)  Path(ns)    Netlist Resource(s)
  -------------------------------------------------------------------    -------------------
                         (clock sys_clk_pin rise edge)
                                                      0.000     0.000 r  
    W5                                                0.000     0.000 r  clk (IN)
                         net (fo=0)                   0.000     0.000    clk
    W5                                                                r  clk_IBUF_inst/I
    W5                   IBUF (Prop_ibuf_I_O)         0.226     0.226 r  clk_IBUF_inst/O
                         net (fo=1, unplaced)         0.337     0.564    clk_IBUF
                                                                      r  clk_IBUF_BUFG_inst/I
                         BUFG (Prop_bufg_I_O)         0.026     0.590 r  clk_IBUF_BUFG_inst/O
                         net (fo=11, unplaced)        0.114     0.704    uart_tx_serializer_mod/CLK
                         FDCE                                         r  uart_tx_serializer_mod/ser_counter_reg[0]/C
  -------------------------------------------------------------------    -------------------
                         FDCE (Prop_fdce_C_Q)         0.141     0.845 r  uart_tx_serializer_mod/ser_counter_reg[0]/Q
                         net (fo=6, unplaced)         0.145     0.989    uart_tx_serializer_mod/Q[0]
                                                                      r  uart_tx_serializer_mod/ser_counter[2]_i_1/I5
                         LUT6 (Prop_lut6_I5_O)        0.098     1.087 r  uart_tx_serializer_mod/ser_counter[2]_i_1/O
                         net (fo=1, unplaced)         0.000     1.087    uart_tx_serializer_mod/ser_counter[2]_i_1_n_0
                         FDCE                                         r  uart_tx_serializer_mod/ser_counter_reg[2]/D
  -------------------------------------------------------------------    -------------------

                         (clock sys_clk_pin rise edge)
                                                      0.000     0.000 r  
    W5                                                0.000     0.000 r  clk (IN)
                         net (fo=0)                   0.000     0.000    clk
    W5                                                                r  clk_IBUF_inst/I
    W5                   IBUF (Prop_ibuf_I_O)         0.414     0.414 r  clk_IBUF_inst/O
                         net (fo=1, unplaced)         0.355     0.769    clk_IBUF
                                                                      r  clk_IBUF_BUFG_inst/I
                         BUFG (Prop_bufg_I_O)         0.029     0.798 r  clk_IBUF_BUFG_inst/O
                         net (fo=11, unplaced)        0.259     1.057    uart_tx_serializer_mod/CLK
                         FDCE                                         r  uart_tx_serializer_mod/ser_counter_reg[2]/C
                         clock pessimism             -0.208     0.849    
                         FDCE (Hold_fdce_C_D)         0.091     0.940    uart_tx_serializer_mod/ser_counter_reg[2]
  -------------------------------------------------------------------
                         required time                         -0.940    
                         arrival time                           1.087    
  -------------------------------------------------------------------
                         slack                                  0.148    

Slack (MET) :             0.149ns  (arrival time - required time)
  Source:                 uart_tx_controller_mod/FSM_onehot_state_reg[1]/C
                            (rising edge-triggered cell FDRE clocked by sys_clk_pin  {rise@0.000ns fall@5.000ns period=40.000ns})
  Destination:            uart_tx_controller_mod/FSM_onehot_state_reg[1]/D
                            (rising edge-triggered cell FDRE clocked by sys_clk_pin  {rise@0.000ns fall@5.000ns period=40.000ns})
  Path Group:             sys_clk_pin
  Path Type:              Hold (Min at Fast Process Corner)
  Requirement:            0.000ns  (sys_clk_pin rise@0.000ns - sys_clk_pin rise@0.000ns)
  Data Path Delay:        0.385ns  (logic 0.239ns (62.103%)  route 0.146ns (37.897%))
  Logic Levels:           1  (LUT3=1)
  Clock Path Skew:        0.145ns (DCD - SCD - CPR)
    Destination Clock Delay (DCD):    1.057ns
    Source Clock Delay      (SCD):    0.704ns
    Clock Pessimism Removal (CPR):    0.208ns

    Location             Delay type                Incr(ns)  Path(ns)    Netlist Resource(s)
  -------------------------------------------------------------------    -------------------
                         (clock sys_clk_pin rise edge)
                                                      0.000     0.000 r  
    W5                                                0.000     0.000 r  clk (IN)
                         net (fo=0)                   0.000     0.000    clk
    W5                                                                r  clk_IBUF_inst/I
    W5                   IBUF (Prop_ibuf_I_O)         0.226     0.226 r  clk_IBUF_inst/O
                         net (fo=1, unplaced)         0.337     0.564    clk_IBUF
                                                                      r  clk_IBUF_BUFG_inst/I
                         BUFG (Prop_bufg_I_O)         0.026     0.590 r  clk_IBUF_BUFG_inst/O
                         net (fo=11, unplaced)        0.114     0.704    uart_tx_controller_mod/CLK
                         FDRE                                         r  uart_tx_controller_mod/FSM_onehot_state_reg[1]/C
  -------------------------------------------------------------------    -------------------
                         FDRE (Prop_fdre_C_Q)         0.141     0.845 r  uart_tx_controller_mod/FSM_onehot_state_reg[1]/Q
                         net (fo=7, unplaced)         0.146     0.990    uart_tx_controller_mod/out[0]
                                                                      r  uart_tx_controller_mod/FSM_onehot_state[1]_i_1/I2
                         LUT3 (Prop_lut3_I2_O)        0.098     1.088 r  uart_tx_controller_mod/FSM_onehot_state[1]_i_1/O
                         net (fo=1, unplaced)         0.000     1.088    uart_tx_controller_mod/FSM_onehot_state[1]_i_1_n_0
                         FDRE                                         r  uart_tx_controller_mod/FSM_onehot_state_reg[1]/D
  -------------------------------------------------------------------    -------------------

                         (clock sys_clk_pin rise edge)
                                                      0.000     0.000 r  
    W5                                                0.000     0.000 r  clk (IN)
                         net (fo=0)                   0.000     0.000    clk
    W5                                                                r  clk_IBUF_inst/I
    W5                   IBUF (Prop_ibuf_I_O)         0.414     0.414 r  clk_IBUF_inst/O
                         net (fo=1, unplaced)         0.355     0.769    clk_IBUF
                                                                      r  clk_IBUF_BUFG_inst/I
                         BUFG (Prop_bufg_I_O)         0.029     0.798 r  clk_IBUF_BUFG_inst/O
                         net (fo=11, unplaced)        0.259     1.057    uart_tx_controller_mod/CLK
                         FDRE                                         r  uart_tx_controller_mod/FSM_onehot_state_reg[1]/C
                         clock pessimism             -0.208     0.849    
                         FDRE (Hold_fdre_C_D)         0.091     0.940    uart_tx_controller_mod/FSM_onehot_state_reg[1]
  -------------------------------------------------------------------
                         required time                         -0.940    
                         arrival time                           1.088    
  -------------------------------------------------------------------
                         slack                                  0.149    

Slack (MET) :             0.151ns  (arrival time - required time)
  Source:                 uart_tx_controller_mod/FSM_onehot_state_reg[2]/C
                            (rising edge-triggered cell FDRE clocked by sys_clk_pin  {rise@0.000ns fall@5.000ns period=40.000ns})
  Destination:            uart_tx_controller_mod/FSM_onehot_state_reg[2]/D
                            (rising edge-triggered cell FDRE clocked by sys_clk_pin  {rise@0.000ns fall@5.000ns period=40.000ns})
  Path Group:             sys_clk_pin
  Path Type:              Hold (Min at Fast Process Corner)
  Requirement:            0.000ns  (sys_clk_pin rise@0.000ns - sys_clk_pin rise@0.000ns)
  Data Path Delay:        0.387ns  (logic 0.239ns (61.697%)  route 0.148ns (38.303%))
  Logic Levels:           1  (LUT4=1)
  Clock Path Skew:        0.145ns (DCD - SCD - CPR)
    Destination Clock Delay (DCD):    1.057ns
    Source Clock Delay      (SCD):    0.704ns
    Clock Pessimism Removal (CPR):    0.208ns

    Location             Delay type                Incr(ns)  Path(ns)    Netlist Resource(s)
  -------------------------------------------------------------------    -------------------
                         (clock sys_clk_pin rise edge)
                                                      0.000     0.000 r  
    W5                                                0.000     0.000 r  clk (IN)
                         net (fo=0)                   0.000     0.000    clk
    W5                                                                r  clk_IBUF_inst/I
    W5                   IBUF (Prop_ibuf_I_O)         0.226     0.226 r  clk_IBUF_inst/O
                         net (fo=1, unplaced)         0.337     0.564    clk_IBUF
                                                                      r  clk_IBUF_BUFG_inst/I
                         BUFG (Prop_bufg_I_O)         0.026     0.590 r  clk_IBUF_BUFG_inst/O
                         net (fo=11, unplaced)        0.114     0.704    uart_tx_controller_mod/CLK
                         FDRE                                         r  uart_tx_controller_mod/FSM_onehot_state_reg[2]/C
  -------------------------------------------------------------------    -------------------
                         FDRE (Prop_fdre_C_Q)         0.141     0.845 r  uart_tx_controller_mod/FSM_onehot_state_reg[2]/Q
                         net (fo=9, unplaced)         0.148     0.993    uart_tx_controller_mod/out[1]
                                                                      r  uart_tx_controller_mod/FSM_onehot_state[2]_i_1/I3
                         LUT4 (Prop_lut4_I3_O)        0.098     1.091 r  uart_tx_controller_mod/FSM_onehot_state[2]_i_1/O
                         net (fo=1, unplaced)         0.000     1.091    uart_tx_controller_mod/FSM_onehot_state[2]_i_1_n_0
                         FDRE                                         r  uart_tx_controller_mod/FSM_onehot_state_reg[2]/D
  -------------------------------------------------------------------    -------------------

                         (clock sys_clk_pin rise edge)
                                                      0.000     0.000 r  
    W5                                                0.000     0.000 r  clk (IN)
                         net (fo=0)                   0.000     0.000    clk
    W5                                                                r  clk_IBUF_inst/I
    W5                   IBUF (Prop_ibuf_I_O)         0.414     0.414 r  clk_IBUF_inst/O
                         net (fo=1, unplaced)         0.355     0.769    clk_IBUF
                                                                      r  clk_IBUF_BUFG_inst/I
                         BUFG (Prop_bufg_I_O)         0.029     0.798 r  clk_IBUF_BUFG_inst/O
                         net (fo=11, unplaced)        0.259     1.057    uart_tx_controller_mod/CLK
                         FDRE                                         r  uart_tx_controller_mod/FSM_onehot_state_reg[2]/C
                         clock pessimism             -0.208     0.849    
                         FDRE (Hold_fdre_C_D)         0.091     0.940    uart_tx_controller_mod/FSM_onehot_state_reg[2]
  -------------------------------------------------------------------
                         required time                         -0.940    
                         arrival time                           1.091    
  -------------------------------------------------------------------
                         slack                                  0.151    

Slack (MET) :             0.301ns  (arrival time - required time)
  Source:                 uart_tx_controller_mod/FSM_onehot_state_reg[2]/C
                            (rising edge-triggered cell FDRE clocked by sys_clk_pin  {rise@0.000ns fall@5.000ns period=40.000ns})
  Destination:            uart_tx_serializer_mod/ser_data_reg/D
                            (rising edge-triggered cell FDCE clocked by sys_clk_pin  {rise@0.000ns fall@5.000ns period=40.000ns})
  Path Group:             sys_clk_pin
  Path Type:              Hold (Min at Fast Process Corner)
  Requirement:            0.000ns  (sys_clk_pin rise@0.000ns - sys_clk_pin rise@0.000ns)
  Data Path Delay:        0.537ns  (logic 0.239ns (44.505%)  route 0.298ns (55.495%))
  Logic Levels:           1  (LUT6=1)
  Clock Path Skew:        0.145ns (DCD - SCD - CPR)
    Destination Clock Delay (DCD):    1.057ns
    Source Clock Delay      (SCD):    0.704ns
    Clock Pessimism Removal (CPR):    0.208ns

    Location             Delay type                Incr(ns)  Path(ns)    Netlist Resource(s)
  -------------------------------------------------------------------    -------------------
                         (clock sys_clk_pin rise edge)
                                                      0.000     0.000 r  
    W5                                                0.000     0.000 r  clk (IN)
                         net (fo=0)                   0.000     0.000    clk
    W5                                                                r  clk_IBUF_inst/I
    W5                   IBUF (Prop_ibuf_I_O)         0.226     0.226 r  clk_IBUF_inst/O
                         net (fo=1, unplaced)         0.337     0.564    clk_IBUF
                                                                      r  clk_IBUF_BUFG_inst/I
                         BUFG (Prop_bufg_I_O)         0.026     0.590 r  clk_IBUF_BUFG_inst/O
                         net (fo=11, unplaced)        0.114     0.704    uart_tx_controller_mod/CLK
                         FDRE                                         r  uart_tx_controller_mod/FSM_onehot_state_reg[2]/C
  -------------------------------------------------------------------    -------------------
                         FDRE (Prop_fdre_C_Q)         0.141     0.845 f  uart_tx_controller_mod/FSM_onehot_state_reg[2]/Q
                         net (fo=9, unplaced)         0.298     1.143    uart_tx_serializer_mod/out[1]
                                                                      f  uart_tx_serializer_mod/ser_data_i_1/I4
                         LUT6 (Prop_lut6_I4_O)        0.098     1.241 r  uart_tx_serializer_mod/ser_data_i_1/O
                         net (fo=1, unplaced)         0.000     1.241    uart_tx_serializer_mod/ser_data_i_1_n_0
                         FDCE                                         r  uart_tx_serializer_mod/ser_data_reg/D
  -------------------------------------------------------------------    -------------------

                         (clock sys_clk_pin rise edge)
                                                      0.000     0.000 r  
    W5                                                0.000     0.000 r  clk (IN)
                         net (fo=0)                   0.000     0.000    clk
    W5                                                                r  clk_IBUF_inst/I
    W5                   IBUF (Prop_ibuf_I_O)         0.414     0.414 r  clk_IBUF_inst/O
                         net (fo=1, unplaced)         0.355     0.769    clk_IBUF
                                                                      r  clk_IBUF_BUFG_inst/I
                         BUFG (Prop_bufg_I_O)         0.029     0.798 r  clk_IBUF_BUFG_inst/O
                         net (fo=11, unplaced)        0.259     1.057    uart_tx_serializer_mod/CLK
                         FDCE                                         r  uart_tx_serializer_mod/ser_data_reg/C
                         clock pessimism             -0.208     0.849    
                         FDCE (Hold_fdce_C_D)         0.091     0.940    uart_tx_serializer_mod/ser_data_reg
  -------------------------------------------------------------------
                         required time                         -0.940    
                         arrival time                           1.241    
  -------------------------------------------------------------------
                         slack                                  0.301    





Pulse Width Checks
--------------------------------------------------------------------------------------
Clock Name:         sys_clk_pin
Waveform(ns):       { 0.000 5.000 }
Period(ns):         40.000
Sources:            { clk }

Check Type        Corner  Lib Pin  Reference Pin  Required(ns)  Actual(ns)  Slack(ns)  Location  Pin
Min Period        n/a     BUFG/I   n/a            2.155         40.000      37.845               clk_IBUF_BUFG_inst/I
Min Period        n/a     FDSE/C   n/a            1.000         40.000      39.000               uart_tx_controller_mod/FSM_onehot_state_reg[0]/C
Min Period        n/a     FDRE/C   n/a            1.000         40.000      39.000               uart_tx_controller_mod/FSM_onehot_state_reg[1]/C
Min Period        n/a     FDRE/C   n/a            1.000         40.000      39.000               uart_tx_controller_mod/FSM_onehot_state_reg[2]/C
Min Period        n/a     FDRE/C   n/a            1.000         40.000      39.000               uart_tx_controller_mod/FSM_onehot_state_reg[3]/C
Min Period        n/a     FDRE/C   n/a            1.000         40.000      39.000               uart_tx_controller_mod/FSM_onehot_state_reg[4]/C
Min Period        n/a     FDRE/C   n/a            1.000         40.000      39.000               uart_tx_parity_bit_mod/par_bit_reg/C
Min Period        n/a     FDCE/C   n/a            1.000         40.000      39.000               uart_tx_serializer_mod/ser_counter_reg[0]/C
Min Period        n/a     FDCE/C   n/a            1.000         40.000      39.000               uart_tx_serializer_mod/ser_counter_reg[1]/C
Min Period        n/a     FDCE/C   n/a            1.000         40.000      39.000               uart_tx_serializer_mod/ser_counter_reg[2]/C
Low Pulse Width   Slow    FDSE/C   n/a            0.500         35.000      34.500               uart_tx_controller_mod/FSM_onehot_state_reg[0]/C
Low Pulse Width   Fast    FDSE/C   n/a            0.500         35.000      34.500               uart_tx_controller_mod/FSM_onehot_state_reg[0]/C
Low Pulse Width   Slow    FDRE/C   n/a            0.500         35.000      34.500               uart_tx_controller_mod/FSM_onehot_state_reg[1]/C
Low Pulse Width   Fast    FDRE/C   n/a            0.500         35.000      34.500               uart_tx_controller_mod/FSM_onehot_state_reg[1]/C
Low Pulse Width   Slow    FDRE/C   n/a            0.500         35.000      34.500               uart_tx_controller_mod/FSM_onehot_state_reg[2]/C
Low Pulse Width   Fast    FDRE/C   n/a            0.500         35.000      34.500               uart_tx_controller_mod/FSM_onehot_state_reg[2]/C
Low Pulse Width   Slow    FDRE/C   n/a            0.500         35.000      34.500               uart_tx_controller_mod/FSM_onehot_state_reg[3]/C
Low Pulse Width   Fast    FDRE/C   n/a            0.500         35.000      34.500               uart_tx_controller_mod/FSM_onehot_state_reg[3]/C
Low Pulse Width   Slow    FDRE/C   n/a            0.500         35.000      34.500               uart_tx_controller_mod/FSM_onehot_state_reg[4]/C
Low Pulse Width   Fast    FDRE/C   n/a            0.500         35.000      34.500               uart_tx_controller_mod/FSM_onehot_state_reg[4]/C
High Pulse Width  Slow    FDSE/C   n/a            0.500         5.000       4.500                uart_tx_controller_mod/FSM_onehot_state_reg[0]/C
High Pulse Width  Fast    FDSE/C   n/a            0.500         5.000       4.500                uart_tx_controller_mod/FSM_onehot_state_reg[0]/C
High Pulse Width  Slow    FDRE/C   n/a            0.500         5.000       4.500                uart_tx_controller_mod/FSM_onehot_state_reg[1]/C
High Pulse Width  Fast    FDRE/C   n/a            0.500         5.000       4.500                uart_tx_controller_mod/FSM_onehot_state_reg[1]/C
High Pulse Width  Slow    FDRE/C   n/a            0.500         5.000       4.500                uart_tx_controller_mod/FSM_onehot_state_reg[2]/C
High Pulse Width  Fast    FDRE/C   n/a            0.500         5.000       4.500                uart_tx_controller_mod/FSM_onehot_state_reg[2]/C
High Pulse Width  Slow    FDRE/C   n/a            0.500         5.000       4.500                uart_tx_controller_mod/FSM_onehot_state_reg[3]/C
High Pulse Width  Fast    FDRE/C   n/a            0.500         5.000       4.500                uart_tx_controller_mod/FSM_onehot_state_reg[3]/C
High Pulse Width  Slow    FDRE/C   n/a            0.500         5.000       4.500                uart_tx_controller_mod/FSM_onehot_state_reg[4]/C
High Pulse Width  Fast    FDRE/C   n/a            0.500         5.000       4.500                uart_tx_controller_mod/FSM_onehot_state_reg[4]/C



--------------------------------------------------------------------------------------
Path Group:  (none)
From Clock:  
  To Clock:  

Max Delay             2 Endpoints
Min Delay             2 Endpoints
--------------------------------------------------------------------------------------


Max Delay Paths
--------------------------------------------------------------------------------------
Slack:                    inf
  Source:                 rst_n
                            (input port)
  Destination:            tx_out
                            (output port)
  Path Group:             (none)
  Path Type:              Max at Slow Process Corner
  Data Path Delay:        6.724ns  (logic 4.675ns (69.535%)  route 2.048ns (30.465%))
  Logic Levels:           4  (IBUF=1 LUT4=1 LUT6=1 OBUF=1)

    Location             Delay type                Incr(ns)  Path(ns)    Netlist Resource(s)
  -------------------------------------------------------------------    -------------------
                                                      0.000     0.000 f  rst_n (IN)
                         net (fo=0)                   0.000     0.000    rst_n
                                                                      f  rst_n_IBUF_inst/I
                         IBUF (Prop_ibuf_I_O)         0.923     0.923 f  rst_n_IBUF_inst/O
                         net (fo=9, unplaced)         0.800     1.722    uart_tx_controller_mod/rst_n_IBUF
                                                                      f  uart_tx_controller_mod/tx_out_OBUF_inst_i_2/I3
                         LUT4 (Prop_lut4_I3_O)        0.124     1.846 r  uart_tx_controller_mod/tx_out_OBUF_inst_i_2/O
                         net (fo=1, unplaced)         0.449     2.295    uart_tx_controller_mod/tx_out_OBUF_inst_i_2_n_0
                                                                      r  uart_tx_controller_mod/tx_out_OBUF_inst_i_1/I4
                         LUT6 (Prop_lut6_I4_O)        0.124     2.419 r  uart_tx_controller_mod/tx_out_OBUF_inst_i_1/O
                         net (fo=1, unplaced)         0.800     3.219    tx_out_OBUF
    U16                                                               r  tx_out_OBUF_inst/I
    U16                  OBUF (Prop_obuf_I_O)         3.505     6.724 r  tx_out_OBUF_inst/O
                         net (fo=0)                   0.000     6.724    tx_out
    U16                                                               r  tx_out (OUT)
  -------------------------------------------------------------------    -------------------

Slack:                    inf
  Source:                 rst_n
                            (input port)
  Destination:            busy
                            (output port)
  Path Group:             (none)
  Path Type:              Max at Slow Process Corner
  Data Path Delay:        6.176ns  (logic 4.576ns (74.101%)  route 1.599ns (25.899%))
  Logic Levels:           3  (IBUF=1 LUT5=1 OBUF=1)

    Location             Delay type                Incr(ns)  Path(ns)    Netlist Resource(s)
  -------------------------------------------------------------------    -------------------
                                                      0.000     0.000 r  rst_n (IN)
                         net (fo=0)                   0.000     0.000    rst_n
                                                                      r  rst_n_IBUF_inst/I
                         IBUF (Prop_ibuf_I_O)         0.923     0.923 r  rst_n_IBUF_inst/O
                         net (fo=9, unplaced)         0.800     1.722    uart_tx_controller_mod/rst_n_IBUF
                                                                      r  uart_tx_controller_mod/busy_OBUF_inst_i_1/I0
                         LUT5 (Prop_lut5_I0_O)        0.124     1.846 r  uart_tx_controller_mod/busy_OBUF_inst_i_1/O
                         net (fo=1, unplaced)         0.800     2.646    busy_OBUF
    E19                                                               r  busy_OBUF_inst/I
    E19                  OBUF (Prop_obuf_I_O)         3.530     6.176 r  busy_OBUF_inst/O
                         net (fo=0)                   0.000     6.176    busy
    E19                                                               r  busy (OUT)
  -------------------------------------------------------------------    -------------------





Min Delay Paths
--------------------------------------------------------------------------------------
Slack:                    inf
  Source:                 rst_n
                            (input port)
  Destination:            tx_out
                            (output port)
  Path Group:             (none)
  Path Type:              Min at Fast Process Corner
  Data Path Delay:        2.077ns  (logic 1.403ns (67.540%)  route 0.674ns (32.460%))
  Logic Levels:           3  (IBUF=1 LUT6=1 OBUF=1)

    Location             Delay type                Incr(ns)  Path(ns)    Netlist Resource(s)
  -------------------------------------------------------------------    -------------------
                                                      0.000     0.000 r  rst_n (IN)
                         net (fo=0)                   0.000     0.000    rst_n
                                                                      r  rst_n_IBUF_inst/I
                         IBUF (Prop_ibuf_I_O)         0.152     0.152 r  rst_n_IBUF_inst/O
                         net (fo=9, unplaced)         0.337     0.489    uart_tx_controller_mod/rst_n_IBUF
                                                                      r  uart_tx_controller_mod/tx_out_OBUF_inst_i_1/I1
                         LUT6 (Prop_lut6_I1_O)        0.045     0.534 r  uart_tx_controller_mod/tx_out_OBUF_inst_i_1/O
                         net (fo=1, unplaced)         0.337     0.871    tx_out_OBUF
    U16                                                               r  tx_out_OBUF_inst/I
    U16                  OBUF (Prop_obuf_I_O)         1.206     2.077 r  tx_out_OBUF_inst/O
                         net (fo=0)                   0.000     2.077    tx_out
    U16                                                               r  tx_out (OUT)
  -------------------------------------------------------------------    -------------------

Slack:                    inf
  Source:                 rst_n
                            (input port)
  Destination:            busy
                            (output port)
  Path Group:             (none)
  Path Type:              Min at Fast Process Corner
  Data Path Delay:        2.102ns  (logic 1.427ns (67.921%)  route 0.674ns (32.079%))
  Logic Levels:           3  (IBUF=1 LUT5=1 OBUF=1)

    Location             Delay type                Incr(ns)  Path(ns)    Netlist Resource(s)
  -------------------------------------------------------------------    -------------------
                                                      0.000     0.000 r  rst_n (IN)
                         net (fo=0)                   0.000     0.000    rst_n
                                                                      r  rst_n_IBUF_inst/I
                         IBUF (Prop_ibuf_I_O)         0.152     0.152 r  rst_n_IBUF_inst/O
                         net (fo=9, unplaced)         0.337     0.489    uart_tx_controller_mod/rst_n_IBUF
                                                                      r  uart_tx_controller_mod/busy_OBUF_inst_i_1/I0
                         LUT5 (Prop_lut5_I0_O)        0.045     0.534 r  uart_tx_controller_mod/busy_OBUF_inst_i_1/O
                         net (fo=1, unplaced)         0.337     0.871    busy_OBUF
    E19                                                               r  busy_OBUF_inst/I
    E19                  OBUF (Prop_obuf_I_O)         1.231     2.102 r  busy_OBUF_inst/O
                         net (fo=0)                   0.000     2.102    busy
    E19                                                               r  busy (OUT)
  -------------------------------------------------------------------    -------------------





--------------------------------------------------------------------------------------
Path Group:  (none)
From Clock:  sys_clk_pin
  To Clock:  

Max Delay             2 Endpoints
Min Delay             2 Endpoints
--------------------------------------------------------------------------------------


Max Delay Paths
--------------------------------------------------------------------------------------
Slack:                    inf
  Source:                 uart_tx_controller_mod/FSM_onehot_state_reg[0]/C
                            (rising edge-triggered cell FDSE clocked by sys_clk_pin  {rise@0.000ns fall@5.000ns period=40.000ns})
  Destination:            tx_out
                            (output port)
  Path Group:             (none)
  Path Type:              Max at Slow Process Corner
  Data Path Delay:        6.387ns  (logic 4.380ns (68.568%)  route 2.008ns (31.432%))
  Logic Levels:           3  (LUT4=1 LUT6=1 OBUF=1)
  Clock Uncertainty:      0.025ns  ((TSJ^2 + TIJ^2)^1/2 + DJ) / 2 + PE
    Total System Jitter     (TSJ):    0.050ns
    Total Input Jitter      (TIJ):    0.000ns
    Discrete Jitter          (DJ):    0.000ns
    Phase Error              (PE):    0.000ns

    Location             Delay type                Incr(ns)  Path(ns)    Netlist Resource(s)
  -------------------------------------------------------------------    -------------------
                         (clock sys_clk_pin rise edge)
                                                      0.000     0.000 r  
    W5                                                0.000     0.000 r  clk (IN)
                         net (fo=0)                   0.000     0.000    clk
    W5                                                                r  clk_IBUF_inst/I
    W5                   IBUF (Prop_ibuf_I_O)         1.458     1.458 r  clk_IBUF_inst/O
                         net (fo=1, unplaced)         0.800     2.258    clk_IBUF
                                                                      r  clk_IBUF_BUFG_inst/I
                         BUFG (Prop_bufg_I_O)         0.096     2.354 r  clk_IBUF_BUFG_inst/O
                         net (fo=11, unplaced)        0.584     2.938    uart_tx_controller_mod/CLK
                         FDSE                                         r  uart_tx_controller_mod/FSM_onehot_state_reg[0]/C
  -------------------------------------------------------------------    -------------------
                         FDSE (Prop_fdse_C_Q)         0.456     3.394 r  uart_tx_controller_mod/FSM_onehot_state_reg[0]/Q
                         net (fo=3, unplaced)         0.759     4.153    uart_tx_controller_mod/FSM_onehot_state_reg_n_0_[0]
                                                                      r  uart_tx_controller_mod/tx_out_OBUF_inst_i_2/I1
                         LUT4 (Prop_lut4_I1_O)        0.295     4.448 r  uart_tx_controller_mod/tx_out_OBUF_inst_i_2/O
                         net (fo=1, unplaced)         0.449     4.897    uart_tx_controller_mod/tx_out_OBUF_inst_i_2_n_0
                                                                      r  uart_tx_controller_mod/tx_out_OBUF_inst_i_1/I4
                         LUT6 (Prop_lut6_I4_O)        0.124     5.021 r  uart_tx_controller_mod/tx_out_OBUF_inst_i_1/O
                         net (fo=1, unplaced)         0.800     5.821    tx_out_OBUF
    U16                                                               r  tx_out_OBUF_inst/I
    U16                  OBUF (Prop_obuf_I_O)         3.505     9.326 r  tx_out_OBUF_inst/O
                         net (fo=0)                   0.000     9.326    tx_out
    U16                                                               r  tx_out (OUT)
  -------------------------------------------------------------------    -------------------

Slack:                    inf
  Source:                 uart_tx_controller_mod/FSM_onehot_state_reg[1]/C
                            (rising edge-triggered cell FDRE clocked by sys_clk_pin  {rise@0.000ns fall@5.000ns period=40.000ns})
  Destination:            busy
                            (output port)
  Path Group:             (none)
  Path Type:              Max at Slow Process Corner
  Data Path Delay:        5.856ns  (logic 4.281ns (73.094%)  route 1.576ns (26.906%))
  Logic Levels:           2  (LUT5=1 OBUF=1)
  Clock Uncertainty:      0.025ns  ((TSJ^2 + TIJ^2)^1/2 + DJ) / 2 + PE
    Total System Jitter     (TSJ):    0.050ns
    Total Input Jitter      (TIJ):    0.000ns
    Discrete Jitter          (DJ):    0.000ns
    Phase Error              (PE):    0.000ns

    Location             Delay type                Incr(ns)  Path(ns)    Netlist Resource(s)
  -------------------------------------------------------------------    -------------------
                         (clock sys_clk_pin rise edge)
                                                      0.000     0.000 r  
    W5                                                0.000     0.000 r  clk (IN)
                         net (fo=0)                   0.000     0.000    clk
    W5                                                                r  clk_IBUF_inst/I
    W5                   IBUF (Prop_ibuf_I_O)         1.458     1.458 r  clk_IBUF_inst/O
                         net (fo=1, unplaced)         0.800     2.258    clk_IBUF
                                                                      r  clk_IBUF_BUFG_inst/I
                         BUFG (Prop_bufg_I_O)         0.096     2.354 r  clk_IBUF_BUFG_inst/O
                         net (fo=11, unplaced)        0.584     2.938    uart_tx_controller_mod/CLK
                         FDRE                                         r  uart_tx_controller_mod/FSM_onehot_state_reg[1]/C
  -------------------------------------------------------------------    -------------------
                         FDRE (Prop_fdre_C_Q)         0.456     3.394 r  uart_tx_controller_mod/FSM_onehot_state_reg[1]/Q
                         net (fo=7, unplaced)         0.776     4.170    uart_tx_controller_mod/out[0]
                                                                      r  uart_tx_controller_mod/busy_OBUF_inst_i_1/I2
                         LUT5 (Prop_lut5_I2_O)        0.295     4.465 r  uart_tx_controller_mod/busy_OBUF_inst_i_1/O
                         net (fo=1, unplaced)         0.800     5.265    busy_OBUF
    E19                                                               r  busy_OBUF_inst/I
    E19                  OBUF (Prop_obuf_I_O)         3.530     8.795 r  busy_OBUF_inst/O
                         net (fo=0)                   0.000     8.795    busy
    E19                                                               r  busy (OUT)
  -------------------------------------------------------------------    -------------------





Min Delay Paths
--------------------------------------------------------------------------------------
Slack:                    inf
  Source:                 uart_tx_controller_mod/FSM_onehot_state_reg[4]/C
                            (rising edge-triggered cell FDRE clocked by sys_clk_pin  {rise@0.000ns fall@5.000ns period=40.000ns})
  Destination:            busy
                            (output port)
  Path Group:             (none)
  Path Type:              Min at Fast Process Corner
  Data Path Delay:        1.948ns  (logic 1.470ns (75.445%)  route 0.478ns (24.555%))
  Logic Levels:           2  (LUT5=1 OBUF=1)
  Clock Uncertainty:      0.025ns  ((TSJ^2 + TIJ^2)^1/2 + DJ) / 2 + PE
    Total System Jitter     (TSJ):    0.050ns
    Total Input Jitter      (TIJ):    0.000ns
    Discrete Jitter          (DJ):    0.000ns
    Phase Error              (PE):    0.000ns

    Location             Delay type                Incr(ns)  Path(ns)    Netlist Resource(s)
  -------------------------------------------------------------------    -------------------
                         (clock sys_clk_pin rise edge)
                                                      0.000     0.000 r  
    W5                                                0.000     0.000 r  clk (IN)
                         net (fo=0)                   0.000     0.000    clk
    W5                                                                r  clk_IBUF_inst/I
    W5                   IBUF (Prop_ibuf_I_O)         0.226     0.226 r  clk_IBUF_inst/O
                         net (fo=1, unplaced)         0.337     0.564    clk_IBUF
                                                                      r  clk_IBUF_BUFG_inst/I
                         BUFG (Prop_bufg_I_O)         0.026     0.590 r  clk_IBUF_BUFG_inst/O
                         net (fo=11, unplaced)        0.114     0.704    uart_tx_controller_mod/CLK
                         FDRE                                         r  uart_tx_controller_mod/FSM_onehot_state_reg[4]/C
  -------------------------------------------------------------------    -------------------
                         FDRE (Prop_fdre_C_Q)         0.141     0.845 r  uart_tx_controller_mod/FSM_onehot_state_reg[4]/Q
                         net (fo=4, unplaced)         0.141     0.986    uart_tx_controller_mod/FSM_onehot_state_reg_n_0_[4]
                                                                      r  uart_tx_controller_mod/busy_OBUF_inst_i_1/I4
                         LUT5 (Prop_lut5_I4_O)        0.098     1.084 r  uart_tx_controller_mod/busy_OBUF_inst_i_1/O
                         net (fo=1, unplaced)         0.337     1.421    busy_OBUF
    E19                                                               r  busy_OBUF_inst/I
    E19                  OBUF (Prop_obuf_I_O)         1.231     2.651 r  busy_OBUF_inst/O
                         net (fo=0)                   0.000     2.651    busy
    E19                                                               r  busy (OUT)
  -------------------------------------------------------------------    -------------------

Slack:                    inf
  Source:                 uart_tx_serializer_mod/ser_data_reg/C
                            (rising edge-triggered cell FDCE clocked by sys_clk_pin  {rise@0.000ns fall@5.000ns period=40.000ns})
  Destination:            tx_out
                            (output port)
  Path Group:             (none)
  Path Type:              Min at Fast Process Corner
  Data Path Delay:        1.980ns  (logic 1.445ns (72.971%)  route 0.535ns (27.029%))
  Logic Levels:           2  (LUT6=1 OBUF=1)
  Clock Uncertainty:      0.025ns  ((TSJ^2 + TIJ^2)^1/2 + DJ) / 2 + PE
    Total System Jitter     (TSJ):    0.050ns
    Total Input Jitter      (TIJ):    0.000ns
    Discrete Jitter          (DJ):    0.000ns
    Phase Error              (PE):    0.000ns

    Location             Delay type                Incr(ns)  Path(ns)    Netlist Resource(s)
  -------------------------------------------------------------------    -------------------
                         (clock sys_clk_pin rise edge)
                                                      0.000     0.000 r  
    W5                                                0.000     0.000 r  clk (IN)
                         net (fo=0)                   0.000     0.000    clk
    W5                                                                r  clk_IBUF_inst/I
    W5                   IBUF (Prop_ibuf_I_O)         0.226     0.226 r  clk_IBUF_inst/O
                         net (fo=1, unplaced)         0.337     0.564    clk_IBUF
                                                                      r  clk_IBUF_BUFG_inst/I
                         BUFG (Prop_bufg_I_O)         0.026     0.590 r  clk_IBUF_BUFG_inst/O
                         net (fo=11, unplaced)        0.114     0.704    uart_tx_serializer_mod/CLK
                         FDCE                                         r  uart_tx_serializer_mod/ser_data_reg/C
  -------------------------------------------------------------------    -------------------
                         FDCE (Prop_fdce_C_Q)         0.141     0.845 r  uart_tx_serializer_mod/ser_data_reg/Q
                         net (fo=1, unplaced)         0.198     1.043    uart_tx_controller_mod/ser_data
                                                                      r  uart_tx_controller_mod/tx_out_OBUF_inst_i_1/I5
                         LUT6 (Prop_lut6_I5_O)        0.098     1.141 r  uart_tx_controller_mod/tx_out_OBUF_inst_i_1/O
                         net (fo=1, unplaced)         0.337     1.478    tx_out_OBUF
    U16                                                               r  tx_out_OBUF_inst/I
    U16                  OBUF (Prop_obuf_I_O)         1.206     2.684 r  tx_out_OBUF_inst/O
                         net (fo=0)                   0.000     2.684    tx_out
    U16                                                               r  tx_out (OUT)
  -------------------------------------------------------------------    -------------------





--------------------------------------------------------------------------------------
Path Group:  (none)
From Clock:  
  To Clock:  sys_clk_pin

Max Delay            20 Endpoints
Min Delay            20 Endpoints
--------------------------------------------------------------------------------------


Max Delay Paths
--------------------------------------------------------------------------------------
Slack:                    inf
  Source:                 p_data[5]
                            (input port)
  Destination:            uart_tx_parity_bit_mod/par_bit_reg/D
                            (rising edge-triggered cell FDRE clocked by sys_clk_pin  {rise@0.000ns fall@5.000ns period=40.000ns})
  Path Group:             (none)
  Path Type:              Setup (Max at Slow Process Corner)
  Data Path Delay:        2.963ns  (logic 1.714ns (57.853%)  route 1.249ns (42.147%))
  Logic Levels:           3  (IBUF=1 LUT4=2)
  Clock Path Skew:        2.678ns (DCD - SCD + CPR)
    Destination Clock Delay (DCD):    2.678ns
    Source Clock Delay      (SCD):    0.000ns
    Clock Pessimism Removal (CPR):    0.000ns

    Location             Delay type                Incr(ns)  Path(ns)    Netlist Resource(s)
  -------------------------------------------------------------------    -------------------
    V15                                               0.000     0.000 r  p_data[5] (IN)
                         net (fo=0)                   0.000     0.000    p_data[5]
    V15                                                               r  p_data_IBUF[5]_inst/I
    V15                  IBUF (Prop_ibuf_I_O)         1.466     1.466 r  p_data_IBUF[5]_inst/O
                         net (fo=2, unplaced)         0.800     2.266    uart_tx_parity_bit_mod/p_data_IBUF[5]
                                                                      r  uart_tx_parity_bit_mod/par_bit_i_3/I3
                         LUT4 (Prop_lut4_I3_O)        0.124     2.390 r  uart_tx_parity_bit_mod/par_bit_i_3/O
                         net (fo=1, unplaced)         0.449     2.839    uart_tx_parity_bit_mod/par_bit_i_3_n_0
                                                                      r  uart_tx_parity_bit_mod/par_bit_i_1/I3
                         LUT4 (Prop_lut4_I3_O)        0.124     2.963 r  uart_tx_parity_bit_mod/par_bit_i_1/O
                         net (fo=1, unplaced)         0.000     2.963    uart_tx_parity_bit_mod/par_bit_i_1_n_0
                         FDRE                                         r  uart_tx_parity_bit_mod/par_bit_reg/D
  -------------------------------------------------------------------    -------------------

                         (clock sys_clk_pin rise edge)
                                                      0.000     0.000 r  
    W5                                                0.000     0.000 r  clk (IN)
                         net (fo=0)                   0.000     0.000    clk
    W5                                                                r  clk_IBUF_inst/I
    W5                   IBUF (Prop_ibuf_I_O)         1.388     1.388 r  clk_IBUF_inst/O
                         net (fo=1, unplaced)         0.760     2.148    clk_IBUF
                                                                      r  clk_IBUF_BUFG_inst/I
                         BUFG (Prop_bufg_I_O)         0.091     2.239 r  clk_IBUF_BUFG_inst/O
                         net (fo=11, unplaced)        0.439     2.678    uart_tx_parity_bit_mod/CLK
                         FDRE                                         r  uart_tx_parity_bit_mod/par_bit_reg/C

Slack:                    inf
  Source:                 p_data[5]
                            (input port)
  Destination:            uart_tx_serializer_mod/ser_data_reg/D
                            (rising edge-triggered cell FDCE clocked by sys_clk_pin  {rise@0.000ns fall@5.000ns period=40.000ns})
  Path Group:             (none)
  Path Type:              Setup (Max at Slow Process Corner)
  Data Path Delay:        2.963ns  (logic 1.714ns (57.853%)  route 1.249ns (42.147%))
  Logic Levels:           3  (IBUF=1 LUT6=2)
  Clock Path Skew:        2.678ns (DCD - SCD + CPR)
    Destination Clock Delay (DCD):    2.678ns
    Source Clock Delay      (SCD):    0.000ns
    Clock Pessimism Removal (CPR):    0.000ns

    Location             Delay type                Incr(ns)  Path(ns)    Netlist Resource(s)
  -------------------------------------------------------------------    -------------------
    V15                                               0.000     0.000 r  p_data[5] (IN)
                         net (fo=0)                   0.000     0.000    p_data[5]
    V15                                                               r  p_data_IBUF[5]_inst/I
    V15                  IBUF (Prop_ibuf_I_O)         1.466     1.466 r  p_data_IBUF[5]_inst/O
                         net (fo=2, unplaced)         0.800     2.266    uart_tx_serializer_mod/p_data_IBUF[5]
                                                                      r  uart_tx_serializer_mod/ser_data_i_3/I3
                         LUT6 (Prop_lut6_I3_O)        0.124     2.390 r  uart_tx_serializer_mod/ser_data_i_3/O
                         net (fo=1, unplaced)         0.449     2.839    uart_tx_serializer_mod/ser_data_i_3_n_0
                                                                      r  uart_tx_serializer_mod/ser_data_i_1/I2
                         LUT6 (Prop_lut6_I2_O)        0.124     2.963 r  uart_tx_serializer_mod/ser_data_i_1/O
                         net (fo=1, unplaced)         0.000     2.963    uart_tx_serializer_mod/ser_data_i_1_n_0
                         FDCE                                         r  uart_tx_serializer_mod/ser_data_reg/D
  -------------------------------------------------------------------    -------------------

                         (clock sys_clk_pin rise edge)
                                                      0.000     0.000 r  
    W5                                                0.000     0.000 r  clk (IN)
                         net (fo=0)                   0.000     0.000    clk
    W5                                                                r  clk_IBUF_inst/I
    W5                   IBUF (Prop_ibuf_I_O)         1.388     1.388 r  clk_IBUF_inst/O
                         net (fo=1, unplaced)         0.760     2.148    clk_IBUF
                                                                      r  clk_IBUF_BUFG_inst/I
                         BUFG (Prop_bufg_I_O)         0.091     2.239 r  clk_IBUF_BUFG_inst/O
                         net (fo=11, unplaced)        0.439     2.678    uart_tx_serializer_mod/CLK
                         FDCE                                         r  uart_tx_serializer_mod/ser_data_reg/C

Slack:                    inf
  Source:                 rst_n
                            (input port)
  Destination:            uart_tx_controller_mod/FSM_onehot_state_reg[0]/S
                            (rising edge-triggered cell FDSE clocked by sys_clk_pin  {rise@0.000ns fall@5.000ns period=40.000ns})
  Path Group:             (none)
  Path Type:              Setup (Max at Slow Process Corner)
  Data Path Delay:        2.665ns  (logic 1.047ns (39.268%)  route 1.619ns (60.732%))
  Logic Levels:           2  (IBUF=1 LUT1=1)
  Clock Path Skew:        2.678ns (DCD - SCD + CPR)
    Destination Clock Delay (DCD):    2.678ns
    Source Clock Delay      (SCD):    0.000ns
    Clock Pessimism Removal (CPR):    0.000ns

    Location             Delay type                Incr(ns)  Path(ns)    Netlist Resource(s)
  -------------------------------------------------------------------    -------------------
                                                      0.000     0.000 f  rst_n (IN)
                         net (fo=0)                   0.000     0.000    rst_n
                                                                      f  rst_n_IBUF_inst/I
                         IBUF (Prop_ibuf_I_O)         0.923     0.923 f  rst_n_IBUF_inst/O
                         net (fo=9, unplaced)         0.800     1.722    uart_tx_controller_mod/rst_n_IBUF
                                                                      f  uart_tx_controller_mod/FSM_onehot_state[4]_i_1/I0
                         LUT1 (Prop_lut1_I0_O)        0.124     1.846 r  uart_tx_controller_mod/FSM_onehot_state[4]_i_1/O
                         net (fo=10, unplaced)        0.819     2.665    uart_tx_controller_mod/SS[0]
                         FDSE                                         r  uart_tx_controller_mod/FSM_onehot_state_reg[0]/S
  -------------------------------------------------------------------    -------------------

                         (clock sys_clk_pin rise edge)
                                                      0.000     0.000 r  
    W5                                                0.000     0.000 r  clk (IN)
                         net (fo=0)                   0.000     0.000    clk
    W5                                                                r  clk_IBUF_inst/I
    W5                   IBUF (Prop_ibuf_I_O)         1.388     1.388 r  clk_IBUF_inst/O
                         net (fo=1, unplaced)         0.760     2.148    clk_IBUF
                                                                      r  clk_IBUF_BUFG_inst/I
                         BUFG (Prop_bufg_I_O)         0.091     2.239 r  clk_IBUF_BUFG_inst/O
                         net (fo=11, unplaced)        0.439     2.678    uart_tx_controller_mod/CLK
                         FDSE                                         r  uart_tx_controller_mod/FSM_onehot_state_reg[0]/C

Slack:                    inf
  Source:                 rst_n
                            (input port)
  Destination:            uart_tx_controller_mod/FSM_onehot_state_reg[1]/R
                            (rising edge-triggered cell FDRE clocked by sys_clk_pin  {rise@0.000ns fall@5.000ns period=40.000ns})
  Path Group:             (none)
  Path Type:              Setup (Max at Slow Process Corner)
  Data Path Delay:        2.665ns  (logic 1.047ns (39.268%)  route 1.619ns (60.732%))
  Logic Levels:           2  (IBUF=1 LUT1=1)
  Clock Path Skew:        2.678ns (DCD - SCD + CPR)
    Destination Clock Delay (DCD):    2.678ns
    Source Clock Delay      (SCD):    0.000ns
    Clock Pessimism Removal (CPR):    0.000ns

    Location             Delay type                Incr(ns)  Path(ns)    Netlist Resource(s)
  -------------------------------------------------------------------    -------------------
                                                      0.000     0.000 f  rst_n (IN)
                         net (fo=0)                   0.000     0.000    rst_n
                                                                      f  rst_n_IBUF_inst/I
                         IBUF (Prop_ibuf_I_O)         0.923     0.923 f  rst_n_IBUF_inst/O
                         net (fo=9, unplaced)         0.800     1.722    uart_tx_controller_mod/rst_n_IBUF
                                                                      f  uart_tx_controller_mod/FSM_onehot_state[4]_i_1/I0
                         LUT1 (Prop_lut1_I0_O)        0.124     1.846 r  uart_tx_controller_mod/FSM_onehot_state[4]_i_1/O
                         net (fo=10, unplaced)        0.819     2.665    uart_tx_controller_mod/SS[0]
                         FDRE                                         r  uart_tx_controller_mod/FSM_onehot_state_reg[1]/R
  -------------------------------------------------------------------    -------------------

                         (clock sys_clk_pin rise edge)
                                                      0.000     0.000 r  
    W5                                                0.000     0.000 r  clk (IN)
                         net (fo=0)                   0.000     0.000    clk
    W5                                                                r  clk_IBUF_inst/I
    W5                   IBUF (Prop_ibuf_I_O)         1.388     1.388 r  clk_IBUF_inst/O
                         net (fo=1, unplaced)         0.760     2.148    clk_IBUF
                                                                      r  clk_IBUF_BUFG_inst/I
                         BUFG (Prop_bufg_I_O)         0.091     2.239 r  clk_IBUF_BUFG_inst/O
                         net (fo=11, unplaced)        0.439     2.678    uart_tx_controller_mod/CLK
                         FDRE                                         r  uart_tx_controller_mod/FSM_onehot_state_reg[1]/C

Slack:                    inf
  Source:                 rst_n
                            (input port)
  Destination:            uart_tx_controller_mod/FSM_onehot_state_reg[2]/R
                            (rising edge-triggered cell FDRE clocked by sys_clk_pin  {rise@0.000ns fall@5.000ns period=40.000ns})
  Path Group:             (none)
  Path Type:              Setup (Max at Slow Process Corner)
  Data Path Delay:        2.665ns  (logic 1.047ns (39.268%)  route 1.619ns (60.732%))
  Logic Levels:           2  (IBUF=1 LUT1=1)
  Clock Path Skew:        2.678ns (DCD - SCD + CPR)
    Destination Clock Delay (DCD):    2.678ns
    Source Clock Delay      (SCD):    0.000ns
    Clock Pessimism Removal (CPR):    0.000ns

    Location             Delay type                Incr(ns)  Path(ns)    Netlist Resource(s)
  -------------------------------------------------------------------    -------------------
                                                      0.000     0.000 f  rst_n (IN)
                         net (fo=0)                   0.000     0.000    rst_n
                                                                      f  rst_n_IBUF_inst/I
                         IBUF (Prop_ibuf_I_O)         0.923     0.923 f  rst_n_IBUF_inst/O
                         net (fo=9, unplaced)         0.800     1.722    uart_tx_controller_mod/rst_n_IBUF
                                                                      f  uart_tx_controller_mod/FSM_onehot_state[4]_i_1/I0
                         LUT1 (Prop_lut1_I0_O)        0.124     1.846 r  uart_tx_controller_mod/FSM_onehot_state[4]_i_1/O
                         net (fo=10, unplaced)        0.819     2.665    uart_tx_controller_mod/SS[0]
                         FDRE                                         r  uart_tx_controller_mod/FSM_onehot_state_reg[2]/R
  -------------------------------------------------------------------    -------------------

                         (clock sys_clk_pin rise edge)
                                                      0.000     0.000 r  
    W5                                                0.000     0.000 r  clk (IN)
                         net (fo=0)                   0.000     0.000    clk
    W5                                                                r  clk_IBUF_inst/I
    W5                   IBUF (Prop_ibuf_I_O)         1.388     1.388 r  clk_IBUF_inst/O
                         net (fo=1, unplaced)         0.760     2.148    clk_IBUF
                                                                      r  clk_IBUF_BUFG_inst/I
                         BUFG (Prop_bufg_I_O)         0.091     2.239 r  clk_IBUF_BUFG_inst/O
                         net (fo=11, unplaced)        0.439     2.678    uart_tx_controller_mod/CLK
                         FDRE                                         r  uart_tx_controller_mod/FSM_onehot_state_reg[2]/C

Slack:                    inf
  Source:                 rst_n
                            (input port)
  Destination:            uart_tx_controller_mod/FSM_onehot_state_reg[3]/R
                            (rising edge-triggered cell FDRE clocked by sys_clk_pin  {rise@0.000ns fall@5.000ns period=40.000ns})
  Path Group:             (none)
  Path Type:              Setup (Max at Slow Process Corner)
  Data Path Delay:        2.665ns  (logic 1.047ns (39.268%)  route 1.619ns (60.732%))
  Logic Levels:           2  (IBUF=1 LUT1=1)
  Clock Path Skew:        2.678ns (DCD - SCD + CPR)
    Destination Clock Delay (DCD):    2.678ns
    Source Clock Delay      (SCD):    0.000ns
    Clock Pessimism Removal (CPR):    0.000ns

    Location             Delay type                Incr(ns)  Path(ns)    Netlist Resource(s)
  -------------------------------------------------------------------    -------------------
                                                      0.000     0.000 f  rst_n (IN)
                         net (fo=0)                   0.000     0.000    rst_n
                                                                      f  rst_n_IBUF_inst/I
                         IBUF (Prop_ibuf_I_O)         0.923     0.923 f  rst_n_IBUF_inst/O
                         net (fo=9, unplaced)         0.800     1.722    uart_tx_controller_mod/rst_n_IBUF
                                                                      f  uart_tx_controller_mod/FSM_onehot_state[4]_i_1/I0
                         LUT1 (Prop_lut1_I0_O)        0.124     1.846 r  uart_tx_controller_mod/FSM_onehot_state[4]_i_1/O
                         net (fo=10, unplaced)        0.819     2.665    uart_tx_controller_mod/SS[0]
                         FDRE                                         r  uart_tx_controller_mod/FSM_onehot_state_reg[3]/R
  -------------------------------------------------------------------    -------------------

                         (clock sys_clk_pin rise edge)
                                                      0.000     0.000 r  
    W5                                                0.000     0.000 r  clk (IN)
                         net (fo=0)                   0.000     0.000    clk
    W5                                                                r  clk_IBUF_inst/I
    W5                   IBUF (Prop_ibuf_I_O)         1.388     1.388 r  clk_IBUF_inst/O
                         net (fo=1, unplaced)         0.760     2.148    clk_IBUF
                                                                      r  clk_IBUF_BUFG_inst/I
                         BUFG (Prop_bufg_I_O)         0.091     2.239 r  clk_IBUF_BUFG_inst/O
                         net (fo=11, unplaced)        0.439     2.678    uart_tx_controller_mod/CLK
                         FDRE                                         r  uart_tx_controller_mod/FSM_onehot_state_reg[3]/C

Slack:                    inf
  Source:                 rst_n
                            (input port)
  Destination:            uart_tx_controller_mod/FSM_onehot_state_reg[4]/R
                            (rising edge-triggered cell FDRE clocked by sys_clk_pin  {rise@0.000ns fall@5.000ns period=40.000ns})
  Path Group:             (none)
  Path Type:              Setup (Max at Slow Process Corner)
  Data Path Delay:        2.665ns  (logic 1.047ns (39.268%)  route 1.619ns (60.732%))
  Logic Levels:           2  (IBUF=1 LUT1=1)
  Clock Path Skew:        2.678ns (DCD - SCD + CPR)
    Destination Clock Delay (DCD):    2.678ns
    Source Clock Delay      (SCD):    0.000ns
    Clock Pessimism Removal (CPR):    0.000ns

    Location             Delay type                Incr(ns)  Path(ns)    Netlist Resource(s)
  -------------------------------------------------------------------    -------------------
                                                      0.000     0.000 f  rst_n (IN)
                         net (fo=0)                   0.000     0.000    rst_n
                                                                      f  rst_n_IBUF_inst/I
                         IBUF (Prop_ibuf_I_O)         0.923     0.923 f  rst_n_IBUF_inst/O
                         net (fo=9, unplaced)         0.800     1.722    uart_tx_controller_mod/rst_n_IBUF
                                                                      f  uart_tx_controller_mod/FSM_onehot_state[4]_i_1/I0
                         LUT1 (Prop_lut1_I0_O)        0.124     1.846 r  uart_tx_controller_mod/FSM_onehot_state[4]_i_1/O
                         net (fo=10, unplaced)        0.819     2.665    uart_tx_controller_mod/SS[0]
                         FDRE                                         r  uart_tx_controller_mod/FSM_onehot_state_reg[4]/R
  -------------------------------------------------------------------    -------------------

                         (clock sys_clk_pin rise edge)
                                                      0.000     0.000 r  
    W5                                                0.000     0.000 r  clk (IN)
                         net (fo=0)                   0.000     0.000    clk
    W5                                                                r  clk_IBUF_inst/I
    W5                   IBUF (Prop_ibuf_I_O)         1.388     1.388 r  clk_IBUF_inst/O
                         net (fo=1, unplaced)         0.760     2.148    clk_IBUF
                                                                      r  clk_IBUF_BUFG_inst/I
                         BUFG (Prop_bufg_I_O)         0.091     2.239 r  clk_IBUF_BUFG_inst/O
                         net (fo=11, unplaced)        0.439     2.678    uart_tx_controller_mod/CLK
                         FDRE                                         r  uart_tx_controller_mod/FSM_onehot_state_reg[4]/C

Slack:                    inf
  Source:                 rst_n
                            (input port)
  Destination:            uart_tx_serializer_mod/ser_counter_reg[0]/CLR
                            (recovery check against rising-edge clock sys_clk_pin  {rise@0.000ns fall@5.000ns period=40.000ns})
  Path Group:             (none)
  Path Type:              Recovery (Max at Slow Process Corner)
  Data Path Delay:        2.665ns  (logic 1.047ns (39.268%)  route 1.619ns (60.732%))
  Logic Levels:           2  (IBUF=1 LUT1=1)
  Clock Path Skew:        2.678ns (DCD - SCD + CPR)
    Destination Clock Delay (DCD):    2.678ns
    Source Clock Delay      (SCD):    0.000ns
    Clock Pessimism Removal (CPR):    0.000ns

    Location             Delay type                Incr(ns)  Path(ns)    Netlist Resource(s)
  -------------------------------------------------------------------    -------------------
                                                      0.000     0.000 r  rst_n (IN)
                         net (fo=0)                   0.000     0.000    rst_n
                                                                      r  rst_n_IBUF_inst/I
                         IBUF (Prop_ibuf_I_O)         0.923     0.923 r  rst_n_IBUF_inst/O
                         net (fo=9, unplaced)         0.800     1.722    uart_tx_controller_mod/rst_n_IBUF
                                                                      r  uart_tx_controller_mod/FSM_onehot_state[4]_i_1/I0
                         LUT1 (Prop_lut1_I0_O)        0.124     1.846 f  uart_tx_controller_mod/FSM_onehot_state[4]_i_1/O
                         net (fo=10, unplaced)        0.819     2.665    uart_tx_serializer_mod/SS[0]
                         FDCE                                         f  uart_tx_serializer_mod/ser_counter_reg[0]/CLR
  -------------------------------------------------------------------    -------------------

                         (clock sys_clk_pin rise edge)
                                                      0.000     0.000 r  
    W5                                                0.000     0.000 r  clk (IN)
                         net (fo=0)                   0.000     0.000    clk
    W5                                                                r  clk_IBUF_inst/I
    W5                   IBUF (Prop_ibuf_I_O)         1.388     1.388 r  clk_IBUF_inst/O
                         net (fo=1, unplaced)         0.760     2.148    clk_IBUF
                                                                      r  clk_IBUF_BUFG_inst/I
                         BUFG (Prop_bufg_I_O)         0.091     2.239 r  clk_IBUF_BUFG_inst/O
                         net (fo=11, unplaced)        0.439     2.678    uart_tx_serializer_mod/CLK
                         FDCE                                         r  uart_tx_serializer_mod/ser_counter_reg[0]/C

Slack:                    inf
  Source:                 rst_n
                            (input port)
  Destination:            uart_tx_serializer_mod/ser_counter_reg[1]/CLR
                            (recovery check against rising-edge clock sys_clk_pin  {rise@0.000ns fall@5.000ns period=40.000ns})
  Path Group:             (none)
  Path Type:              Recovery (Max at Slow Process Corner)
  Data Path Delay:        2.665ns  (logic 1.047ns (39.268%)  route 1.619ns (60.732%))
  Logic Levels:           2  (IBUF=1 LUT1=1)
  Clock Path Skew:        2.678ns (DCD - SCD + CPR)
    Destination Clock Delay (DCD):    2.678ns
    Source Clock Delay      (SCD):    0.000ns
    Clock Pessimism Removal (CPR):    0.000ns

    Location             Delay type                Incr(ns)  Path(ns)    Netlist Resource(s)
  -------------------------------------------------------------------    -------------------
                                                      0.000     0.000 r  rst_n (IN)
                         net (fo=0)                   0.000     0.000    rst_n
                                                                      r  rst_n_IBUF_inst/I
                         IBUF (Prop_ibuf_I_O)         0.923     0.923 r  rst_n_IBUF_inst/O
                         net (fo=9, unplaced)         0.800     1.722    uart_tx_controller_mod/rst_n_IBUF
                                                                      r  uart_tx_controller_mod/FSM_onehot_state[4]_i_1/I0
                         LUT1 (Prop_lut1_I0_O)        0.124     1.846 f  uart_tx_controller_mod/FSM_onehot_state[4]_i_1/O
                         net (fo=10, unplaced)        0.819     2.665    uart_tx_serializer_mod/SS[0]
                         FDCE                                         f  uart_tx_serializer_mod/ser_counter_reg[1]/CLR
  -------------------------------------------------------------------    -------------------

                         (clock sys_clk_pin rise edge)
                                                      0.000     0.000 r  
    W5                                                0.000     0.000 r  clk (IN)
                         net (fo=0)                   0.000     0.000    clk
    W5                                                                r  clk_IBUF_inst/I
    W5                   IBUF (Prop_ibuf_I_O)         1.388     1.388 r  clk_IBUF_inst/O
                         net (fo=1, unplaced)         0.760     2.148    clk_IBUF
                                                                      r  clk_IBUF_BUFG_inst/I
                         BUFG (Prop_bufg_I_O)         0.091     2.239 r  clk_IBUF_BUFG_inst/O
                         net (fo=11, unplaced)        0.439     2.678    uart_tx_serializer_mod/CLK
                         FDCE                                         r  uart_tx_serializer_mod/ser_counter_reg[1]/C

Slack:                    inf
  Source:                 rst_n
                            (input port)
  Destination:            uart_tx_serializer_mod/ser_counter_reg[2]/CLR
                            (recovery check against rising-edge clock sys_clk_pin  {rise@0.000ns fall@5.000ns period=40.000ns})
  Path Group:             (none)
  Path Type:              Recovery (Max at Slow Process Corner)
  Data Path Delay:        2.665ns  (logic 1.047ns (39.268%)  route 1.619ns (60.732%))
  Logic Levels:           2  (IBUF=1 LUT1=1)
  Clock Path Skew:        2.678ns (DCD - SCD + CPR)
    Destination Clock Delay (DCD):    2.678ns
    Source Clock Delay      (SCD):    0.000ns
    Clock Pessimism Removal (CPR):    0.000ns

    Location             Delay type                Incr(ns)  Path(ns)    Netlist Resource(s)
  -------------------------------------------------------------------    -------------------
                                                      0.000     0.000 r  rst_n (IN)
                         net (fo=0)                   0.000     0.000    rst_n
                                                                      r  rst_n_IBUF_inst/I
                         IBUF (Prop_ibuf_I_O)         0.923     0.923 r  rst_n_IBUF_inst/O
                         net (fo=9, unplaced)         0.800     1.722    uart_tx_controller_mod/rst_n_IBUF
                                                                      r  uart_tx_controller_mod/FSM_onehot_state[4]_i_1/I0
                         LUT1 (Prop_lut1_I0_O)        0.124     1.846 f  uart_tx_controller_mod/FSM_onehot_state[4]_i_1/O
                         net (fo=10, unplaced)        0.819     2.665    uart_tx_serializer_mod/SS[0]
                         FDCE                                         f  uart_tx_serializer_mod/ser_counter_reg[2]/CLR
  -------------------------------------------------------------------    -------------------

                         (clock sys_clk_pin rise edge)
                                                      0.000     0.000 r  
    W5                                                0.000     0.000 r  clk (IN)
                         net (fo=0)                   0.000     0.000    clk
    W5                                                                r  clk_IBUF_inst/I
    W5                   IBUF (Prop_ibuf_I_O)         1.388     1.388 r  clk_IBUF_inst/O
                         net (fo=1, unplaced)         0.760     2.148    clk_IBUF
                                                                      r  clk_IBUF_BUFG_inst/I
                         BUFG (Prop_bufg_I_O)         0.091     2.239 r  clk_IBUF_BUFG_inst/O
                         net (fo=11, unplaced)        0.439     2.678    uart_tx_serializer_mod/CLK
                         FDCE                                         r  uart_tx_serializer_mod/ser_counter_reg[2]/C





Min Delay Paths
--------------------------------------------------------------------------------------
Slack:                    inf
  Source:                 rst_n
                            (input port)
  Destination:            uart_tx_parity_bit_mod/par_bit_reg/D
                            (rising edge-triggered cell FDRE clocked by sys_clk_pin  {rise@0.000ns fall@5.000ns period=40.000ns})
  Path Group:             (none)
  Path Type:              Hold (Min at Fast Process Corner)
  Data Path Delay:        0.534ns  (logic 0.197ns (36.869%)  route 0.337ns (63.131%))
  Logic Levels:           2  (IBUF=1 LUT4=1)
  Clock Path Skew:        1.057ns (DCD - SCD - CPR)
    Destination Clock Delay (DCD):    1.057ns
    Source Clock Delay      (SCD):    0.000ns
    Clock Pessimism Removal (CPR):    -0.000ns

    Location             Delay type                Incr(ns)  Path(ns)    Netlist Resource(s)
  -------------------------------------------------------------------    -------------------
                                                      0.000     0.000 r  rst_n (IN)
                         net (fo=0)                   0.000     0.000    rst_n
                                                                      r  rst_n_IBUF_inst/I
                         IBUF (Prop_ibuf_I_O)         0.152     0.152 r  rst_n_IBUF_inst/O
                         net (fo=9, unplaced)         0.337     0.489    uart_tx_parity_bit_mod/rst_n_IBUF
                                                                      r  uart_tx_parity_bit_mod/par_bit_i_1/I0
                         LUT4 (Prop_lut4_I0_O)        0.045     0.534 r  uart_tx_parity_bit_mod/par_bit_i_1/O
                         net (fo=1, unplaced)         0.000     0.534    uart_tx_parity_bit_mod/par_bit_i_1_n_0
                         FDRE                                         r  uart_tx_parity_bit_mod/par_bit_reg/D
  -------------------------------------------------------------------    -------------------

                         (clock sys_clk_pin rise edge)
                                                      0.000     0.000 r  
    W5                                                0.000     0.000 r  clk (IN)
                         net (fo=0)                   0.000     0.000    clk
    W5                                                                r  clk_IBUF_inst/I
    W5                   IBUF (Prop_ibuf_I_O)         0.414     0.414 r  clk_IBUF_inst/O
                         net (fo=1, unplaced)         0.355     0.769    clk_IBUF
                                                                      r  clk_IBUF_BUFG_inst/I
                         BUFG (Prop_bufg_I_O)         0.029     0.798 r  clk_IBUF_BUFG_inst/O
                         net (fo=11, unplaced)        0.259     1.057    uart_tx_parity_bit_mod/CLK
                         FDRE                                         r  uart_tx_parity_bit_mod/par_bit_reg/C

Slack:                    inf
  Source:                 rst_n
                            (input port)
  Destination:            uart_tx_serializer_mod/ser_counter_reg[0]/D
                            (rising edge-triggered cell FDCE clocked by sys_clk_pin  {rise@0.000ns fall@5.000ns period=40.000ns})
  Path Group:             (none)
  Path Type:              Hold (Min at Fast Process Corner)
  Data Path Delay:        0.534ns  (logic 0.197ns (36.869%)  route 0.337ns (63.131%))
  Logic Levels:           2  (IBUF=1 LUT4=1)
  Clock Path Skew:        1.057ns (DCD - SCD - CPR)
    Destination Clock Delay (DCD):    1.057ns
    Source Clock Delay      (SCD):    0.000ns
    Clock Pessimism Removal (CPR):    -0.000ns

    Location             Delay type                Incr(ns)  Path(ns)    Netlist Resource(s)
  -------------------------------------------------------------------    -------------------
                                                      0.000     0.000 r  rst_n (IN)
                         net (fo=0)                   0.000     0.000    rst_n
                                                                      r  rst_n_IBUF_inst/I
                         IBUF (Prop_ibuf_I_O)         0.152     0.152 r  rst_n_IBUF_inst/O
                         net (fo=9, unplaced)         0.337     0.489    uart_tx_controller_mod/rst_n_IBUF
                                                                      r  uart_tx_controller_mod/ser_counter[0]_i_1/I2
                         LUT4 (Prop_lut4_I2_O)        0.045     0.534 r  uart_tx_controller_mod/ser_counter[0]_i_1/O
                         net (fo=1, unplaced)         0.000     0.534    uart_tx_serializer_mod/D[0]
                         FDCE                                         r  uart_tx_serializer_mod/ser_counter_reg[0]/D
  -------------------------------------------------------------------    -------------------

                         (clock sys_clk_pin rise edge)
                                                      0.000     0.000 r  
    W5                                                0.000     0.000 r  clk (IN)
                         net (fo=0)                   0.000     0.000    clk
    W5                                                                r  clk_IBUF_inst/I
    W5                   IBUF (Prop_ibuf_I_O)         0.414     0.414 r  clk_IBUF_inst/O
                         net (fo=1, unplaced)         0.355     0.769    clk_IBUF
                                                                      r  clk_IBUF_BUFG_inst/I
                         BUFG (Prop_bufg_I_O)         0.029     0.798 r  clk_IBUF_BUFG_inst/O
                         net (fo=11, unplaced)        0.259     1.057    uart_tx_serializer_mod/CLK
                         FDCE                                         r  uart_tx_serializer_mod/ser_counter_reg[0]/C

Slack:                    inf
  Source:                 rst_n
                            (input port)
  Destination:            uart_tx_serializer_mod/ser_counter_reg[1]/D
                            (rising edge-triggered cell FDCE clocked by sys_clk_pin  {rise@0.000ns fall@5.000ns period=40.000ns})
  Path Group:             (none)
  Path Type:              Hold (Min at Fast Process Corner)
  Data Path Delay:        0.534ns  (logic 0.197ns (36.869%)  route 0.337ns (63.131%))
  Logic Levels:           2  (IBUF=1 LUT5=1)
  Clock Path Skew:        1.057ns (DCD - SCD - CPR)
    Destination Clock Delay (DCD):    1.057ns
    Source Clock Delay      (SCD):    0.000ns
    Clock Pessimism Removal (CPR):    -0.000ns

    Location             Delay type                Incr(ns)  Path(ns)    Netlist Resource(s)
  -------------------------------------------------------------------    -------------------
                                                      0.000     0.000 r  rst_n (IN)
                         net (fo=0)                   0.000     0.000    rst_n
                                                                      r  rst_n_IBUF_inst/I
                         IBUF (Prop_ibuf_I_O)         0.152     0.152 r  rst_n_IBUF_inst/O
                         net (fo=9, unplaced)         0.337     0.489    uart_tx_controller_mod/rst_n_IBUF
                                                                      r  uart_tx_controller_mod/ser_counter[1]_i_1/I2
                         LUT5 (Prop_lut5_I2_O)        0.045     0.534 r  uart_tx_controller_mod/ser_counter[1]_i_1/O
                         net (fo=1, unplaced)         0.000     0.534    uart_tx_serializer_mod/D[1]
                         FDCE                                         r  uart_tx_serializer_mod/ser_counter_reg[1]/D
  -------------------------------------------------------------------    -------------------

                         (clock sys_clk_pin rise edge)
                                                      0.000     0.000 r  
    W5                                                0.000     0.000 r  clk (IN)
                         net (fo=0)                   0.000     0.000    clk
    W5                                                                r  clk_IBUF_inst/I
    W5                   IBUF (Prop_ibuf_I_O)         0.414     0.414 r  clk_IBUF_inst/O
                         net (fo=1, unplaced)         0.355     0.769    clk_IBUF
                                                                      r  clk_IBUF_BUFG_inst/I
                         BUFG (Prop_bufg_I_O)         0.029     0.798 r  clk_IBUF_BUFG_inst/O
                         net (fo=11, unplaced)        0.259     1.057    uart_tx_serializer_mod/CLK
                         FDCE                                         r  uart_tx_serializer_mod/ser_counter_reg[1]/C

Slack:                    inf
  Source:                 rst_n
                            (input port)
  Destination:            uart_tx_serializer_mod/ser_counter_reg[2]/D
                            (rising edge-triggered cell FDCE clocked by sys_clk_pin  {rise@0.000ns fall@5.000ns period=40.000ns})
  Path Group:             (none)
  Path Type:              Hold (Min at Fast Process Corner)
  Data Path Delay:        0.534ns  (logic 0.197ns (36.869%)  route 0.337ns (63.131%))
  Logic Levels:           2  (IBUF=1 LUT6=1)
  Clock Path Skew:        1.057ns (DCD - SCD - CPR)
    Destination Clock Delay (DCD):    1.057ns
    Source Clock Delay      (SCD):    0.000ns
    Clock Pessimism Removal (CPR):    -0.000ns

    Location             Delay type                Incr(ns)  Path(ns)    Netlist Resource(s)
  -------------------------------------------------------------------    -------------------
                                                      0.000     0.000 r  rst_n (IN)
                         net (fo=0)                   0.000     0.000    rst_n
                                                                      r  rst_n_IBUF_inst/I
                         IBUF (Prop_ibuf_I_O)         0.152     0.152 r  rst_n_IBUF_inst/O
                         net (fo=9, unplaced)         0.337     0.489    uart_tx_serializer_mod/rst_n_IBUF
                                                                      r  uart_tx_serializer_mod/ser_counter[2]_i_1/I2
                         LUT6 (Prop_lut6_I2_O)        0.045     0.534 r  uart_tx_serializer_mod/ser_counter[2]_i_1/O
                         net (fo=1, unplaced)         0.000     0.534    uart_tx_serializer_mod/ser_counter[2]_i_1_n_0
                         FDCE                                         r  uart_tx_serializer_mod/ser_counter_reg[2]/D
  -------------------------------------------------------------------    -------------------

                         (clock sys_clk_pin rise edge)
                                                      0.000     0.000 r  
    W5                                                0.000     0.000 r  clk (IN)
                         net (fo=0)                   0.000     0.000    clk
    W5                                                                r  clk_IBUF_inst/I
    W5                   IBUF (Prop_ibuf_I_O)         0.414     0.414 r  clk_IBUF_inst/O
                         net (fo=1, unplaced)         0.355     0.769    clk_IBUF
                                                                      r  clk_IBUF_BUFG_inst/I
                         BUFG (Prop_bufg_I_O)         0.029     0.798 r  clk_IBUF_BUFG_inst/O
                         net (fo=11, unplaced)        0.259     1.057    uart_tx_serializer_mod/CLK
                         FDCE                                         r  uart_tx_serializer_mod/ser_counter_reg[2]/C

Slack:                    inf
  Source:                 rst_n
                            (input port)
  Destination:            uart_tx_serializer_mod/ser_data_reg/D
                            (rising edge-triggered cell FDCE clocked by sys_clk_pin  {rise@0.000ns fall@5.000ns period=40.000ns})
  Path Group:             (none)
  Path Type:              Hold (Min at Fast Process Corner)
  Data Path Delay:        0.534ns  (logic 0.197ns (36.869%)  route 0.337ns (63.131%))
  Logic Levels:           2  (IBUF=1 LUT6=1)
  Clock Path Skew:        1.057ns (DCD - SCD - CPR)
    Destination Clock Delay (DCD):    1.057ns
    Source Clock Delay      (SCD):    0.000ns
    Clock Pessimism Removal (CPR):    -0.000ns

    Location             Delay type                Incr(ns)  Path(ns)    Netlist Resource(s)
  -------------------------------------------------------------------    -------------------
                                                      0.000     0.000 f  rst_n (IN)
                         net (fo=0)                   0.000     0.000    rst_n
                                                                      f  rst_n_IBUF_inst/I
                         IBUF (Prop_ibuf_I_O)         0.152     0.152 f  rst_n_IBUF_inst/O
                         net (fo=9, unplaced)         0.337     0.489    uart_tx_serializer_mod/rst_n_IBUF
                                                                      f  uart_tx_serializer_mod/ser_data_i_1/I5
                         LUT6 (Prop_lut6_I5_O)        0.045     0.534 r  uart_tx_serializer_mod/ser_data_i_1/O
                         net (fo=1, unplaced)         0.000     0.534    uart_tx_serializer_mod/ser_data_i_1_n_0
                         FDCE                                         r  uart_tx_serializer_mod/ser_data_reg/D
  -------------------------------------------------------------------    -------------------

                         (clock sys_clk_pin rise edge)
                                                      0.000     0.000 r  
    W5                                                0.000     0.000 r  clk (IN)
                         net (fo=0)                   0.000     0.000    clk
    W5                                                                r  clk_IBUF_inst/I
    W5                   IBUF (Prop_ibuf_I_O)         0.414     0.414 r  clk_IBUF_inst/O
                         net (fo=1, unplaced)         0.355     0.769    clk_IBUF
                                                                      r  clk_IBUF_BUFG_inst/I
                         BUFG (Prop_bufg_I_O)         0.029     0.798 r  clk_IBUF_BUFG_inst/O
                         net (fo=11, unplaced)        0.259     1.057    uart_tx_serializer_mod/CLK
                         FDCE                                         r  uart_tx_serializer_mod/ser_data_reg/C

Slack:                    inf
  Source:                 data_valid
                            (input port)
  Destination:            uart_tx_controller_mod/FSM_onehot_state_reg[0]/D
                            (rising edge-triggered cell FDSE clocked by sys_clk_pin  {rise@0.000ns fall@5.000ns period=40.000ns})
  Path Group:             (none)
  Path Type:              Hold (Min at Fast Process Corner)
  Data Path Delay:        0.602ns  (logic 0.265ns (44.042%)  route 0.337ns (55.958%))
  Logic Levels:           2  (IBUF=1 LUT3=1)
  Clock Path Skew:        1.057ns (DCD - SCD - CPR)
    Destination Clock Delay (DCD):    1.057ns
    Source Clock Delay      (SCD):    0.000ns
    Clock Pessimism Removal (CPR):    -0.000ns

    Location             Delay type                Incr(ns)  Path(ns)    Netlist Resource(s)
  -------------------------------------------------------------------    -------------------
    T3                                                0.000     0.000 f  data_valid (IN)
                         net (fo=0)                   0.000     0.000    data_valid
    T3                                                                f  data_valid_IBUF_inst/I
    T3                   IBUF (Prop_ibuf_I_O)         0.220     0.220 f  data_valid_IBUF_inst/O
                         net (fo=5, unplaced)         0.337     0.557    uart_tx_controller_mod/data_valid_IBUF
                                                                      f  uart_tx_controller_mod/FSM_onehot_state[0]_i_1/I1
                         LUT3 (Prop_lut3_I1_O)        0.045     0.602 r  uart_tx_controller_mod/FSM_onehot_state[0]_i_1/O
                         net (fo=1, unplaced)         0.000     0.602    uart_tx_controller_mod/FSM_onehot_state[0]_i_1_n_0
                         FDSE                                         r  uart_tx_controller_mod/FSM_onehot_state_reg[0]/D
  -------------------------------------------------------------------    -------------------

                         (clock sys_clk_pin rise edge)
                                                      0.000     0.000 r  
    W5                                                0.000     0.000 r  clk (IN)
                         net (fo=0)                   0.000     0.000    clk
    W5                                                                r  clk_IBUF_inst/I
    W5                   IBUF (Prop_ibuf_I_O)         0.414     0.414 r  clk_IBUF_inst/O
                         net (fo=1, unplaced)         0.355     0.769    clk_IBUF
                                                                      r  clk_IBUF_BUFG_inst/I
                         BUFG (Prop_bufg_I_O)         0.029     0.798 r  clk_IBUF_BUFG_inst/O
                         net (fo=11, unplaced)        0.259     1.057    uart_tx_controller_mod/CLK
                         FDSE                                         r  uart_tx_controller_mod/FSM_onehot_state_reg[0]/C

Slack:                    inf
  Source:                 data_valid
                            (input port)
  Destination:            uart_tx_controller_mod/FSM_onehot_state_reg[1]/D
                            (rising edge-triggered cell FDRE clocked by sys_clk_pin  {rise@0.000ns fall@5.000ns period=40.000ns})
  Path Group:             (none)
  Path Type:              Hold (Min at Fast Process Corner)
  Data Path Delay:        0.602ns  (logic 0.265ns (44.042%)  route 0.337ns (55.958%))
  Logic Levels:           2  (IBUF=1 LUT3=1)
  Clock Path Skew:        1.057ns (DCD - SCD - CPR)
    Destination Clock Delay (DCD):    1.057ns
    Source Clock Delay      (SCD):    0.000ns
    Clock Pessimism Removal (CPR):    -0.000ns

    Location             Delay type                Incr(ns)  Path(ns)    Netlist Resource(s)
  -------------------------------------------------------------------    -------------------
    T3                                                0.000     0.000 r  data_valid (IN)
                         net (fo=0)                   0.000     0.000    data_valid
    T3                                                                r  data_valid_IBUF_inst/I
    T3                   IBUF (Prop_ibuf_I_O)         0.220     0.220 r  data_valid_IBUF_inst/O
                         net (fo=5, unplaced)         0.337     0.557    uart_tx_controller_mod/data_valid_IBUF
                                                                      r  uart_tx_controller_mod/FSM_onehot_state[1]_i_1/I1
                         LUT3 (Prop_lut3_I1_O)        0.045     0.602 r  uart_tx_controller_mod/FSM_onehot_state[1]_i_1/O
                         net (fo=1, unplaced)         0.000     0.602    uart_tx_controller_mod/FSM_onehot_state[1]_i_1_n_0
                         FDRE                                         r  uart_tx_controller_mod/FSM_onehot_state_reg[1]/D
  -------------------------------------------------------------------    -------------------

                         (clock sys_clk_pin rise edge)
                                                      0.000     0.000 r  
    W5                                                0.000     0.000 r  clk (IN)
                         net (fo=0)                   0.000     0.000    clk
    W5                                                                r  clk_IBUF_inst/I
    W5                   IBUF (Prop_ibuf_I_O)         0.414     0.414 r  clk_IBUF_inst/O
                         net (fo=1, unplaced)         0.355     0.769    clk_IBUF
                                                                      r  clk_IBUF_BUFG_inst/I
                         BUFG (Prop_bufg_I_O)         0.029     0.798 r  clk_IBUF_BUFG_inst/O
                         net (fo=11, unplaced)        0.259     1.057    uart_tx_controller_mod/CLK
                         FDRE                                         r  uart_tx_controller_mod/FSM_onehot_state_reg[1]/C

Slack:                    inf
  Source:                 data_valid
                            (input port)
  Destination:            uart_tx_controller_mod/FSM_onehot_state_reg[2]/D
                            (rising edge-triggered cell FDRE clocked by sys_clk_pin  {rise@0.000ns fall@5.000ns period=40.000ns})
  Path Group:             (none)
  Path Type:              Hold (Min at Fast Process Corner)
  Data Path Delay:        0.602ns  (logic 0.265ns (44.042%)  route 0.337ns (55.958%))
  Logic Levels:           2  (IBUF=1 LUT4=1)
  Clock Path Skew:        1.057ns (DCD - SCD - CPR)
    Destination Clock Delay (DCD):    1.057ns
    Source Clock Delay      (SCD):    0.000ns
    Clock Pessimism Removal (CPR):    -0.000ns

    Location             Delay type                Incr(ns)  Path(ns)    Netlist Resource(s)
  -------------------------------------------------------------------    -------------------
    T3                                                0.000     0.000 r  data_valid (IN)
                         net (fo=0)                   0.000     0.000    data_valid
    T3                                                                r  data_valid_IBUF_inst/I
    T3                   IBUF (Prop_ibuf_I_O)         0.220     0.220 r  data_valid_IBUF_inst/O
                         net (fo=5, unplaced)         0.337     0.557    uart_tx_controller_mod/data_valid_IBUF
                                                                      r  uart_tx_controller_mod/FSM_onehot_state[2]_i_1/I1
                         LUT4 (Prop_lut4_I1_O)        0.045     0.602 r  uart_tx_controller_mod/FSM_onehot_state[2]_i_1/O
                         net (fo=1, unplaced)         0.000     0.602    uart_tx_controller_mod/FSM_onehot_state[2]_i_1_n_0
                         FDRE                                         r  uart_tx_controller_mod/FSM_onehot_state_reg[2]/D
  -------------------------------------------------------------------    -------------------

                         (clock sys_clk_pin rise edge)
                                                      0.000     0.000 r  
    W5                                                0.000     0.000 r  clk (IN)
                         net (fo=0)                   0.000     0.000    clk
    W5                                                                r  clk_IBUF_inst/I
    W5                   IBUF (Prop_ibuf_I_O)         0.414     0.414 r  clk_IBUF_inst/O
                         net (fo=1, unplaced)         0.355     0.769    clk_IBUF
                                                                      r  clk_IBUF_BUFG_inst/I
                         BUFG (Prop_bufg_I_O)         0.029     0.798 r  clk_IBUF_BUFG_inst/O
                         net (fo=11, unplaced)        0.259     1.057    uart_tx_controller_mod/CLK
                         FDRE                                         r  uart_tx_controller_mod/FSM_onehot_state_reg[2]/C

Slack:                    inf
  Source:                 data_valid
                            (input port)
  Destination:            uart_tx_controller_mod/FSM_onehot_state_reg[3]/D
                            (rising edge-triggered cell FDRE clocked by sys_clk_pin  {rise@0.000ns fall@5.000ns period=40.000ns})
  Path Group:             (none)
  Path Type:              Hold (Min at Fast Process Corner)
  Data Path Delay:        0.602ns  (logic 0.265ns (44.042%)  route 0.337ns (55.958%))
  Logic Levels:           2  (IBUF=1 LUT5=1)
  Clock Path Skew:        1.057ns (DCD - SCD - CPR)
    Destination Clock Delay (DCD):    1.057ns
    Source Clock Delay      (SCD):    0.000ns
    Clock Pessimism Removal (CPR):    -0.000ns

    Location             Delay type                Incr(ns)  Path(ns)    Netlist Resource(s)
  -------------------------------------------------------------------    -------------------
    T3                                                0.000     0.000 r  data_valid (IN)
                         net (fo=0)                   0.000     0.000    data_valid
    T3                                                                r  data_valid_IBUF_inst/I
    T3                   IBUF (Prop_ibuf_I_O)         0.220     0.220 r  data_valid_IBUF_inst/O
                         net (fo=5, unplaced)         0.337     0.557    uart_tx_controller_mod/data_valid_IBUF
                                                                      r  uart_tx_controller_mod/FSM_onehot_state[3]_i_1/I3
                         LUT5 (Prop_lut5_I3_O)        0.045     0.602 r  uart_tx_controller_mod/FSM_onehot_state[3]_i_1/O
                         net (fo=1, unplaced)         0.000     0.602    uart_tx_controller_mod/FSM_onehot_state[3]_i_1_n_0
                         FDRE                                         r  uart_tx_controller_mod/FSM_onehot_state_reg[3]/D
  -------------------------------------------------------------------    -------------------

                         (clock sys_clk_pin rise edge)
                                                      0.000     0.000 r  
    W5                                                0.000     0.000 r  clk (IN)
                         net (fo=0)                   0.000     0.000    clk
    W5                                                                r  clk_IBUF_inst/I
    W5                   IBUF (Prop_ibuf_I_O)         0.414     0.414 r  clk_IBUF_inst/O
                         net (fo=1, unplaced)         0.355     0.769    clk_IBUF
                                                                      r  clk_IBUF_BUFG_inst/I
                         BUFG (Prop_bufg_I_O)         0.029     0.798 r  clk_IBUF_BUFG_inst/O
                         net (fo=11, unplaced)        0.259     1.057    uart_tx_controller_mod/CLK
                         FDRE                                         r  uart_tx_controller_mod/FSM_onehot_state_reg[3]/C

Slack:                    inf
  Source:                 data_valid
                            (input port)
  Destination:            uart_tx_controller_mod/FSM_onehot_state_reg[4]/D
                            (rising edge-triggered cell FDRE clocked by sys_clk_pin  {rise@0.000ns fall@5.000ns period=40.000ns})
  Path Group:             (none)
  Path Type:              Hold (Min at Fast Process Corner)
  Data Path Delay:        0.602ns  (logic 0.265ns (44.042%)  route 0.337ns (55.958%))
  Logic Levels:           2  (IBUF=1 LUT6=1)
  Clock Path Skew:        1.057ns (DCD - SCD - CPR)
    Destination Clock Delay (DCD):    1.057ns
    Source Clock Delay      (SCD):    0.000ns
    Clock Pessimism Removal (CPR):    -0.000ns

    Location             Delay type                Incr(ns)  Path(ns)    Netlist Resource(s)
  -------------------------------------------------------------------    -------------------
    T3                                                0.000     0.000 r  data_valid (IN)
                         net (fo=0)                   0.000     0.000    data_valid
    T3                                                                r  data_valid_IBUF_inst/I
    T3                   IBUF (Prop_ibuf_I_O)         0.220     0.220 r  data_valid_IBUF_inst/O
                         net (fo=5, unplaced)         0.337     0.557    uart_tx_controller_mod/data_valid_IBUF
                                                                      r  uart_tx_controller_mod/FSM_onehot_state[4]_i_2/I2
                         LUT6 (Prop_lut6_I2_O)        0.045     0.602 r  uart_tx_controller_mod/FSM_onehot_state[4]_i_2/O
                         net (fo=1, unplaced)         0.000     0.602    uart_tx_controller_mod/FSM_onehot_state[4]_i_2_n_0
                         FDRE                                         r  uart_tx_controller_mod/FSM_onehot_state_reg[4]/D
  -------------------------------------------------------------------    -------------------

                         (clock sys_clk_pin rise edge)
                                                      0.000     0.000 r  
    W5                                                0.000     0.000 r  clk (IN)
                         net (fo=0)                   0.000     0.000    clk
    W5                                                                r  clk_IBUF_inst/I
    W5                   IBUF (Prop_ibuf_I_O)         0.414     0.414 r  clk_IBUF_inst/O
                         net (fo=1, unplaced)         0.355     0.769    clk_IBUF
                                                                      r  clk_IBUF_BUFG_inst/I
                         BUFG (Prop_bufg_I_O)         0.029     0.798 r  clk_IBUF_BUFG_inst/O
                         net (fo=11, unplaced)        0.259     1.057    uart_tx_controller_mod/CLK
                         FDRE                                         r  uart_tx_controller_mod/FSM_onehot_state_reg[4]/C





