Copyright 1986-2018 Xilinx, Inc. All Rights Reserved.
---------------------------------------------------------------------------------------------------------------------------------------------------------------------------------------------------------------------------------------------------
| Tool Version : Vivado v.2018.2 (win64) Build 2258646 Thu Jun 14 20:03:12 MDT 2018
| Date         : Thu Jul 30 23:08:44 2026
| Host         : Mo-AZ running 64-bit major release  (build 9200)
| Command      : report_timing_summary -delay_type min_max -report_unconstrained -check_timing_verbose -max_paths 10 -input_pins -routable_nets -name timing_3 -file {D:/Digital IC/9_Projects/UART/UART_RX/FPGA_Flow/Synthesis/timing_report.rpt}
| Design       : uart_rx
| Device       : 7a35t-cpg236
| Speed File   : -1  PRODUCTION 1.22 2018-03-21
---------------------------------------------------------------------------------------------------------------------------------------------------------------------------------------------------------------------------------------------------

Timing Summary Report

------------------------------------------------------------------------------------------------
| Timer Settings
| --------------
------------------------------------------------------------------------------------------------

  Enable Multi Corner Analysis               :  Yes
  Enable Pessimism Removal                   :  Yes
  Pessimism Removal Resolution               :  Nearest Common Node
  Enable Input Delay Default Clock           :  No
  Enable Preset / Clear Arcs                 :  No
  Disable Flight Delays                      :  No
  Ignore I/O Paths                           :  No
  Timing Early Launch at Borrowing Latches   :  false

  Corner  Analyze    Analyze    
  Name    Max Paths  Min Paths  
  ------  ---------  ---------  
  Slow    Yes        Yes        
  Fast    Yes        Yes        



check_timing report

Table of Contents
-----------------
1. checking no_clock
2. checking constant_clock
3. checking pulse_width_clock
4. checking unconstrained_internal_endpoints
5. checking no_input_delay
6. checking no_output_delay
7. checking multiple_clock
8. checking generated_clocks
9. checking loops
10. checking partial_input_delay
11. checking partial_output_delay
12. checking latch_loops

1. checking no_clock
--------------------
 There are 0 register/latch pins with no clock.


2. checking constant_clock
--------------------------
 There are 0 register/latch pins with constant_clock.


3. checking pulse_width_clock
-----------------------------
 There are 0 register/latch pins which need pulse_width check


4. checking unconstrained_internal_endpoints
--------------------------------------------
 There are 0 pins that are not constrained for maximum delay.

 There are 0 pins that are not constrained for maximum delay due to constant clock.


5. checking no_input_delay
--------------------------
 There are 4 input ports with no input delay specified. (HIGH)

par_en
par_typ
rst_n
rx_in

 There are 0 input ports with no input delay but user has a false path constraint.


6. checking no_output_delay
---------------------------
 There are 11 ports with no output delay specified. (HIGH)

data_valid
p_data[0]
p_data[1]
p_data[2]
p_data[3]
p_data[4]
p_data[5]
p_data[6]
p_data[7]
p_data[8]
p_data[9]

 There are 0 ports with no output delay but user has a false path constraint

 There are 0 ports with no output delay but with a timing clock defined on it or propagating through it


7. checking multiple_clock
--------------------------
 There are 0 register/latch pins with multiple clocks.


8. checking generated_clocks
----------------------------
 There are 0 generated clocks that are not connected to a clock source.


9. checking loops
-----------------
 There are 0 combinational loops in the design.


10. checking partial_input_delay
--------------------------------
 There are 0 input ports with partial input delay specified.


11. checking partial_output_delay
---------------------------------
 There are 0 ports with partial output delay specified.


12. checking latch_loops
------------------------
 There are 0 combinational latch loops in the design through latch input



------------------------------------------------------------------------------------------------
| Design Timing Summary
| ---------------------
------------------------------------------------------------------------------------------------

    WNS(ns)      TNS(ns)  TNS Failing Endpoints  TNS Total Endpoints      WHS(ns)      THS(ns)  THS Failing Endpoints  THS Total Endpoints     WPWS(ns)     TPWS(ns)  TPWS Failing Endpoints  TPWS Total Endpoints  
    -------      -------  ---------------------  -------------------      -------      -------  ---------------------  -------------------     --------     --------  ----------------------  --------------------  
      6.978        0.000                      0                   38        0.142        0.000                      0                   38        4.500        0.000                       0                    32  


All user specified timing constraints are met.


------------------------------------------------------------------------------------------------
| Clock Summary
| -------------
------------------------------------------------------------------------------------------------

Clock        Waveform(ns)       Period(ns)      Frequency(MHz)
-----        ------------       ----------      --------------
sys_clk_pin  {0.000 5.000}      10.000          100.000         


------------------------------------------------------------------------------------------------
| Intra Clock Table
| -----------------
------------------------------------------------------------------------------------------------

Clock             WNS(ns)      TNS(ns)  TNS Failing Endpoints  TNS Total Endpoints      WHS(ns)      THS(ns)  THS Failing Endpoints  THS Total Endpoints     WPWS(ns)     TPWS(ns)  TPWS Failing Endpoints  TPWS Total Endpoints  
-----             -------      -------  ---------------------  -------------------      -------      -------  ---------------------  -------------------     --------     --------  ----------------------  --------------------  
sys_clk_pin         6.978        0.000                      0                   38        0.142        0.000                      0                   38        4.500        0.000                       0                    32  


------------------------------------------------------------------------------------------------
| Inter Clock Table
| -----------------
------------------------------------------------------------------------------------------------

From Clock    To Clock          WNS(ns)      TNS(ns)  TNS Failing Endpoints  TNS Total Endpoints      WHS(ns)      THS(ns)  THS Failing Endpoints  THS Total Endpoints  
----------    --------          -------      -------  ---------------------  -------------------      -------      -------  ---------------------  -------------------  


------------------------------------------------------------------------------------------------
| Other Path Groups Table
| -----------------------
------------------------------------------------------------------------------------------------

Path Group    From Clock    To Clock          WNS(ns)      TNS(ns)  TNS Failing Endpoints  TNS Total Endpoints      WHS(ns)      THS(ns)  THS Failing Endpoints  THS Total Endpoints  
----------    ----------    --------          -------      -------  ---------------------  -------------------      -------      -------  ---------------------  -------------------  


------------------------------------------------------------------------------------------------
| User Ignored Path Table
| -----------------------
------------------------------------------------------------------------------------------------

Path Group    From Clock    To Clock    
----------    ----------    --------    


------------------------------------------------------------------------------------------------
| Unconstrained Path Table
| ------------------------
------------------------------------------------------------------------------------------------

Path Group    From Clock    To Clock    
----------    ----------    --------    
(none)                                    
(none)        sys_clk_pin                 
(none)                      sys_clk_pin   


------------------------------------------------------------------------------------------------
| Timing Details
| --------------
------------------------------------------------------------------------------------------------


---------------------------------------------------------------------------------------------------
From Clock:  sys_clk_pin
  To Clock:  sys_clk_pin

Setup :            0  Failing Endpoints,  Worst Slack        6.978ns,  Total Violation        0.000ns
Hold  :            0  Failing Endpoints,  Worst Slack        0.142ns,  Total Violation        0.000ns
PW    :            0  Failing Endpoints,  Worst Slack        4.500ns,  Total Violation        0.000ns
---------------------------------------------------------------------------------------------------


Max Delay Paths
--------------------------------------------------------------------------------------
Slack (MET) :             6.978ns  (required time - arrival time)
  Source:                 uart_rx_controller_blk/FSM_onehot_state_reg[2]/C
                            (rising edge-triggered cell FDRE clocked by sys_clk_pin  {rise@0.000ns fall@5.000ns period=10.000ns})
  Destination:            uart_rx_counters_blk/bit_cnt_reg[0]/CE
                            (rising edge-triggered cell FDCE clocked by sys_clk_pin  {rise@0.000ns fall@5.000ns period=10.000ns})
  Path Group:             sys_clk_pin
  Path Type:              Setup (Max at Slow Process Corner)
  Requirement:            10.000ns  (sys_clk_pin rise@10.000ns - sys_clk_pin rise@0.000ns)
  Data Path Delay:        2.640ns  (logic 0.875ns (33.144%)  route 1.765ns (66.856%))
  Logic Levels:           2  (LUT4=1 LUT6=1)
  Clock Path Skew:        -0.145ns (DCD - SCD + CPR)
    Destination Clock Delay (DCD):    2.678ns = ( 12.678 - 10.000 ) 
    Source Clock Delay      (SCD):    2.938ns
    Clock Pessimism Removal (CPR):    0.115ns
  Clock Uncertainty:      0.035ns  ((TSJ^2 + TIJ^2)^1/2 + DJ) / 2 + PE
    Total System Jitter     (TSJ):    0.071ns
    Total Input Jitter      (TIJ):    0.000ns
    Discrete Jitter          (DJ):    0.000ns
    Phase Error              (PE):    0.000ns

    Location             Delay type                Incr(ns)  Path(ns)    Netlist Resource(s)
  -------------------------------------------------------------------    -------------------
                         (clock sys_clk_pin rise edge)
                                                      0.000     0.000 r  
    W5                                                0.000     0.000 r  clk (IN)
                         net (fo=0)                   0.000     0.000    clk
    W5                                                                r  clk_IBUF_inst/I
    W5                   IBUF (Prop_ibuf_I_O)         1.458     1.458 r  clk_IBUF_inst/O
                         net (fo=1, unplaced)         0.800     2.258    clk_IBUF
                                                                      r  clk_IBUF_BUFG_inst/I
                         BUFG (Prop_bufg_I_O)         0.096     2.354 r  clk_IBUF_BUFG_inst/O
                         net (fo=31, unplaced)        0.584     2.938    uart_rx_controller_blk/CLK
                         FDRE                                         r  uart_rx_controller_blk/FSM_onehot_state_reg[2]/C
  -------------------------------------------------------------------    -------------------
                         FDRE (Prop_fdre_C_Q)         0.456     3.394 r  uart_rx_controller_blk/FSM_onehot_state_reg[2]/Q
                         net (fo=6, unplaced)         0.773     4.167    uart_rx_controller_blk/out[2]
                                                                      r  uart_rx_controller_blk/edge_cnt[2]_i_2/I1
                         LUT4 (Prop_lut4_I1_O)        0.295     4.462 r  uart_rx_controller_blk/edge_cnt[2]_i_2/O
                         net (fo=11, unplaced)        0.495     4.957    uart_rx_controller_blk/bit_cnt_reg[3]
                                                                      r  uart_rx_controller_blk/bit_cnt[3]_i_1/I5
                         LUT6 (Prop_lut6_I5_O)        0.124     5.081 r  uart_rx_controller_blk/bit_cnt[3]_i_1/O
                         net (fo=4, unplaced)         0.497     5.578    uart_rx_counters_blk/FSM_onehot_state_reg[0]_0[0]
                         FDCE                                         r  uart_rx_counters_blk/bit_cnt_reg[0]/CE
  -------------------------------------------------------------------    -------------------

                         (clock sys_clk_pin rise edge)
                                                     10.000    10.000 r  
    W5                                                0.000    10.000 r  clk (IN)
                         net (fo=0)                   0.000    10.000    clk
    W5                                                                r  clk_IBUF_inst/I
    W5                   IBUF (Prop_ibuf_I_O)         1.388    11.388 r  clk_IBUF_inst/O
                         net (fo=1, unplaced)         0.760    12.148    clk_IBUF
                                                                      r  clk_IBUF_BUFG_inst/I
                         BUFG (Prop_bufg_I_O)         0.091    12.239 r  clk_IBUF_BUFG_inst/O
                         net (fo=31, unplaced)        0.439    12.678    uart_rx_counters_blk/CLK
                         FDCE                                         r  uart_rx_counters_blk/bit_cnt_reg[0]/C
                         clock pessimism              0.115    12.793    
                         clock uncertainty           -0.035    12.758    
                         FDCE (Setup_fdce_C_CE)      -0.202    12.556    uart_rx_counters_blk/bit_cnt_reg[0]
  -------------------------------------------------------------------
                         required time                         12.556    
                         arrival time                          -5.578    
  -------------------------------------------------------------------
                         slack                                  6.978    

Slack (MET) :             6.978ns  (required time - arrival time)
  Source:                 uart_rx_controller_blk/FSM_onehot_state_reg[2]/C
                            (rising edge-triggered cell FDRE clocked by sys_clk_pin  {rise@0.000ns fall@5.000ns period=10.000ns})
  Destination:            uart_rx_counters_blk/bit_cnt_reg[1]/CE
                            (rising edge-triggered cell FDCE clocked by sys_clk_pin  {rise@0.000ns fall@5.000ns period=10.000ns})
  Path Group:             sys_clk_pin
  Path Type:              Setup (Max at Slow Process Corner)
  Requirement:            10.000ns  (sys_clk_pin rise@10.000ns - sys_clk_pin rise@0.000ns)
  Data Path Delay:        2.640ns  (logic 0.875ns (33.144%)  route 1.765ns (66.856%))
  Logic Levels:           2  (LUT4=1 LUT6=1)
  Clock Path Skew:        -0.145ns (DCD - SCD + CPR)
    Destination Clock Delay (DCD):    2.678ns = ( 12.678 - 10.000 ) 
    Source Clock Delay      (SCD):    2.938ns
    Clock Pessimism Removal (CPR):    0.115ns
  Clock Uncertainty:      0.035ns  ((TSJ^2 + TIJ^2)^1/2 + DJ) / 2 + PE
    Total System Jitter     (TSJ):    0.071ns
    Total Input Jitter      (TIJ):    0.000ns
    Discrete Jitter          (DJ):    0.000ns
    Phase Error              (PE):    0.000ns

    Location             Delay type                Incr(ns)  Path(ns)    Netlist Resource(s)
  -------------------------------------------------------------------    -------------------
                         (clock sys_clk_pin rise edge)
                                                      0.000     0.000 r  
    W5                                                0.000     0.000 r  clk (IN)
                         net (fo=0)                   0.000     0.000    clk
    W5                                                                r  clk_IBUF_inst/I
    W5                   IBUF (Prop_ibuf_I_O)         1.458     1.458 r  clk_IBUF_inst/O
                         net (fo=1, unplaced)         0.800     2.258    clk_IBUF
                                                                      r  clk_IBUF_BUFG_inst/I
                         BUFG (Prop_bufg_I_O)         0.096     2.354 r  clk_IBUF_BUFG_inst/O
                         net (fo=31, unplaced)        0.584     2.938    uart_rx_controller_blk/CLK
                         FDRE                                         r  uart_rx_controller_blk/FSM_onehot_state_reg[2]/C
  -------------------------------------------------------------------    -------------------
                         FDRE (Prop_fdre_C_Q)         0.456     3.394 r  uart_rx_controller_blk/FSM_onehot_state_reg[2]/Q
                         net (fo=6, unplaced)         0.773     4.167    uart_rx_controller_blk/out[2]
                                                                      r  uart_rx_controller_blk/edge_cnt[2]_i_2/I1
                         LUT4 (Prop_lut4_I1_O)        0.295     4.462 r  uart_rx_controller_blk/edge_cnt[2]_i_2/O
                         net (fo=11, unplaced)        0.495     4.957    uart_rx_controller_blk/bit_cnt_reg[3]
                                                                      r  uart_rx_controller_blk/bit_cnt[3]_i_1/I5
                         LUT6 (Prop_lut6_I5_O)        0.124     5.081 r  uart_rx_controller_blk/bit_cnt[3]_i_1/O
                         net (fo=4, unplaced)         0.497     5.578    uart_rx_counters_blk/FSM_onehot_state_reg[0]_0[0]
                         FDCE                                         r  uart_rx_counters_blk/bit_cnt_reg[1]/CE
  -------------------------------------------------------------------    -------------------

                         (clock sys_clk_pin rise edge)
                                                     10.000    10.000 r  
    W5                                                0.000    10.000 r  clk (IN)
                         net (fo=0)                   0.000    10.000    clk
    W5                                                                r  clk_IBUF_inst/I
    W5                   IBUF (Prop_ibuf_I_O)         1.388    11.388 r  clk_IBUF_inst/O
                         net (fo=1, unplaced)         0.760    12.148    clk_IBUF
                                                                      r  clk_IBUF_BUFG_inst/I
                         BUFG (Prop_bufg_I_O)         0.091    12.239 r  clk_IBUF_BUFG_inst/O
                         net (fo=31, unplaced)        0.439    12.678    uart_rx_counters_blk/CLK
                         FDCE                                         r  uart_rx_counters_blk/bit_cnt_reg[1]/C
                         clock pessimism              0.115    12.793    
                         clock uncertainty           -0.035    12.758    
                         FDCE (Setup_fdce_C_CE)      -0.202    12.556    uart_rx_counters_blk/bit_cnt_reg[1]
  -------------------------------------------------------------------
                         required time                         12.556    
                         arrival time                          -5.578    
  -------------------------------------------------------------------
                         slack                                  6.978    

Slack (MET) :             6.978ns  (required time - arrival time)
  Source:                 uart_rx_controller_blk/FSM_onehot_state_reg[2]/C
                            (rising edge-triggered cell FDRE clocked by sys_clk_pin  {rise@0.000ns fall@5.000ns period=10.000ns})
  Destination:            uart_rx_counters_blk/bit_cnt_reg[2]/CE
                            (rising edge-triggered cell FDCE clocked by sys_clk_pin  {rise@0.000ns fall@5.000ns period=10.000ns})
  Path Group:             sys_clk_pin
  Path Type:              Setup (Max at Slow Process Corner)
  Requirement:            10.000ns  (sys_clk_pin rise@10.000ns - sys_clk_pin rise@0.000ns)
  Data Path Delay:        2.640ns  (logic 0.875ns (33.144%)  route 1.765ns (66.856%))
  Logic Levels:           2  (LUT4=1 LUT6=1)
  Clock Path Skew:        -0.145ns (DCD - SCD + CPR)
    Destination Clock Delay (DCD):    2.678ns = ( 12.678 - 10.000 ) 
    Source Clock Delay      (SCD):    2.938ns
    Clock Pessimism Removal (CPR):    0.115ns
  Clock Uncertainty:      0.035ns  ((TSJ^2 + TIJ^2)^1/2 + DJ) / 2 + PE
    Total System Jitter     (TSJ):    0.071ns
    Total Input Jitter      (TIJ):    0.000ns
    Discrete Jitter          (DJ):    0.000ns
    Phase Error              (PE):    0.000ns

    Location             Delay type                Incr(ns)  Path(ns)    Netlist Resource(s)
  -------------------------------------------------------------------    -------------------
                         (clock sys_clk_pin rise edge)
                                                      0.000     0.000 r  
    W5                                                0.000     0.000 r  clk (IN)
                         net (fo=0)                   0.000     0.000    clk
    W5                                                                r  clk_IBUF_inst/I
    W5                   IBUF (Prop_ibuf_I_O)         1.458     1.458 r  clk_IBUF_inst/O
                         net (fo=1, unplaced)         0.800     2.258    clk_IBUF
                                                                      r  clk_IBUF_BUFG_inst/I
                         BUFG (Prop_bufg_I_O)         0.096     2.354 r  clk_IBUF_BUFG_inst/O
                         net (fo=31, unplaced)        0.584     2.938    uart_rx_controller_blk/CLK
                         FDRE                                         r  uart_rx_controller_blk/FSM_onehot_state_reg[2]/C
  -------------------------------------------------------------------    -------------------
                         FDRE (Prop_fdre_C_Q)         0.456     3.394 r  uart_rx_controller_blk/FSM_onehot_state_reg[2]/Q
                         net (fo=6, unplaced)         0.773     4.167    uart_rx_controller_blk/out[2]
                                                                      r  uart_rx_controller_blk/edge_cnt[2]_i_2/I1
                         LUT4 (Prop_lut4_I1_O)        0.295     4.462 r  uart_rx_controller_blk/edge_cnt[2]_i_2/O
                         net (fo=11, unplaced)        0.495     4.957    uart_rx_controller_blk/bit_cnt_reg[3]
                                                                      r  uart_rx_controller_blk/bit_cnt[3]_i_1/I5
                         LUT6 (Prop_lut6_I5_O)        0.124     5.081 r  uart_rx_controller_blk/bit_cnt[3]_i_1/O
                         net (fo=4, unplaced)         0.497     5.578    uart_rx_counters_blk/FSM_onehot_state_reg[0]_0[0]
                         FDCE                                         r  uart_rx_counters_blk/bit_cnt_reg[2]/CE
  -------------------------------------------------------------------    -------------------

                         (clock sys_clk_pin rise edge)
                                                     10.000    10.000 r  
    W5                                                0.000    10.000 r  clk (IN)
                         net (fo=0)                   0.000    10.000    clk
    W5                                                                r  clk_IBUF_inst/I
    W5                   IBUF (Prop_ibuf_I_O)         1.388    11.388 r  clk_IBUF_inst/O
                         net (fo=1, unplaced)         0.760    12.148    clk_IBUF
                                                                      r  clk_IBUF_BUFG_inst/I
                         BUFG (Prop_bufg_I_O)         0.091    12.239 r  clk_IBUF_BUFG_inst/O
                         net (fo=31, unplaced)        0.439    12.678    uart_rx_counters_blk/CLK
                         FDCE                                         r  uart_rx_counters_blk/bit_cnt_reg[2]/C
                         clock pessimism              0.115    12.793    
                         clock uncertainty           -0.035    12.758    
                         FDCE (Setup_fdce_C_CE)      -0.202    12.556    uart_rx_counters_blk/bit_cnt_reg[2]
  -------------------------------------------------------------------
                         required time                         12.556    
                         arrival time                          -5.578    
  -------------------------------------------------------------------
                         slack                                  6.978    

Slack (MET) :             6.978ns  (required time - arrival time)
  Source:                 uart_rx_controller_blk/FSM_onehot_state_reg[2]/C
                            (rising edge-triggered cell FDRE clocked by sys_clk_pin  {rise@0.000ns fall@5.000ns period=10.000ns})
  Destination:            uart_rx_counters_blk/bit_cnt_reg[3]/CE
                            (rising edge-triggered cell FDCE clocked by sys_clk_pin  {rise@0.000ns fall@5.000ns period=10.000ns})
  Path Group:             sys_clk_pin
  Path Type:              Setup (Max at Slow Process Corner)
  Requirement:            10.000ns  (sys_clk_pin rise@10.000ns - sys_clk_pin rise@0.000ns)
  Data Path Delay:        2.640ns  (logic 0.875ns (33.144%)  route 1.765ns (66.856%))
  Logic Levels:           2  (LUT4=1 LUT6=1)
  Clock Path Skew:        -0.145ns (DCD - SCD + CPR)
    Destination Clock Delay (DCD):    2.678ns = ( 12.678 - 10.000 ) 
    Source Clock Delay      (SCD):    2.938ns
    Clock Pessimism Removal (CPR):    0.115ns
  Clock Uncertainty:      0.035ns  ((TSJ^2 + TIJ^2)^1/2 + DJ) / 2 + PE
    Total System Jitter     (TSJ):    0.071ns
    Total Input Jitter      (TIJ):    0.000ns
    Discrete Jitter          (DJ):    0.000ns
    Phase Error              (PE):    0.000ns

    Location             Delay type                Incr(ns)  Path(ns)    Netlist Resource(s)
  -------------------------------------------------------------------    -------------------
                         (clock sys_clk_pin rise edge)
                                                      0.000     0.000 r  
    W5                                                0.000     0.000 r  clk (IN)
                         net (fo=0)                   0.000     0.000    clk
    W5                                                                r  clk_IBUF_inst/I
    W5                   IBUF (Prop_ibuf_I_O)         1.458     1.458 r  clk_IBUF_inst/O
                         net (fo=1, unplaced)         0.800     2.258    clk_IBUF
                                                                      r  clk_IBUF_BUFG_inst/I
                         BUFG (Prop_bufg_I_O)         0.096     2.354 r  clk_IBUF_BUFG_inst/O
                         net (fo=31, unplaced)        0.584     2.938    uart_rx_controller_blk/CLK
                         FDRE                                         r  uart_rx_controller_blk/FSM_onehot_state_reg[2]/C
  -------------------------------------------------------------------    -------------------
                         FDRE (Prop_fdre_C_Q)         0.456     3.394 r  uart_rx_controller_blk/FSM_onehot_state_reg[2]/Q
                         net (fo=6, unplaced)         0.773     4.167    uart_rx_controller_blk/out[2]
                                                                      r  uart_rx_controller_blk/edge_cnt[2]_i_2/I1
                         LUT4 (Prop_lut4_I1_O)        0.295     4.462 r  uart_rx_controller_blk/edge_cnt[2]_i_2/O
                         net (fo=11, unplaced)        0.495     4.957    uart_rx_controller_blk/bit_cnt_reg[3]
                                                                      r  uart_rx_controller_blk/bit_cnt[3]_i_1/I5
                         LUT6 (Prop_lut6_I5_O)        0.124     5.081 r  uart_rx_controller_blk/bit_cnt[3]_i_1/O
                         net (fo=4, unplaced)         0.497     5.578    uart_rx_counters_blk/FSM_onehot_state_reg[0]_0[0]
                         FDCE                                         r  uart_rx_counters_blk/bit_cnt_reg[3]/CE
  -------------------------------------------------------------------    -------------------

                         (clock sys_clk_pin rise edge)
                                                     10.000    10.000 r  
    W5                                                0.000    10.000 r  clk (IN)
                         net (fo=0)                   0.000    10.000    clk
    W5                                                                r  clk_IBUF_inst/I
    W5                   IBUF (Prop_ibuf_I_O)         1.388    11.388 r  clk_IBUF_inst/O
                         net (fo=1, unplaced)         0.760    12.148    clk_IBUF
                                                                      r  clk_IBUF_BUFG_inst/I
                         BUFG (Prop_bufg_I_O)         0.091    12.239 r  clk_IBUF_BUFG_inst/O
                         net (fo=31, unplaced)        0.439    12.678    uart_rx_counters_blk/CLK
                         FDCE                                         r  uart_rx_counters_blk/bit_cnt_reg[3]/C
                         clock pessimism              0.115    12.793    
                         clock uncertainty           -0.035    12.758    
                         FDCE (Setup_fdce_C_CE)      -0.202    12.556    uart_rx_counters_blk/bit_cnt_reg[3]
  -------------------------------------------------------------------
                         required time                         12.556    
                         arrival time                          -5.578    
  -------------------------------------------------------------------
                         slack                                  6.978    

Slack (MET) :             7.002ns  (required time - arrival time)
  Source:                 uart_rx_controller_blk/FSM_onehot_state_reg[2]/C
                            (rising edge-triggered cell FDRE clocked by sys_clk_pin  {rise@0.000ns fall@5.000ns period=10.000ns})
  Destination:            uart_rx_data_sampling_blk/three_samps_data_reg[0]/CE
                            (rising edge-triggered cell FDCE clocked by sys_clk_pin  {rise@0.000ns fall@5.000ns period=10.000ns})
  Path Group:             sys_clk_pin
  Path Type:              Setup (Max at Slow Process Corner)
  Requirement:            10.000ns  (sys_clk_pin rise@10.000ns - sys_clk_pin rise@0.000ns)
  Data Path Delay:        2.616ns  (logic 0.875ns (33.448%)  route 1.741ns (66.552%))
  Logic Levels:           2  (LUT4=2)
  Clock Path Skew:        -0.145ns (DCD - SCD + CPR)
    Destination Clock Delay (DCD):    2.678ns = ( 12.678 - 10.000 ) 
    Source Clock Delay      (SCD):    2.938ns
    Clock Pessimism Removal (CPR):    0.115ns
  Clock Uncertainty:      0.035ns  ((TSJ^2 + TIJ^2)^1/2 + DJ) / 2 + PE
    Total System Jitter     (TSJ):    0.071ns
    Total Input Jitter      (TIJ):    0.000ns
    Discrete Jitter          (DJ):    0.000ns
    Phase Error              (PE):    0.000ns

    Location             Delay type                Incr(ns)  Path(ns)    Netlist Resource(s)
  -------------------------------------------------------------------    -------------------
                         (clock sys_clk_pin rise edge)
                                                      0.000     0.000 r  
    W5                                                0.000     0.000 r  clk (IN)
                         net (fo=0)                   0.000     0.000    clk
    W5                                                                r  clk_IBUF_inst/I
    W5                   IBUF (Prop_ibuf_I_O)         1.458     1.458 r  clk_IBUF_inst/O
                         net (fo=1, unplaced)         0.800     2.258    clk_IBUF
                                                                      r  clk_IBUF_BUFG_inst/I
                         BUFG (Prop_bufg_I_O)         0.096     2.354 r  clk_IBUF_BUFG_inst/O
                         net (fo=31, unplaced)        0.584     2.938    uart_rx_controller_blk/CLK
                         FDRE                                         r  uart_rx_controller_blk/FSM_onehot_state_reg[2]/C
  -------------------------------------------------------------------    -------------------
                         FDRE (Prop_fdre_C_Q)         0.456     3.394 r  uart_rx_controller_blk/FSM_onehot_state_reg[2]/Q
                         net (fo=6, unplaced)         0.773     4.167    uart_rx_controller_blk/out[2]
                                                                      r  uart_rx_controller_blk/edge_cnt[2]_i_2/I1
                         LUT4 (Prop_lut4_I1_O)        0.295     4.462 r  uart_rx_controller_blk/edge_cnt[2]_i_2/O
                         net (fo=11, unplaced)        0.495     4.957    uart_rx_counters_blk/FSM_onehot_state_reg[1]
                                                                      r  uart_rx_counters_blk/three_samps_data[0]_i_1/I0
                         LUT4 (Prop_lut4_I0_O)        0.124     5.081 r  uart_rx_counters_blk/three_samps_data[0]_i_1/O
                         net (fo=1, unplaced)         0.473     5.554    uart_rx_data_sampling_blk/E[0]
                         FDCE                                         r  uart_rx_data_sampling_blk/three_samps_data_reg[0]/CE
  -------------------------------------------------------------------    -------------------

                         (clock sys_clk_pin rise edge)
                                                     10.000    10.000 r  
    W5                                                0.000    10.000 r  clk (IN)
                         net (fo=0)                   0.000    10.000    clk
    W5                                                                r  clk_IBUF_inst/I
    W5                   IBUF (Prop_ibuf_I_O)         1.388    11.388 r  clk_IBUF_inst/O
                         net (fo=1, unplaced)         0.760    12.148    clk_IBUF
                                                                      r  clk_IBUF_BUFG_inst/I
                         BUFG (Prop_bufg_I_O)         0.091    12.239 r  clk_IBUF_BUFG_inst/O
                         net (fo=31, unplaced)        0.439    12.678    uart_rx_data_sampling_blk/CLK
                         FDCE                                         r  uart_rx_data_sampling_blk/three_samps_data_reg[0]/C
                         clock pessimism              0.115    12.793    
                         clock uncertainty           -0.035    12.758    
                         FDCE (Setup_fdce_C_CE)      -0.202    12.556    uart_rx_data_sampling_blk/three_samps_data_reg[0]
  -------------------------------------------------------------------
                         required time                         12.556    
                         arrival time                          -5.554    
  -------------------------------------------------------------------
                         slack                                  7.002    

Slack (MET) :             7.002ns  (required time - arrival time)
  Source:                 uart_rx_controller_blk/FSM_onehot_state_reg[2]/C
                            (rising edge-triggered cell FDRE clocked by sys_clk_pin  {rise@0.000ns fall@5.000ns period=10.000ns})
  Destination:            uart_rx_data_sampling_blk/three_samps_data_reg[1]/CE
                            (rising edge-triggered cell FDCE clocked by sys_clk_pin  {rise@0.000ns fall@5.000ns period=10.000ns})
  Path Group:             sys_clk_pin
  Path Type:              Setup (Max at Slow Process Corner)
  Requirement:            10.000ns  (sys_clk_pin rise@10.000ns - sys_clk_pin rise@0.000ns)
  Data Path Delay:        2.616ns  (logic 0.875ns (33.448%)  route 1.741ns (66.552%))
  Logic Levels:           2  (LUT4=2)
  Clock Path Skew:        -0.145ns (DCD - SCD + CPR)
    Destination Clock Delay (DCD):    2.678ns = ( 12.678 - 10.000 ) 
    Source Clock Delay      (SCD):    2.938ns
    Clock Pessimism Removal (CPR):    0.115ns
  Clock Uncertainty:      0.035ns  ((TSJ^2 + TIJ^2)^1/2 + DJ) / 2 + PE
    Total System Jitter     (TSJ):    0.071ns
    Total Input Jitter      (TIJ):    0.000ns
    Discrete Jitter          (DJ):    0.000ns
    Phase Error              (PE):    0.000ns

    Location             Delay type                Incr(ns)  Path(ns)    Netlist Resource(s)
  -------------------------------------------------------------------    -------------------
                         (clock sys_clk_pin rise edge)
                                                      0.000     0.000 r  
    W5                                                0.000     0.000 r  clk (IN)
                         net (fo=0)                   0.000     0.000    clk
    W5                                                                r  clk_IBUF_inst/I
    W5                   IBUF (Prop_ibuf_I_O)         1.458     1.458 r  clk_IBUF_inst/O
                         net (fo=1, unplaced)         0.800     2.258    clk_IBUF
                                                                      r  clk_IBUF_BUFG_inst/I
                         BUFG (Prop_bufg_I_O)         0.096     2.354 r  clk_IBUF_BUFG_inst/O
                         net (fo=31, unplaced)        0.584     2.938    uart_rx_controller_blk/CLK
                         FDRE                                         r  uart_rx_controller_blk/FSM_onehot_state_reg[2]/C
  -------------------------------------------------------------------    -------------------
                         FDRE (Prop_fdre_C_Q)         0.456     3.394 r  uart_rx_controller_blk/FSM_onehot_state_reg[2]/Q
                         net (fo=6, unplaced)         0.773     4.167    uart_rx_controller_blk/out[2]
                                                                      r  uart_rx_controller_blk/edge_cnt[2]_i_2/I1
                         LUT4 (Prop_lut4_I1_O)        0.295     4.462 r  uart_rx_controller_blk/edge_cnt[2]_i_2/O
                         net (fo=11, unplaced)        0.495     4.957    uart_rx_counters_blk/FSM_onehot_state_reg[1]
                                                                      r  uart_rx_counters_blk/three_samps_data[1]_i_1/I0
                         LUT4 (Prop_lut4_I0_O)        0.124     5.081 r  uart_rx_counters_blk/three_samps_data[1]_i_1/O
                         net (fo=1, unplaced)         0.473     5.554    uart_rx_data_sampling_blk/E[1]
                         FDCE                                         r  uart_rx_data_sampling_blk/three_samps_data_reg[1]/CE
  -------------------------------------------------------------------    -------------------

                         (clock sys_clk_pin rise edge)
                                                     10.000    10.000 r  
    W5                                                0.000    10.000 r  clk (IN)
                         net (fo=0)                   0.000    10.000    clk
    W5                                                                r  clk_IBUF_inst/I
    W5                   IBUF (Prop_ibuf_I_O)         1.388    11.388 r  clk_IBUF_inst/O
                         net (fo=1, unplaced)         0.760    12.148    clk_IBUF
                                                                      r  clk_IBUF_BUFG_inst/I
                         BUFG (Prop_bufg_I_O)         0.091    12.239 r  clk_IBUF_BUFG_inst/O
                         net (fo=31, unplaced)        0.439    12.678    uart_rx_data_sampling_blk/CLK
                         FDCE                                         r  uart_rx_data_sampling_blk/three_samps_data_reg[1]/C
                         clock pessimism              0.115    12.793    
                         clock uncertainty           -0.035    12.758    
                         FDCE (Setup_fdce_C_CE)      -0.202    12.556    uart_rx_data_sampling_blk/three_samps_data_reg[1]
  -------------------------------------------------------------------
                         required time                         12.556    
                         arrival time                          -5.554    
  -------------------------------------------------------------------
                         slack                                  7.002    

Slack (MET) :             7.002ns  (required time - arrival time)
  Source:                 uart_rx_controller_blk/FSM_onehot_state_reg[2]/C
                            (rising edge-triggered cell FDRE clocked by sys_clk_pin  {rise@0.000ns fall@5.000ns period=10.000ns})
  Destination:            uart_rx_data_sampling_blk/three_samps_data_reg[2]/CE
                            (rising edge-triggered cell FDCE clocked by sys_clk_pin  {rise@0.000ns fall@5.000ns period=10.000ns})
  Path Group:             sys_clk_pin
  Path Type:              Setup (Max at Slow Process Corner)
  Requirement:            10.000ns  (sys_clk_pin rise@10.000ns - sys_clk_pin rise@0.000ns)
  Data Path Delay:        2.616ns  (logic 0.875ns (33.448%)  route 1.741ns (66.552%))
  Logic Levels:           2  (LUT4=2)
  Clock Path Skew:        -0.145ns (DCD - SCD + CPR)
    Destination Clock Delay (DCD):    2.678ns = ( 12.678 - 10.000 ) 
    Source Clock Delay      (SCD):    2.938ns
    Clock Pessimism Removal (CPR):    0.115ns
  Clock Uncertainty:      0.035ns  ((TSJ^2 + TIJ^2)^1/2 + DJ) / 2 + PE
    Total System Jitter     (TSJ):    0.071ns
    Total Input Jitter      (TIJ):    0.000ns
    Discrete Jitter          (DJ):    0.000ns
    Phase Error              (PE):    0.000ns

    Location             Delay type                Incr(ns)  Path(ns)    Netlist Resource(s)
  -------------------------------------------------------------------    -------------------
                         (clock sys_clk_pin rise edge)
                                                      0.000     0.000 r  
    W5                                                0.000     0.000 r  clk (IN)
                         net (fo=0)                   0.000     0.000    clk
    W5                                                                r  clk_IBUF_inst/I
    W5                   IBUF (Prop_ibuf_I_O)         1.458     1.458 r  clk_IBUF_inst/O
                         net (fo=1, unplaced)         0.800     2.258    clk_IBUF
                                                                      r  clk_IBUF_BUFG_inst/I
                         BUFG (Prop_bufg_I_O)         0.096     2.354 r  clk_IBUF_BUFG_inst/O
                         net (fo=31, unplaced)        0.584     2.938    uart_rx_controller_blk/CLK
                         FDRE                                         r  uart_rx_controller_blk/FSM_onehot_state_reg[2]/C
  -------------------------------------------------------------------    -------------------
                         FDRE (Prop_fdre_C_Q)         0.456     3.394 r  uart_rx_controller_blk/FSM_onehot_state_reg[2]/Q
                         net (fo=6, unplaced)         0.773     4.167    uart_rx_controller_blk/out[2]
                                                                      r  uart_rx_controller_blk/edge_cnt[2]_i_2/I1
                         LUT4 (Prop_lut4_I1_O)        0.295     4.462 r  uart_rx_controller_blk/edge_cnt[2]_i_2/O
                         net (fo=11, unplaced)        0.495     4.957    uart_rx_counters_blk/FSM_onehot_state_reg[1]
                                                                      r  uart_rx_counters_blk/three_samps_data[2]_i_1/I0
                         LUT4 (Prop_lut4_I0_O)        0.124     5.081 r  uart_rx_counters_blk/three_samps_data[2]_i_1/O
                         net (fo=1, unplaced)         0.473     5.554    uart_rx_data_sampling_blk/E[2]
                         FDCE                                         r  uart_rx_data_sampling_blk/three_samps_data_reg[2]/CE
  -------------------------------------------------------------------    -------------------

                         (clock sys_clk_pin rise edge)
                                                     10.000    10.000 r  
    W5                                                0.000    10.000 r  clk (IN)
                         net (fo=0)                   0.000    10.000    clk
    W5                                                                r  clk_IBUF_inst/I
    W5                   IBUF (Prop_ibuf_I_O)         1.388    11.388 r  clk_IBUF_inst/O
                         net (fo=1, unplaced)         0.760    12.148    clk_IBUF
                                                                      r  clk_IBUF_BUFG_inst/I
                         BUFG (Prop_bufg_I_O)         0.091    12.239 r  clk_IBUF_BUFG_inst/O
                         net (fo=31, unplaced)        0.439    12.678    uart_rx_data_sampling_blk/CLK
                         FDCE                                         r  uart_rx_data_sampling_blk/three_samps_data_reg[2]/C
                         clock pessimism              0.115    12.793    
                         clock uncertainty           -0.035    12.758    
                         FDCE (Setup_fdce_C_CE)      -0.202    12.556    uart_rx_data_sampling_blk/three_samps_data_reg[2]
  -------------------------------------------------------------------
                         required time                         12.556    
                         arrival time                          -5.554    
  -------------------------------------------------------------------
                         slack                                  7.002    

Slack (MET) :             7.040ns  (required time - arrival time)
  Source:                 uart_rx_counters_blk/edge_cnt_reg[2]/C
                            (rising edge-triggered cell FDCE clocked by sys_clk_pin  {rise@0.000ns fall@5.000ns period=10.000ns})
  Destination:            uart_rx_controller_blk/FSM_onehot_state_reg[0]/D
                            (rising edge-triggered cell FDSE clocked by sys_clk_pin  {rise@0.000ns fall@5.000ns period=10.000ns})
  Path Group:             sys_clk_pin
  Path Type:              Setup (Max at Slow Process Corner)
  Requirement:            10.000ns  (sys_clk_pin rise@10.000ns - sys_clk_pin rise@0.000ns)
  Data Path Delay:        2.809ns  (logic 0.875ns (31.150%)  route 1.934ns (68.850%))
  Logic Levels:           2  (LUT3=1 LUT6=1)
  Clock Path Skew:        -0.145ns (DCD - SCD + CPR)
    Destination Clock Delay (DCD):    2.678ns = ( 12.678 - 10.000 ) 
    Source Clock Delay      (SCD):    2.938ns
    Clock Pessimism Removal (CPR):    0.115ns
  Clock Uncertainty:      0.035ns  ((TSJ^2 + TIJ^2)^1/2 + DJ) / 2 + PE
    Total System Jitter     (TSJ):    0.071ns
    Total Input Jitter      (TIJ):    0.000ns
    Discrete Jitter          (DJ):    0.000ns
    Phase Error              (PE):    0.000ns

    Location             Delay type                Incr(ns)  Path(ns)    Netlist Resource(s)
  -------------------------------------------------------------------    -------------------
                         (clock sys_clk_pin rise edge)
                                                      0.000     0.000 r  
    W5                                                0.000     0.000 r  clk (IN)
                         net (fo=0)                   0.000     0.000    clk
    W5                                                                r  clk_IBUF_inst/I
    W5                   IBUF (Prop_ibuf_I_O)         1.458     1.458 r  clk_IBUF_inst/O
                         net (fo=1, unplaced)         0.800     2.258    clk_IBUF
                                                                      r  clk_IBUF_BUFG_inst/I
                         BUFG (Prop_bufg_I_O)         0.096     2.354 r  clk_IBUF_BUFG_inst/O
                         net (fo=31, unplaced)        0.584     2.938    uart_rx_counters_blk/CLK
                         FDCE                                         r  uart_rx_counters_blk/edge_cnt_reg[2]/C
  -------------------------------------------------------------------    -------------------
                         FDCE (Prop_fdce_C_Q)         0.456     3.394 f  uart_rx_counters_blk/edge_cnt_reg[2]/Q
                         net (fo=13, unplaced)        0.791     4.185    uart_rx_counters_blk/edge_cnt_top[2]
                                                                      f  uart_rx_counters_blk/FSM_onehot_state[5]_i_7/I0
                         LUT3 (Prop_lut3_I0_O)        0.295     4.480 r  uart_rx_counters_blk/FSM_onehot_state[5]_i_7/O
                         net (fo=6, unplaced)         1.143     5.623    uart_rx_counters_blk/FSM_onehot_state[5]_i_7_n_0
                                                                      r  uart_rx_counters_blk/FSM_onehot_state[0]_i_1/I1
                         LUT6 (Prop_lut6_I1_O)        0.124     5.747 r  uart_rx_counters_blk/FSM_onehot_state[0]_i_1/O
                         net (fo=1, unplaced)         0.000     5.747    uart_rx_controller_blk/FSM_onehot_state_reg[5]_0[0]
                         FDSE                                         r  uart_rx_controller_blk/FSM_onehot_state_reg[0]/D
  -------------------------------------------------------------------    -------------------

                         (clock sys_clk_pin rise edge)
                                                     10.000    10.000 r  
    W5                                                0.000    10.000 r  clk (IN)
                         net (fo=0)                   0.000    10.000    clk
    W5                                                                r  clk_IBUF_inst/I
    W5                   IBUF (Prop_ibuf_I_O)         1.388    11.388 r  clk_IBUF_inst/O
                         net (fo=1, unplaced)         0.760    12.148    clk_IBUF
                                                                      r  clk_IBUF_BUFG_inst/I
                         BUFG (Prop_bufg_I_O)         0.091    12.239 r  clk_IBUF_BUFG_inst/O
                         net (fo=31, unplaced)        0.439    12.678    uart_rx_controller_blk/CLK
                         FDSE                                         r  uart_rx_controller_blk/FSM_onehot_state_reg[0]/C
                         clock pessimism              0.115    12.793    
                         clock uncertainty           -0.035    12.758    
                         FDSE (Setup_fdse_C_D)        0.029    12.787    uart_rx_controller_blk/FSM_onehot_state_reg[0]
  -------------------------------------------------------------------
                         required time                         12.787    
                         arrival time                          -5.747    
  -------------------------------------------------------------------
                         slack                                  7.040    

Slack (MET) :             7.046ns  (required time - arrival time)
  Source:                 uart_rx_counters_blk/edge_cnt_reg[2]/C
                            (rising edge-triggered cell FDCE clocked by sys_clk_pin  {rise@0.000ns fall@5.000ns period=10.000ns})
  Destination:            uart_rx_controller_blk/FSM_onehot_state_reg[3]/D
                            (rising edge-triggered cell FDRE clocked by sys_clk_pin  {rise@0.000ns fall@5.000ns period=10.000ns})
  Path Group:             sys_clk_pin
  Path Type:              Setup (Max at Slow Process Corner)
  Requirement:            10.000ns  (sys_clk_pin rise@10.000ns - sys_clk_pin rise@0.000ns)
  Data Path Delay:        2.803ns  (logic 0.875ns (31.217%)  route 1.928ns (68.783%))
  Logic Levels:           2  (LUT6=2)
  Clock Path Skew:        -0.145ns (DCD - SCD + CPR)
    Destination Clock Delay (DCD):    2.678ns = ( 12.678 - 10.000 ) 
    Source Clock Delay      (SCD):    2.938ns
    Clock Pessimism Removal (CPR):    0.115ns
  Clock Uncertainty:      0.035ns  ((TSJ^2 + TIJ^2)^1/2 + DJ) / 2 + PE
    Total System Jitter     (TSJ):    0.071ns
    Total Input Jitter      (TIJ):    0.000ns
    Discrete Jitter          (DJ):    0.000ns
    Phase Error              (PE):    0.000ns

    Location             Delay type                Incr(ns)  Path(ns)    Netlist Resource(s)
  -------------------------------------------------------------------    -------------------
                         (clock sys_clk_pin rise edge)
                                                      0.000     0.000 r  
    W5                                                0.000     0.000 r  clk (IN)
                         net (fo=0)                   0.000     0.000    clk
    W5                                                                r  clk_IBUF_inst/I
    W5                   IBUF (Prop_ibuf_I_O)         1.458     1.458 r  clk_IBUF_inst/O
                         net (fo=1, unplaced)         0.800     2.258    clk_IBUF
                                                                      r  clk_IBUF_BUFG_inst/I
                         BUFG (Prop_bufg_I_O)         0.096     2.354 r  clk_IBUF_BUFG_inst/O
                         net (fo=31, unplaced)        0.584     2.938    uart_rx_counters_blk/CLK
                         FDCE                                         r  uart_rx_counters_blk/edge_cnt_reg[2]/C
  -------------------------------------------------------------------    -------------------
                         FDCE (Prop_fdce_C_Q)         0.456     3.394 f  uart_rx_counters_blk/edge_cnt_reg[2]/Q
                         net (fo=13, unplaced)        1.015     4.409    uart_rx_counters_blk/edge_cnt_top[2]
                                                                      f  uart_rx_counters_blk/FSM_onehot_state[3]_i_3/I0
                         LUT6 (Prop_lut6_I0_O)        0.295     4.704 f  uart_rx_counters_blk/FSM_onehot_state[3]_i_3/O
                         net (fo=2, unplaced)         0.913     5.617    uart_rx_counters_blk/FSM_onehot_state[3]_i_3_n_0
                                                                      f  uart_rx_counters_blk/FSM_onehot_state[3]_i_1/I2
                         LUT6 (Prop_lut6_I2_O)        0.124     5.741 r  uart_rx_counters_blk/FSM_onehot_state[3]_i_1/O
                         net (fo=1, unplaced)         0.000     5.741    uart_rx_controller_blk/FSM_onehot_state_reg[5]_0[3]
                         FDRE                                         r  uart_rx_controller_blk/FSM_onehot_state_reg[3]/D
  -------------------------------------------------------------------    -------------------

                         (clock sys_clk_pin rise edge)
                                                     10.000    10.000 r  
    W5                                                0.000    10.000 r  clk (IN)
                         net (fo=0)                   0.000    10.000    clk
    W5                                                                r  clk_IBUF_inst/I
    W5                   IBUF (Prop_ibuf_I_O)         1.388    11.388 r  clk_IBUF_inst/O
                         net (fo=1, unplaced)         0.760    12.148    clk_IBUF
                                                                      r  clk_IBUF_BUFG_inst/I
                         BUFG (Prop_bufg_I_O)         0.091    12.239 r  clk_IBUF_BUFG_inst/O
                         net (fo=31, unplaced)        0.439    12.678    uart_rx_controller_blk/CLK
                         FDRE                                         r  uart_rx_controller_blk/FSM_onehot_state_reg[3]/C
                         clock pessimism              0.115    12.793    
                         clock uncertainty           -0.035    12.758    
                         FDRE (Setup_fdre_C_D)        0.029    12.787    uart_rx_controller_blk/FSM_onehot_state_reg[3]
  -------------------------------------------------------------------
                         required time                         12.787    
                         arrival time                          -5.741    
  -------------------------------------------------------------------
                         slack                                  7.046    

Slack (MET) :             7.078ns  (required time - arrival time)
  Source:                 uart_rx_counters_blk/data_valid_cnt_reg[2]/C
                            (rising edge-triggered cell FDCE clocked by sys_clk_pin  {rise@0.000ns fall@5.000ns period=10.000ns})
  Destination:            uart_rx_controller_blk/FSM_onehot_state_reg[5]/D
                            (rising edge-triggered cell FDRE clocked by sys_clk_pin  {rise@0.000ns fall@5.000ns period=10.000ns})
  Path Group:             sys_clk_pin
  Path Type:              Setup (Max at Slow Process Corner)
  Requirement:            10.000ns  (sys_clk_pin rise@10.000ns - sys_clk_pin rise@0.000ns)
  Data Path Delay:        2.771ns  (logic 0.901ns (32.515%)  route 1.870ns (67.485%))
  Logic Levels:           2  (LUT3=1 LUT6=1)
  Clock Path Skew:        -0.145ns (DCD - SCD + CPR)
    Destination Clock Delay (DCD):    2.678ns = ( 12.678 - 10.000 ) 
    Source Clock Delay      (SCD):    2.938ns
    Clock Pessimism Removal (CPR):    0.115ns
  Clock Uncertainty:      0.035ns  ((TSJ^2 + TIJ^2)^1/2 + DJ) / 2 + PE
    Total System Jitter     (TSJ):    0.071ns
    Total Input Jitter      (TIJ):    0.000ns
    Discrete Jitter          (DJ):    0.000ns
    Phase Error              (PE):    0.000ns

    Location             Delay type                Incr(ns)  Path(ns)    Netlist Resource(s)
  -------------------------------------------------------------------    -------------------
                         (clock sys_clk_pin rise edge)
                                                      0.000     0.000 r  
    W5                                                0.000     0.000 r  clk (IN)
                         net (fo=0)                   0.000     0.000    clk
    W5                                                                r  clk_IBUF_inst/I
    W5                   IBUF (Prop_ibuf_I_O)         1.458     1.458 r  clk_IBUF_inst/O
                         net (fo=1, unplaced)         0.800     2.258    clk_IBUF
                                                                      r  clk_IBUF_BUFG_inst/I
                         BUFG (Prop_bufg_I_O)         0.096     2.354 r  clk_IBUF_BUFG_inst/O
                         net (fo=31, unplaced)        0.584     2.938    uart_rx_counters_blk/CLK
                         FDCE                                         r  uart_rx_counters_blk/data_valid_cnt_reg[2]/C
  -------------------------------------------------------------------    -------------------
                         FDCE (Prop_fdce_C_Q)         0.456     3.394 f  uart_rx_counters_blk/data_valid_cnt_reg[2]/Q
                         net (fo=3, unplaced)         0.759     4.153    uart_rx_counters_blk/data_valid_cnt_top[2]
                                                                      f  uart_rx_counters_blk/FSM_onehot_state[5]_i_3/I0
                         LUT3 (Prop_lut3_I0_O)        0.321     4.474 r  uart_rx_counters_blk/FSM_onehot_state[5]_i_3/O
                         net (fo=1, unplaced)         1.111     5.585    uart_rx_counters_blk/FSM_onehot_state[5]_i_3_n_0
                                                                      r  uart_rx_counters_blk/FSM_onehot_state[5]_i_2/I0
                         LUT6 (Prop_lut6_I0_O)        0.124     5.709 r  uart_rx_counters_blk/FSM_onehot_state[5]_i_2/O
                         net (fo=1, unplaced)         0.000     5.709    uart_rx_controller_blk/FSM_onehot_state_reg[5]_0[5]
                         FDRE                                         r  uart_rx_controller_blk/FSM_onehot_state_reg[5]/D
  -------------------------------------------------------------------    -------------------

                         (clock sys_clk_pin rise edge)
                                                     10.000    10.000 r  
    W5                                                0.000    10.000 r  clk (IN)
                         net (fo=0)                   0.000    10.000    clk
    W5                                                                r  clk_IBUF_inst/I
    W5                   IBUF (Prop_ibuf_I_O)         1.388    11.388 r  clk_IBUF_inst/O
                         net (fo=1, unplaced)         0.760    12.148    clk_IBUF
                                                                      r  clk_IBUF_BUFG_inst/I
                         BUFG (Prop_bufg_I_O)         0.091    12.239 r  clk_IBUF_BUFG_inst/O
                         net (fo=31, unplaced)        0.439    12.678    uart_rx_controller_blk/CLK
                         FDRE                                         r  uart_rx_controller_blk/FSM_onehot_state_reg[5]/C
                         clock pessimism              0.115    12.793    
                         clock uncertainty           -0.035    12.758    
                         FDRE (Setup_fdre_C_D)        0.029    12.787    uart_rx_controller_blk/FSM_onehot_state_reg[5]
  -------------------------------------------------------------------
                         required time                         12.787    
                         arrival time                          -5.709    
  -------------------------------------------------------------------
                         slack                                  7.078    





Min Delay Paths
--------------------------------------------------------------------------------------
Slack (MET) :             0.142ns  (arrival time - required time)
  Source:                 uart_rx_stop_check_blk/stp_err_reg/C
                            (rising edge-triggered cell FDCE clocked by sys_clk_pin  {rise@0.000ns fall@5.000ns period=10.000ns})
  Destination:            uart_rx_stop_check_blk/stp_err_reg/D
                            (rising edge-triggered cell FDCE clocked by sys_clk_pin  {rise@0.000ns fall@5.000ns period=10.000ns})
  Path Group:             sys_clk_pin
  Path Type:              Hold (Min at Fast Process Corner)
  Requirement:            0.000ns  (sys_clk_pin rise@0.000ns - sys_clk_pin rise@0.000ns)
  Data Path Delay:        0.378ns  (logic 0.239ns (63.281%)  route 0.139ns (36.719%))
  Logic Levels:           1  (LUT3=1)
  Clock Path Skew:        0.145ns (DCD - SCD - CPR)
    Destination Clock Delay (DCD):    1.057ns
    Source Clock Delay      (SCD):    0.704ns
    Clock Pessimism Removal (CPR):    0.208ns

    Location             Delay type                Incr(ns)  Path(ns)    Netlist Resource(s)
  -------------------------------------------------------------------    -------------------
                         (clock sys_clk_pin rise edge)
                                                      0.000     0.000 r  
    W5                                                0.000     0.000 r  clk (IN)
                         net (fo=0)                   0.000     0.000    clk
    W5                                                                r  clk_IBUF_inst/I
    W5                   IBUF (Prop_ibuf_I_O)         0.226     0.226 r  clk_IBUF_inst/O
                         net (fo=1, unplaced)         0.337     0.564    clk_IBUF
                                                                      r  clk_IBUF_BUFG_inst/I
                         BUFG (Prop_bufg_I_O)         0.026     0.590 r  clk_IBUF_BUFG_inst/O
                         net (fo=31, unplaced)        0.114     0.704    uart_rx_stop_check_blk/CLK
                         FDCE                                         r  uart_rx_stop_check_blk/stp_err_reg/C
  -------------------------------------------------------------------    -------------------
                         FDCE (Prop_fdce_C_Q)         0.141     0.845 r  uart_rx_stop_check_blk/stp_err_reg/Q
                         net (fo=3, unplaced)         0.139     0.983    uart_rx_controller_blk/stp_err_top
                                                                      r  uart_rx_controller_blk/stp_err_i_1/I2
                         LUT3 (Prop_lut3_I2_O)        0.098     1.081 r  uart_rx_controller_blk/stp_err_i_1/O
                         net (fo=1, unplaced)         0.000     1.081    uart_rx_stop_check_blk/FSM_onehot_state_reg[4]_0
                         FDCE                                         r  uart_rx_stop_check_blk/stp_err_reg/D
  -------------------------------------------------------------------    -------------------

                         (clock sys_clk_pin rise edge)
                                                      0.000     0.000 r  
    W5                                                0.000     0.000 r  clk (IN)
                         net (fo=0)                   0.000     0.000    clk
    W5                                                                r  clk_IBUF_inst/I
    W5                   IBUF (Prop_ibuf_I_O)         0.414     0.414 r  clk_IBUF_inst/O
                         net (fo=1, unplaced)         0.355     0.769    clk_IBUF
                                                                      r  clk_IBUF_BUFG_inst/I
                         BUFG (Prop_bufg_I_O)         0.029     0.798 r  clk_IBUF_BUFG_inst/O
                         net (fo=31, unplaced)        0.259     1.057    uart_rx_stop_check_blk/CLK
                         FDCE                                         r  uart_rx_stop_check_blk/stp_err_reg/C
                         clock pessimism             -0.208     0.849    
                         FDCE (Hold_fdce_C_D)         0.091     0.940    uart_rx_stop_check_blk/stp_err_reg
  -------------------------------------------------------------------
                         required time                         -0.940    
                         arrival time                           1.081    
  -------------------------------------------------------------------
                         slack                                  0.142    

Slack (MET) :             0.146ns  (arrival time - required time)
  Source:                 uart_rx_counters_blk/data_valid_cnt_reg[0]/C
                            (rising edge-triggered cell FDCE clocked by sys_clk_pin  {rise@0.000ns fall@5.000ns period=10.000ns})
  Destination:            uart_rx_counters_blk/data_valid_cnt_reg[0]/D
                            (rising edge-triggered cell FDCE clocked by sys_clk_pin  {rise@0.000ns fall@5.000ns period=10.000ns})
  Path Group:             sys_clk_pin
  Path Type:              Hold (Min at Fast Process Corner)
  Requirement:            0.000ns  (sys_clk_pin rise@0.000ns - sys_clk_pin rise@0.000ns)
  Data Path Delay:        0.382ns  (logic 0.239ns (62.583%)  route 0.143ns (37.417%))
  Logic Levels:           1  (LUT1=1)
  Clock Path Skew:        0.145ns (DCD - SCD - CPR)
    Destination Clock Delay (DCD):    1.057ns
    Source Clock Delay      (SCD):    0.704ns
    Clock Pessimism Removal (CPR):    0.208ns

    Location             Delay type                Incr(ns)  Path(ns)    Netlist Resource(s)
  -------------------------------------------------------------------    -------------------
                         (clock sys_clk_pin rise edge)
                                                      0.000     0.000 r  
    W5                                                0.000     0.000 r  clk (IN)
                         net (fo=0)                   0.000     0.000    clk
    W5                                                                r  clk_IBUF_inst/I
    W5                   IBUF (Prop_ibuf_I_O)         0.226     0.226 r  clk_IBUF_inst/O
                         net (fo=1, unplaced)         0.337     0.564    clk_IBUF
                                                                      r  clk_IBUF_BUFG_inst/I
                         BUFG (Prop_bufg_I_O)         0.026     0.590 r  clk_IBUF_BUFG_inst/O
                         net (fo=31, unplaced)        0.114     0.704    uart_rx_counters_blk/CLK
                         FDCE                                         r  uart_rx_counters_blk/data_valid_cnt_reg[0]/C
  -------------------------------------------------------------------    -------------------
                         FDCE (Prop_fdce_C_Q)         0.141     0.845 f  uart_rx_counters_blk/data_valid_cnt_reg[0]/Q
                         net (fo=5, unplaced)         0.143     0.987    uart_rx_counters_blk/data_valid_cnt_top[0]
                                                                      f  uart_rx_counters_blk/data_valid_cnt[0]_i_1/I0
                         LUT1 (Prop_lut1_I0_O)        0.098     1.085 r  uart_rx_counters_blk/data_valid_cnt[0]_i_1/O
                         net (fo=1, unplaced)         0.000     1.085    uart_rx_counters_blk/p_0_in[0]
                         FDCE                                         r  uart_rx_counters_blk/data_valid_cnt_reg[0]/D
  -------------------------------------------------------------------    -------------------

                         (clock sys_clk_pin rise edge)
                                                      0.000     0.000 r  
    W5                                                0.000     0.000 r  clk (IN)
                         net (fo=0)                   0.000     0.000    clk
    W5                                                                r  clk_IBUF_inst/I
    W5                   IBUF (Prop_ibuf_I_O)         0.414     0.414 r  clk_IBUF_inst/O
                         net (fo=1, unplaced)         0.355     0.769    clk_IBUF
                                                                      r  clk_IBUF_BUFG_inst/I
                         BUFG (Prop_bufg_I_O)         0.029     0.798 r  clk_IBUF_BUFG_inst/O
                         net (fo=31, unplaced)        0.259     1.057    uart_rx_counters_blk/CLK
                         FDCE                                         r  uart_rx_counters_blk/data_valid_cnt_reg[0]/C
                         clock pessimism             -0.208     0.849    
                         FDCE (Hold_fdce_C_D)         0.091     0.940    uart_rx_counters_blk/data_valid_cnt_reg[0]
  -------------------------------------------------------------------
                         required time                         -0.940    
                         arrival time                           1.085    
  -------------------------------------------------------------------
                         slack                                  0.146    

Slack (MET) :             0.146ns  (arrival time - required time)
  Source:                 uart_rx_counters_blk/data_valid_cnt_reg[0]/C
                            (rising edge-triggered cell FDCE clocked by sys_clk_pin  {rise@0.000ns fall@5.000ns period=10.000ns})
  Destination:            uart_rx_counters_blk/data_valid_cnt_reg[2]/D
                            (rising edge-triggered cell FDCE clocked by sys_clk_pin  {rise@0.000ns fall@5.000ns period=10.000ns})
  Path Group:             sys_clk_pin
  Path Type:              Hold (Min at Fast Process Corner)
  Requirement:            0.000ns  (sys_clk_pin rise@0.000ns - sys_clk_pin rise@0.000ns)
  Data Path Delay:        0.382ns  (logic 0.239ns (62.583%)  route 0.143ns (37.417%))
  Logic Levels:           1  (LUT3=1)
  Clock Path Skew:        0.145ns (DCD - SCD - CPR)
    Destination Clock Delay (DCD):    1.057ns
    Source Clock Delay      (SCD):    0.704ns
    Clock Pessimism Removal (CPR):    0.208ns

    Location             Delay type                Incr(ns)  Path(ns)    Netlist Resource(s)
  -------------------------------------------------------------------    -------------------
                         (clock sys_clk_pin rise edge)
                                                      0.000     0.000 r  
    W5                                                0.000     0.000 r  clk (IN)
                         net (fo=0)                   0.000     0.000    clk
    W5                                                                r  clk_IBUF_inst/I
    W5                   IBUF (Prop_ibuf_I_O)         0.226     0.226 r  clk_IBUF_inst/O
                         net (fo=1, unplaced)         0.337     0.564    clk_IBUF
                                                                      r  clk_IBUF_BUFG_inst/I
                         BUFG (Prop_bufg_I_O)         0.026     0.590 r  clk_IBUF_BUFG_inst/O
                         net (fo=31, unplaced)        0.114     0.704    uart_rx_counters_blk/CLK
                         FDCE                                         r  uart_rx_counters_blk/data_valid_cnt_reg[0]/C
  -------------------------------------------------------------------    -------------------
                         FDCE (Prop_fdce_C_Q)         0.141     0.845 r  uart_rx_counters_blk/data_valid_cnt_reg[0]/Q
                         net (fo=5, unplaced)         0.143     0.987    uart_rx_counters_blk/data_valid_cnt_top[0]
                                                                      r  uart_rx_counters_blk/data_valid_cnt[2]_i_1/I2
                         LUT3 (Prop_lut3_I2_O)        0.098     1.085 r  uart_rx_counters_blk/data_valid_cnt[2]_i_1/O
                         net (fo=1, unplaced)         0.000     1.085    uart_rx_counters_blk/p_0_in[2]
                         FDCE                                         r  uart_rx_counters_blk/data_valid_cnt_reg[2]/D
  -------------------------------------------------------------------    -------------------

                         (clock sys_clk_pin rise edge)
                                                      0.000     0.000 r  
    W5                                                0.000     0.000 r  clk (IN)
                         net (fo=0)                   0.000     0.000    clk
    W5                                                                r  clk_IBUF_inst/I
    W5                   IBUF (Prop_ibuf_I_O)         0.414     0.414 r  clk_IBUF_inst/O
                         net (fo=1, unplaced)         0.355     0.769    clk_IBUF
                                                                      r  clk_IBUF_BUFG_inst/I
                         BUFG (Prop_bufg_I_O)         0.029     0.798 r  clk_IBUF_BUFG_inst/O
                         net (fo=31, unplaced)        0.259     1.057    uart_rx_counters_blk/CLK
                         FDCE                                         r  uart_rx_counters_blk/data_valid_cnt_reg[2]/C
                         clock pessimism             -0.208     0.849    
                         FDCE (Hold_fdce_C_D)         0.091     0.940    uart_rx_counters_blk/data_valid_cnt_reg[2]
  -------------------------------------------------------------------
                         required time                         -0.940    
                         arrival time                           1.085    
  -------------------------------------------------------------------
                         slack                                  0.146    

Slack (MET) :             0.146ns  (arrival time - required time)
  Source:                 uart_rx_controller_blk/FSM_onehot_state_reg[1]/C
                            (rising edge-triggered cell FDRE clocked by sys_clk_pin  {rise@0.000ns fall@5.000ns period=10.000ns})
  Destination:            uart_rx_start_check_blk/str_glitch_reg/D
                            (rising edge-triggered cell FDCE clocked by sys_clk_pin  {rise@0.000ns fall@5.000ns period=10.000ns})
  Path Group:             sys_clk_pin
  Path Type:              Hold (Min at Fast Process Corner)
  Requirement:            0.000ns  (sys_clk_pin rise@0.000ns - sys_clk_pin rise@0.000ns)
  Data Path Delay:        0.382ns  (logic 0.239ns (62.583%)  route 0.143ns (37.417%))
  Logic Levels:           1  (LUT2=1)
  Clock Path Skew:        0.145ns (DCD - SCD - CPR)
    Destination Clock Delay (DCD):    1.057ns
    Source Clock Delay      (SCD):    0.704ns
    Clock Pessimism Removal (CPR):    0.208ns

    Location             Delay type                Incr(ns)  Path(ns)    Netlist Resource(s)
  -------------------------------------------------------------------    -------------------
                         (clock sys_clk_pin rise edge)
                                                      0.000     0.000 r  
    W5                                                0.000     0.000 r  clk (IN)
                         net (fo=0)                   0.000     0.000    clk
    W5                                                                r  clk_IBUF_inst/I
    W5                   IBUF (Prop_ibuf_I_O)         0.226     0.226 r  clk_IBUF_inst/O
                         net (fo=1, unplaced)         0.337     0.564    clk_IBUF
                                                                      r  clk_IBUF_BUFG_inst/I
                         BUFG (Prop_bufg_I_O)         0.026     0.590 r  clk_IBUF_BUFG_inst/O
                         net (fo=31, unplaced)        0.114     0.704    uart_rx_controller_blk/CLK
                         FDRE                                         r  uart_rx_controller_blk/FSM_onehot_state_reg[1]/C
  -------------------------------------------------------------------    -------------------
                         FDRE (Prop_fdre_C_Q)         0.141     0.845 r  uart_rx_controller_blk/FSM_onehot_state_reg[1]/Q
                         net (fo=5, unplaced)         0.143     0.987    uart_rx_data_sampling_blk/out[0]
                                                                      r  uart_rx_data_sampling_blk/str_glitch_i_1/I1
                         LUT2 (Prop_lut2_I1_O)        0.098     1.085 r  uart_rx_data_sampling_blk/str_glitch_i_1/O
                         net (fo=1, unplaced)         0.000     1.085    uart_rx_start_check_blk/sampled_bit_reg
                         FDCE                                         r  uart_rx_start_check_blk/str_glitch_reg/D
  -------------------------------------------------------------------    -------------------

                         (clock sys_clk_pin rise edge)
                                                      0.000     0.000 r  
    W5                                                0.000     0.000 r  clk (IN)
                         net (fo=0)                   0.000     0.000    clk
    W5                                                                r  clk_IBUF_inst/I
    W5                   IBUF (Prop_ibuf_I_O)         0.414     0.414 r  clk_IBUF_inst/O
                         net (fo=1, unplaced)         0.355     0.769    clk_IBUF
                                                                      r  clk_IBUF_BUFG_inst/I
                         BUFG (Prop_bufg_I_O)         0.029     0.798 r  clk_IBUF_BUFG_inst/O
                         net (fo=31, unplaced)        0.259     1.057    uart_rx_start_check_blk/CLK
                         FDCE                                         r  uart_rx_start_check_blk/str_glitch_reg/C
                         clock pessimism             -0.208     0.849    
                         FDCE (Hold_fdce_C_D)         0.091     0.940    uart_rx_start_check_blk/str_glitch_reg
  -------------------------------------------------------------------
                         required time                         -0.940    
                         arrival time                           1.085    
  -------------------------------------------------------------------
                         slack                                  0.146    

Slack (MET) :             0.147ns  (arrival time - required time)
  Source:                 uart_rx_counters_blk/data_valid_cnt_reg[1]/C
                            (rising edge-triggered cell FDCE clocked by sys_clk_pin  {rise@0.000ns fall@5.000ns period=10.000ns})
  Destination:            uart_rx_counters_blk/data_valid_cnt_reg[1]/D
                            (rising edge-triggered cell FDCE clocked by sys_clk_pin  {rise@0.000ns fall@5.000ns period=10.000ns})
  Path Group:             sys_clk_pin
  Path Type:              Hold (Min at Fast Process Corner)
  Requirement:            0.000ns  (sys_clk_pin rise@0.000ns - sys_clk_pin rise@0.000ns)
  Data Path Delay:        0.383ns  (logic 0.242ns (63.151%)  route 0.141ns (36.849%))
  Logic Levels:           1  (LUT2=1)
  Clock Path Skew:        0.145ns (DCD - SCD - CPR)
    Destination Clock Delay (DCD):    1.057ns
    Source Clock Delay      (SCD):    0.704ns
    Clock Pessimism Removal (CPR):    0.208ns

    Location             Delay type                Incr(ns)  Path(ns)    Netlist Resource(s)
  -------------------------------------------------------------------    -------------------
                         (clock sys_clk_pin rise edge)
                                                      0.000     0.000 r  
    W5                                                0.000     0.000 r  clk (IN)
                         net (fo=0)                   0.000     0.000    clk
    W5                                                                r  clk_IBUF_inst/I
    W5                   IBUF (Prop_ibuf_I_O)         0.226     0.226 r  clk_IBUF_inst/O
                         net (fo=1, unplaced)         0.337     0.564    clk_IBUF
                                                                      r  clk_IBUF_BUFG_inst/I
                         BUFG (Prop_bufg_I_O)         0.026     0.590 r  clk_IBUF_BUFG_inst/O
                         net (fo=31, unplaced)        0.114     0.704    uart_rx_counters_blk/CLK
                         FDCE                                         r  uart_rx_counters_blk/data_valid_cnt_reg[1]/C
  -------------------------------------------------------------------    -------------------
                         FDCE (Prop_fdce_C_Q)         0.141     0.845 r  uart_rx_counters_blk/data_valid_cnt_reg[1]/Q
                         net (fo=4, unplaced)         0.141     0.986    uart_rx_counters_blk/data_valid_cnt_top[1]
                                                                      r  uart_rx_counters_blk/data_valid_cnt[1]_i_1/I1
                         LUT2 (Prop_lut2_I1_O)        0.101     1.087 r  uart_rx_counters_blk/data_valid_cnt[1]_i_1/O
                         net (fo=1, unplaced)         0.000     1.087    uart_rx_counters_blk/p_0_in[1]
                         FDCE                                         r  uart_rx_counters_blk/data_valid_cnt_reg[1]/D
  -------------------------------------------------------------------    -------------------

                         (clock sys_clk_pin rise edge)
                                                      0.000     0.000 r  
    W5                                                0.000     0.000 r  clk (IN)
                         net (fo=0)                   0.000     0.000    clk
    W5                                                                r  clk_IBUF_inst/I
    W5                   IBUF (Prop_ibuf_I_O)         0.414     0.414 r  clk_IBUF_inst/O
                         net (fo=1, unplaced)         0.355     0.769    clk_IBUF
                                                                      r  clk_IBUF_BUFG_inst/I
                         BUFG (Prop_bufg_I_O)         0.029     0.798 r  clk_IBUF_BUFG_inst/O
                         net (fo=31, unplaced)        0.259     1.057    uart_rx_counters_blk/CLK
                         FDCE                                         r  uart_rx_counters_blk/data_valid_cnt_reg[1]/C
                         clock pessimism             -0.208     0.849    
                         FDCE (Hold_fdce_C_D)         0.091     0.940    uart_rx_counters_blk/data_valid_cnt_reg[1]
  -------------------------------------------------------------------
                         required time                         -0.940    
                         arrival time                           1.087    
  -------------------------------------------------------------------
                         slack                                  0.147    

Slack (MET) :             0.222ns  (arrival time - required time)
  Source:                 uart_rx_counters_blk/edge_cnt_reg[2]/C
                            (rising edge-triggered cell FDCE clocked by sys_clk_pin  {rise@0.000ns fall@5.000ns period=10.000ns})
  Destination:            uart_rx_counters_blk/edge_cnt_reg[2]/D
                            (rising edge-triggered cell FDCE clocked by sys_clk_pin  {rise@0.000ns fall@5.000ns period=10.000ns})
  Path Group:             sys_clk_pin
  Path Type:              Hold (Min at Fast Process Corner)
  Requirement:            0.000ns  (sys_clk_pin rise@0.000ns - sys_clk_pin rise@0.000ns)
  Data Path Delay:        0.458ns  (logic 0.239ns (52.162%)  route 0.219ns (47.838%))
  Logic Levels:           1  (LUT6=1)
  Clock Path Skew:        0.145ns (DCD - SCD - CPR)
    Destination Clock Delay (DCD):    1.057ns
    Source Clock Delay      (SCD):    0.704ns
    Clock Pessimism Removal (CPR):    0.208ns

    Location             Delay type                Incr(ns)  Path(ns)    Netlist Resource(s)
  -------------------------------------------------------------------    -------------------
                         (clock sys_clk_pin rise edge)
                                                      0.000     0.000 r  
    W5                                                0.000     0.000 r  clk (IN)
                         net (fo=0)                   0.000     0.000    clk
    W5                                                                r  clk_IBUF_inst/I
    W5                   IBUF (Prop_ibuf_I_O)         0.226     0.226 r  clk_IBUF_inst/O
                         net (fo=1, unplaced)         0.337     0.564    clk_IBUF
                                                                      r  clk_IBUF_BUFG_inst/I
                         BUFG (Prop_bufg_I_O)         0.026     0.590 r  clk_IBUF_BUFG_inst/O
                         net (fo=31, unplaced)        0.114     0.704    uart_rx_counters_blk/CLK
                         FDCE                                         r  uart_rx_counters_blk/edge_cnt_reg[2]/C
  -------------------------------------------------------------------    -------------------
                         FDCE (Prop_fdce_C_Q)         0.141     0.845 r  uart_rx_counters_blk/edge_cnt_reg[2]/Q
                         net (fo=13, unplaced)        0.219     1.064    uart_rx_counters_blk/edge_cnt_top[2]
                                                                      r  uart_rx_counters_blk/edge_cnt[2]_i_1/I5
                         LUT6 (Prop_lut6_I5_O)        0.098     1.162 r  uart_rx_counters_blk/edge_cnt[2]_i_1/O
                         net (fo=1, unplaced)         0.000     1.162    uart_rx_counters_blk/edge_cnt[2]_i_1_n_0
                         FDCE                                         r  uart_rx_counters_blk/edge_cnt_reg[2]/D
  -------------------------------------------------------------------    -------------------

                         (clock sys_clk_pin rise edge)
                                                      0.000     0.000 r  
    W5                                                0.000     0.000 r  clk (IN)
                         net (fo=0)                   0.000     0.000    clk
    W5                                                                r  clk_IBUF_inst/I
    W5                   IBUF (Prop_ibuf_I_O)         0.414     0.414 r  clk_IBUF_inst/O
                         net (fo=1, unplaced)         0.355     0.769    clk_IBUF
                                                                      r  clk_IBUF_BUFG_inst/I
                         BUFG (Prop_bufg_I_O)         0.029     0.798 r  clk_IBUF_BUFG_inst/O
                         net (fo=31, unplaced)        0.259     1.057    uart_rx_counters_blk/CLK
                         FDCE                                         r  uart_rx_counters_blk/edge_cnt_reg[2]/C
                         clock pessimism             -0.208     0.849    
                         FDCE (Hold_fdce_C_D)         0.091     0.940    uart_rx_counters_blk/edge_cnt_reg[2]
  -------------------------------------------------------------------
                         required time                         -0.940    
                         arrival time                           1.162    
  -------------------------------------------------------------------
                         slack                                  0.222    

Slack (MET) :             0.223ns  (arrival time - required time)
  Source:                 uart_rx_counters_blk/bit_cnt_reg[0]/C
                            (rising edge-triggered cell FDCE clocked by sys_clk_pin  {rise@0.000ns fall@5.000ns period=10.000ns})
  Destination:            uart_rx_counters_blk/bit_cnt_reg[1]/D
                            (rising edge-triggered cell FDCE clocked by sys_clk_pin  {rise@0.000ns fall@5.000ns period=10.000ns})
  Path Group:             sys_clk_pin
  Path Type:              Hold (Min at Fast Process Corner)
  Requirement:            0.000ns  (sys_clk_pin rise@0.000ns - sys_clk_pin rise@0.000ns)
  Data Path Delay:        0.459ns  (logic 0.239ns (52.114%)  route 0.220ns (47.886%))
  Logic Levels:           1  (LUT6=1)
  Clock Path Skew:        0.145ns (DCD - SCD - CPR)
    Destination Clock Delay (DCD):    1.057ns
    Source Clock Delay      (SCD):    0.704ns
    Clock Pessimism Removal (CPR):    0.208ns

    Location             Delay type                Incr(ns)  Path(ns)    Netlist Resource(s)
  -------------------------------------------------------------------    -------------------
                         (clock sys_clk_pin rise edge)
                                                      0.000     0.000 r  
    W5                                                0.000     0.000 r  clk (IN)
                         net (fo=0)                   0.000     0.000    clk
    W5                                                                r  clk_IBUF_inst/I
    W5                   IBUF (Prop_ibuf_I_O)         0.226     0.226 r  clk_IBUF_inst/O
                         net (fo=1, unplaced)         0.337     0.564    clk_IBUF
                                                                      r  clk_IBUF_BUFG_inst/I
                         BUFG (Prop_bufg_I_O)         0.026     0.590 r  clk_IBUF_BUFG_inst/O
                         net (fo=31, unplaced)        0.114     0.704    uart_rx_counters_blk/CLK
                         FDCE                                         r  uart_rx_counters_blk/bit_cnt_reg[0]/C
  -------------------------------------------------------------------    -------------------
                         FDCE (Prop_fdce_C_Q)         0.141     0.845 r  uart_rx_counters_blk/bit_cnt_reg[0]/Q
                         net (fo=14, unplaced)        0.220     1.064    uart_rx_counters_blk/bit_cnt_top[0]
                                                                      r  uart_rx_counters_blk/bit_cnt[1]_i_1/I5
                         LUT6 (Prop_lut6_I5_O)        0.098     1.162 r  uart_rx_counters_blk/bit_cnt[1]_i_1/O
                         net (fo=1, unplaced)         0.000     1.162    uart_rx_counters_blk/bit_cnt[1]_i_1_n_0
                         FDCE                                         r  uart_rx_counters_blk/bit_cnt_reg[1]/D
  -------------------------------------------------------------------    -------------------

                         (clock sys_clk_pin rise edge)
                                                      0.000     0.000 r  
    W5                                                0.000     0.000 r  clk (IN)
                         net (fo=0)                   0.000     0.000    clk
    W5                                                                r  clk_IBUF_inst/I
    W5                   IBUF (Prop_ibuf_I_O)         0.414     0.414 r  clk_IBUF_inst/O
                         net (fo=1, unplaced)         0.355     0.769    clk_IBUF
                                                                      r  clk_IBUF_BUFG_inst/I
                         BUFG (Prop_bufg_I_O)         0.029     0.798 r  clk_IBUF_BUFG_inst/O
                         net (fo=31, unplaced)        0.259     1.057    uart_rx_counters_blk/CLK
                         FDCE                                         r  uart_rx_counters_blk/bit_cnt_reg[1]/C
                         clock pessimism             -0.208     0.849    
                         FDCE (Hold_fdce_C_D)         0.091     0.940    uart_rx_counters_blk/bit_cnt_reg[1]
  -------------------------------------------------------------------
                         required time                         -0.940    
                         arrival time                           1.162    
  -------------------------------------------------------------------
                         slack                                  0.223    

Slack (MET) :             0.223ns  (arrival time - required time)
  Source:                 uart_rx_counters_blk/edge_cnt_reg[1]/C
                            (rising edge-triggered cell FDCE clocked by sys_clk_pin  {rise@0.000ns fall@5.000ns period=10.000ns})
  Destination:            uart_rx_counters_blk/edge_cnt_reg[1]/D
                            (rising edge-triggered cell FDCE clocked by sys_clk_pin  {rise@0.000ns fall@5.000ns period=10.000ns})
  Path Group:             sys_clk_pin
  Path Type:              Hold (Min at Fast Process Corner)
  Requirement:            0.000ns  (sys_clk_pin rise@0.000ns - sys_clk_pin rise@0.000ns)
  Data Path Delay:        0.459ns  (logic 0.239ns (52.114%)  route 0.220ns (47.886%))
  Logic Levels:           1  (LUT5=1)
  Clock Path Skew:        0.145ns (DCD - SCD - CPR)
    Destination Clock Delay (DCD):    1.057ns
    Source Clock Delay      (SCD):    0.704ns
    Clock Pessimism Removal (CPR):    0.208ns

    Location             Delay type                Incr(ns)  Path(ns)    Netlist Resource(s)
  -------------------------------------------------------------------    -------------------
                         (clock sys_clk_pin rise edge)
                                                      0.000     0.000 r  
    W5                                                0.000     0.000 r  clk (IN)
                         net (fo=0)                   0.000     0.000    clk
    W5                                                                r  clk_IBUF_inst/I
    W5                   IBUF (Prop_ibuf_I_O)         0.226     0.226 r  clk_IBUF_inst/O
                         net (fo=1, unplaced)         0.337     0.564    clk_IBUF
                                                                      r  clk_IBUF_BUFG_inst/I
                         BUFG (Prop_bufg_I_O)         0.026     0.590 r  clk_IBUF_BUFG_inst/O
                         net (fo=31, unplaced)        0.114     0.704    uart_rx_counters_blk/CLK
                         FDCE                                         r  uart_rx_counters_blk/edge_cnt_reg[1]/C
  -------------------------------------------------------------------    -------------------
                         FDCE (Prop_fdce_C_Q)         0.141     0.845 r  uart_rx_counters_blk/edge_cnt_reg[1]/Q
                         net (fo=14, unplaced)        0.220     1.064    uart_rx_counters_blk/edge_cnt_top[1]
                                                                      r  uart_rx_counters_blk/edge_cnt[1]_i_1/I4
                         LUT5 (Prop_lut5_I4_O)        0.098     1.162 r  uart_rx_counters_blk/edge_cnt[1]_i_1/O
                         net (fo=1, unplaced)         0.000     1.162    uart_rx_counters_blk/edge_cnt[1]_i_1_n_0
                         FDCE                                         r  uart_rx_counters_blk/edge_cnt_reg[1]/D
  -------------------------------------------------------------------    -------------------

                         (clock sys_clk_pin rise edge)
                                                      0.000     0.000 r  
    W5                                                0.000     0.000 r  clk (IN)
                         net (fo=0)                   0.000     0.000    clk
    W5                                                                r  clk_IBUF_inst/I
    W5                   IBUF (Prop_ibuf_I_O)         0.414     0.414 r  clk_IBUF_inst/O
                         net (fo=1, unplaced)         0.355     0.769    clk_IBUF
                                                                      r  clk_IBUF_BUFG_inst/I
                         BUFG (Prop_bufg_I_O)         0.029     0.798 r  clk_IBUF_BUFG_inst/O
                         net (fo=31, unplaced)        0.259     1.057    uart_rx_counters_blk/CLK
                         FDCE                                         r  uart_rx_counters_blk/edge_cnt_reg[1]/C
                         clock pessimism             -0.208     0.849    
                         FDCE (Hold_fdce_C_D)         0.091     0.940    uart_rx_counters_blk/edge_cnt_reg[1]
  -------------------------------------------------------------------
                         required time                         -0.940    
                         arrival time                           1.162    
  -------------------------------------------------------------------
                         slack                                  0.223    

Slack (MET) :             0.224ns  (arrival time - required time)
  Source:                 uart_rx_counters_blk/bit_cnt_reg[0]/C
                            (rising edge-triggered cell FDCE clocked by sys_clk_pin  {rise@0.000ns fall@5.000ns period=10.000ns})
  Destination:            uart_rx_counters_blk/bit_cnt_reg[0]/D
                            (rising edge-triggered cell FDCE clocked by sys_clk_pin  {rise@0.000ns fall@5.000ns period=10.000ns})
  Path Group:             sys_clk_pin
  Path Type:              Hold (Min at Fast Process Corner)
  Requirement:            0.000ns  (sys_clk_pin rise@0.000ns - sys_clk_pin rise@0.000ns)
  Data Path Delay:        0.460ns  (logic 0.240ns (52.218%)  route 0.220ns (47.782%))
  Logic Levels:           1  (LUT5=1)
  Clock Path Skew:        0.145ns (DCD - SCD - CPR)
    Destination Clock Delay (DCD):    1.057ns
    Source Clock Delay      (SCD):    0.704ns
    Clock Pessimism Removal (CPR):    0.208ns

    Location             Delay type                Incr(ns)  Path(ns)    Netlist Resource(s)
  -------------------------------------------------------------------    -------------------
                         (clock sys_clk_pin rise edge)
                                                      0.000     0.000 r  
    W5                                                0.000     0.000 r  clk (IN)
                         net (fo=0)                   0.000     0.000    clk
    W5                                                                r  clk_IBUF_inst/I
    W5                   IBUF (Prop_ibuf_I_O)         0.226     0.226 r  clk_IBUF_inst/O
                         net (fo=1, unplaced)         0.337     0.564    clk_IBUF
                                                                      r  clk_IBUF_BUFG_inst/I
                         BUFG (Prop_bufg_I_O)         0.026     0.590 r  clk_IBUF_BUFG_inst/O
                         net (fo=31, unplaced)        0.114     0.704    uart_rx_counters_blk/CLK
                         FDCE                                         r  uart_rx_counters_blk/bit_cnt_reg[0]/C
  -------------------------------------------------------------------    -------------------
                         FDCE (Prop_fdce_C_Q)         0.141     0.845 f  uart_rx_counters_blk/bit_cnt_reg[0]/Q
                         net (fo=14, unplaced)        0.220     1.064    uart_rx_counters_blk/bit_cnt_top[0]
                                                                      f  uart_rx_counters_blk/bit_cnt[0]_i_1/I4
                         LUT5 (Prop_lut5_I4_O)        0.099     1.163 r  uart_rx_counters_blk/bit_cnt[0]_i_1/O
                         net (fo=1, unplaced)         0.000     1.163    uart_rx_counters_blk/bit_cnt[0]_i_1_n_0
                         FDCE                                         r  uart_rx_counters_blk/bit_cnt_reg[0]/D
  -------------------------------------------------------------------    -------------------

                         (clock sys_clk_pin rise edge)
                                                      0.000     0.000 r  
    W5                                                0.000     0.000 r  clk (IN)
                         net (fo=0)                   0.000     0.000    clk
    W5                                                                r  clk_IBUF_inst/I
    W5                   IBUF (Prop_ibuf_I_O)         0.414     0.414 r  clk_IBUF_inst/O
                         net (fo=1, unplaced)         0.355     0.769    clk_IBUF
                                                                      r  clk_IBUF_BUFG_inst/I
                         BUFG (Prop_bufg_I_O)         0.029     0.798 r  clk_IBUF_BUFG_inst/O
                         net (fo=31, unplaced)        0.259     1.057    uart_rx_counters_blk/CLK
                         FDCE                                         r  uart_rx_counters_blk/bit_cnt_reg[0]/C
                         clock pessimism             -0.208     0.849    
                         FDCE (Hold_fdce_C_D)         0.091     0.940    uart_rx_counters_blk/bit_cnt_reg[0]
  -------------------------------------------------------------------
                         required time                         -0.940    
                         arrival time                           1.163    
  -------------------------------------------------------------------
                         slack                                  0.224    

Slack (MET) :             0.224ns  (arrival time - required time)
  Source:                 uart_rx_counters_blk/edge_cnt_reg[0]/C
                            (rising edge-triggered cell FDCE clocked by sys_clk_pin  {rise@0.000ns fall@5.000ns period=10.000ns})
  Destination:            uart_rx_counters_blk/edge_cnt_reg[0]/D
                            (rising edge-triggered cell FDCE clocked by sys_clk_pin  {rise@0.000ns fall@5.000ns period=10.000ns})
  Path Group:             sys_clk_pin
  Path Type:              Hold (Min at Fast Process Corner)
  Requirement:            0.000ns  (sys_clk_pin rise@0.000ns - sys_clk_pin rise@0.000ns)
  Data Path Delay:        0.460ns  (logic 0.240ns (52.122%)  route 0.220ns (47.878%))
  Logic Levels:           1  (LUT4=1)
  Clock Path Skew:        0.145ns (DCD - SCD - CPR)
    Destination Clock Delay (DCD):    1.057ns
    Source Clock Delay      (SCD):    0.704ns
    Clock Pessimism Removal (CPR):    0.208ns

    Location             Delay type                Incr(ns)  Path(ns)    Netlist Resource(s)
  -------------------------------------------------------------------    -------------------
                         (clock sys_clk_pin rise edge)
                                                      0.000     0.000 r  
    W5                                                0.000     0.000 r  clk (IN)
                         net (fo=0)                   0.000     0.000    clk
    W5                                                                r  clk_IBUF_inst/I
    W5                   IBUF (Prop_ibuf_I_O)         0.226     0.226 r  clk_IBUF_inst/O
                         net (fo=1, unplaced)         0.337     0.564    clk_IBUF
                                                                      r  clk_IBUF_BUFG_inst/I
                         BUFG (Prop_bufg_I_O)         0.026     0.590 r  clk_IBUF_BUFG_inst/O
                         net (fo=31, unplaced)        0.114     0.704    uart_rx_counters_blk/CLK
                         FDCE                                         r  uart_rx_counters_blk/edge_cnt_reg[0]/C
  -------------------------------------------------------------------    -------------------
                         FDCE (Prop_fdce_C_Q)         0.141     0.845 r  uart_rx_counters_blk/edge_cnt_reg[0]/Q
                         net (fo=15, unplaced)        0.220     1.065    uart_rx_counters_blk/edge_cnt_top[0]
                                                                      r  uart_rx_counters_blk/edge_cnt[0]_i_1/I3
                         LUT4 (Prop_lut4_I3_O)        0.099     1.164 r  uart_rx_counters_blk/edge_cnt[0]_i_1/O
                         net (fo=1, unplaced)         0.000     1.164    uart_rx_counters_blk/edge_cnt[0]_i_1_n_0
                         FDCE                                         r  uart_rx_counters_blk/edge_cnt_reg[0]/D
  -------------------------------------------------------------------    -------------------

                         (clock sys_clk_pin rise edge)
                                                      0.000     0.000 r  
    W5                                                0.000     0.000 r  clk (IN)
                         net (fo=0)                   0.000     0.000    clk
    W5                                                                r  clk_IBUF_inst/I
    W5                   IBUF (Prop_ibuf_I_O)         0.414     0.414 r  clk_IBUF_inst/O
                         net (fo=1, unplaced)         0.355     0.769    clk_IBUF
                                                                      r  clk_IBUF_BUFG_inst/I
                         BUFG (Prop_bufg_I_O)         0.029     0.798 r  clk_IBUF_BUFG_inst/O
                         net (fo=31, unplaced)        0.259     1.057    uart_rx_counters_blk/CLK
                         FDCE                                         r  uart_rx_counters_blk/edge_cnt_reg[0]/C
                         clock pessimism             -0.208     0.849    
                         FDCE (Hold_fdce_C_D)         0.091     0.940    uart_rx_counters_blk/edge_cnt_reg[0]
  -------------------------------------------------------------------
                         required time                         -0.940    
                         arrival time                           1.164    
  -------------------------------------------------------------------
                         slack                                  0.224    





Pulse Width Checks
--------------------------------------------------------------------------------------
Clock Name:         sys_clk_pin
Waveform(ns):       { 0.000 5.000 }
Period(ns):         10.000
Sources:            { clk }

Check Type        Corner  Lib Pin  Reference Pin  Required(ns)  Actual(ns)  Slack(ns)  Location  Pin
Min Period        n/a     BUFG/I   n/a            2.155         10.000      7.845                clk_IBUF_BUFG_inst/I
Min Period        n/a     FDSE/C   n/a            1.000         10.000      9.000                uart_rx_controller_blk/FSM_onehot_state_reg[0]/C
Min Period        n/a     FDRE/C   n/a            1.000         10.000      9.000                uart_rx_controller_blk/FSM_onehot_state_reg[1]/C
Min Period        n/a     FDRE/C   n/a            1.000         10.000      9.000                uart_rx_controller_blk/FSM_onehot_state_reg[2]/C
Min Period        n/a     FDRE/C   n/a            1.000         10.000      9.000                uart_rx_controller_blk/FSM_onehot_state_reg[3]/C
Min Period        n/a     FDRE/C   n/a            1.000         10.000      9.000                uart_rx_controller_blk/FSM_onehot_state_reg[4]/C
Min Period        n/a     FDRE/C   n/a            1.000         10.000      9.000                uart_rx_controller_blk/FSM_onehot_state_reg[5]/C
Min Period        n/a     FDCE/C   n/a            1.000         10.000      9.000                uart_rx_counters_blk/bit_cnt_reg[0]/C
Min Period        n/a     FDCE/C   n/a            1.000         10.000      9.000                uart_rx_counters_blk/bit_cnt_reg[1]/C
Min Period        n/a     FDCE/C   n/a            1.000         10.000      9.000                uart_rx_counters_blk/bit_cnt_reg[2]/C
Low Pulse Width   Fast    FDSE/C   n/a            0.500         5.000       4.500                uart_rx_controller_blk/FSM_onehot_state_reg[0]/C
Low Pulse Width   Fast    FDRE/C   n/a            0.500         5.000       4.500                uart_rx_controller_blk/FSM_onehot_state_reg[1]/C
Low Pulse Width   Fast    FDRE/C   n/a            0.500         5.000       4.500                uart_rx_controller_blk/FSM_onehot_state_reg[2]/C
Low Pulse Width   Fast    FDRE/C   n/a            0.500         5.000       4.500                uart_rx_controller_blk/FSM_onehot_state_reg[3]/C
Low Pulse Width   Fast    FDRE/C   n/a            0.500         5.000       4.500                uart_rx_controller_blk/FSM_onehot_state_reg[4]/C
Low Pulse Width   Fast    FDRE/C   n/a            0.500         5.000       4.500                uart_rx_controller_blk/FSM_onehot_state_reg[5]/C
Low Pulse Width   Fast    FDCE/C   n/a            0.500         5.000       4.500                uart_rx_counters_blk/bit_cnt_reg[0]/C
Low Pulse Width   Fast    FDCE/C   n/a            0.500         5.000       4.500                uart_rx_counters_blk/bit_cnt_reg[1]/C
Low Pulse Width   Fast    FDCE/C   n/a            0.500         5.000       4.500                uart_rx_counters_blk/bit_cnt_reg[2]/C
Low Pulse Width   Fast    FDCE/C   n/a            0.500         5.000       4.500                uart_rx_counters_blk/bit_cnt_reg[3]/C
High Pulse Width  Slow    FDSE/C   n/a            0.500         5.000       4.500                uart_rx_controller_blk/FSM_onehot_state_reg[0]/C
High Pulse Width  Fast    FDSE/C   n/a            0.500         5.000       4.500                uart_rx_controller_blk/FSM_onehot_state_reg[0]/C
High Pulse Width  Slow    FDRE/C   n/a            0.500         5.000       4.500                uart_rx_controller_blk/FSM_onehot_state_reg[1]/C
High Pulse Width  Fast    FDRE/C   n/a            0.500         5.000       4.500                uart_rx_controller_blk/FSM_onehot_state_reg[1]/C
High Pulse Width  Slow    FDRE/C   n/a            0.500         5.000       4.500                uart_rx_controller_blk/FSM_onehot_state_reg[2]/C
High Pulse Width  Fast    FDRE/C   n/a            0.500         5.000       4.500                uart_rx_controller_blk/FSM_onehot_state_reg[2]/C
High Pulse Width  Slow    FDRE/C   n/a            0.500         5.000       4.500                uart_rx_controller_blk/FSM_onehot_state_reg[3]/C
High Pulse Width  Fast    FDRE/C   n/a            0.500         5.000       4.500                uart_rx_controller_blk/FSM_onehot_state_reg[3]/C
High Pulse Width  Slow    FDRE/C   n/a            0.500         5.000       4.500                uart_rx_controller_blk/FSM_onehot_state_reg[4]/C
High Pulse Width  Fast    FDRE/C   n/a            0.500         5.000       4.500                uart_rx_controller_blk/FSM_onehot_state_reg[4]/C



--------------------------------------------------------------------------------------
Path Group:  (none)
From Clock:  
  To Clock:  

Max Delay             1 Endpoint
Min Delay             1 Endpoint
--------------------------------------------------------------------------------------


Max Delay Paths
--------------------------------------------------------------------------------------
Slack:                    inf
  Source:                 par_en
                            (input port)
  Destination:            p_data[1]
                            (output port)
  Path Group:             (none)
  Path Type:              Max at Slow Process Corner
  Data Path Delay:        6.714ns  (logic 5.115ns (76.179%)  route 1.599ns (23.821%))
  Logic Levels:           3  (IBUF=1 LUT3=1 OBUF=1)

    Location             Delay type                Incr(ns)  Path(ns)    Netlist Resource(s)
  -------------------------------------------------------------------    -------------------
    V16                                               0.000     0.000 f  par_en (IN)
                         net (fo=0)                   0.000     0.000    par_en
    V16                                                               f  par_en_IBUF_inst/I
    V16                  IBUF (Prop_ibuf_I_O)         1.461     1.461 f  par_en_IBUF_inst/O
                         net (fo=3, unplaced)         0.800     2.261    uart_rx_controller_blk/par_en_IBUF
                                                                      f  uart_rx_controller_blk/p_data_OBUF[1]_inst_i_1/I2
                         LUT3 (Prop_lut3_I2_O)        0.124     2.385 r  uart_rx_controller_blk/p_data_OBUF[1]_inst_i_1/O
                         net (fo=1, unplaced)         0.800     3.185    p_data_OBUF[1]
    E19                                                               r  p_data_OBUF[1]_inst/I
    E19                  OBUF (Prop_obuf_I_O)         3.530     6.714 r  p_data_OBUF[1]_inst/O
                         net (fo=0)                   0.000     6.714    p_data[1]
    E19                                                               r  p_data[1] (OUT)
  -------------------------------------------------------------------    -------------------





Min Delay Paths
--------------------------------------------------------------------------------------
Slack:                    inf
  Source:                 par_en
                            (input port)
  Destination:            p_data[1]
                            (output port)
  Path Group:             (none)
  Path Type:              Min at Fast Process Corner
  Data Path Delay:        2.179ns  (logic 1.505ns (69.062%)  route 0.674ns (30.938%))
  Logic Levels:           3  (IBUF=1 LUT3=1 OBUF=1)

    Location             Delay type                Incr(ns)  Path(ns)    Netlist Resource(s)
  -------------------------------------------------------------------    -------------------
    V16                                               0.000     0.000 f  par_en (IN)
                         net (fo=0)                   0.000     0.000    par_en
    V16                                                               f  par_en_IBUF_inst/I
    V16                  IBUF (Prop_ibuf_I_O)         0.229     0.229 f  par_en_IBUF_inst/O
                         net (fo=3, unplaced)         0.337     0.566    uart_rx_controller_blk/par_en_IBUF
                                                                      f  uart_rx_controller_blk/p_data_OBUF[1]_inst_i_1/I2
                         LUT3 (Prop_lut3_I2_O)        0.045     0.611 r  uart_rx_controller_blk/p_data_OBUF[1]_inst_i_1/O
                         net (fo=1, unplaced)         0.337     0.949    p_data_OBUF[1]
    E19                                                               r  p_data_OBUF[1]_inst/I
    E19                  OBUF (Prop_obuf_I_O)         1.231     2.179 r  p_data_OBUF[1]_inst/O
                         net (fo=0)                   0.000     2.179    p_data[1]
    E19                                                               r  p_data[1] (OUT)
  -------------------------------------------------------------------    -------------------





--------------------------------------------------------------------------------------
Path Group:  (none)
From Clock:  sys_clk_pin
  To Clock:  

Max Delay            11 Endpoints
Min Delay            11 Endpoints
--------------------------------------------------------------------------------------


Max Delay Paths
--------------------------------------------------------------------------------------
Slack:                    inf
  Source:                 uart_rx_controller_blk/FSM_onehot_state_reg[5]/C
                            (rising edge-triggered cell FDRE clocked by sys_clk_pin  {rise@0.000ns fall@5.000ns period=10.000ns})
  Destination:            p_data[1]
                            (output port)
  Path Group:             (none)
  Path Type:              Max at Slow Process Corner
  Data Path Delay:        5.882ns  (logic 4.281ns (72.771%)  route 1.602ns (27.229%))
  Logic Levels:           2  (LUT3=1 OBUF=1)
  Clock Uncertainty:      0.025ns  ((TSJ^2 + TIJ^2)^1/2 + DJ) / 2 + PE
    Total System Jitter     (TSJ):    0.050ns
    Total Input Jitter      (TIJ):    0.000ns
    Discrete Jitter          (DJ):    0.000ns
    Phase Error              (PE):    0.000ns

    Location             Delay type                Incr(ns)  Path(ns)    Netlist Resource(s)
  -------------------------------------------------------------------    -------------------
                         (clock sys_clk_pin rise edge)
                                                      0.000     0.000 r  
    W5                                                0.000     0.000 r  clk (IN)
                         net (fo=0)                   0.000     0.000    clk
    W5                                                                r  clk_IBUF_inst/I
    W5                   IBUF (Prop_ibuf_I_O)         1.458     1.458 r  clk_IBUF_inst/O
                         net (fo=1, unplaced)         0.800     2.258    clk_IBUF
                                                                      r  clk_IBUF_BUFG_inst/I
                         BUFG (Prop_bufg_I_O)         0.096     2.354 r  clk_IBUF_BUFG_inst/O
                         net (fo=31, unplaced)        0.584     2.938    uart_rx_controller_blk/CLK
                         FDRE                                         r  uart_rx_controller_blk/FSM_onehot_state_reg[5]/C
  -------------------------------------------------------------------    -------------------
                         FDRE (Prop_fdre_C_Q)         0.456     3.394 r  uart_rx_controller_blk/FSM_onehot_state_reg[5]/Q
                         net (fo=21, unplaced)        0.802     4.196    uart_rx_controller_blk/out[5]
                                                                      r  uart_rx_controller_blk/p_data_OBUF[1]_inst_i_1/I0
                         LUT3 (Prop_lut3_I0_O)        0.295     4.491 r  uart_rx_controller_blk/p_data_OBUF[1]_inst_i_1/O
                         net (fo=1, unplaced)         0.800     5.291    p_data_OBUF[1]
    E19                                                               r  p_data_OBUF[1]_inst/I
    E19                  OBUF (Prop_obuf_I_O)         3.530     8.821 r  p_data_OBUF[1]_inst/O
                         net (fo=0)                   0.000     8.821    p_data[1]
    E19                                                               r  p_data[1] (OUT)
  -------------------------------------------------------------------    -------------------

Slack:                    inf
  Source:                 uart_rx_controller_blk/FSM_onehot_state_reg[5]/C
                            (rising edge-triggered cell FDRE clocked by sys_clk_pin  {rise@0.000ns fall@5.000ns period=10.000ns})
  Destination:            p_data[5]
                            (output port)
  Path Group:             (none)
  Path Type:              Max at Slow Process Corner
  Data Path Delay:        5.596ns  (logic 4.265ns (76.221%)  route 1.331ns (23.779%))
  Logic Levels:           2  (LUT2=1 OBUF=1)
  Clock Uncertainty:      0.025ns  ((TSJ^2 + TIJ^2)^1/2 + DJ) / 2 + PE
    Total System Jitter     (TSJ):    0.050ns
    Total Input Jitter      (TIJ):    0.000ns
    Discrete Jitter          (DJ):    0.000ns
    Phase Error              (PE):    0.000ns

    Location             Delay type                Incr(ns)  Path(ns)    Netlist Resource(s)
  -------------------------------------------------------------------    -------------------
                         (clock sys_clk_pin rise edge)
                                                      0.000     0.000 r  
    W5                                                0.000     0.000 r  clk (IN)
                         net (fo=0)                   0.000     0.000    clk
    W5                                                                r  clk_IBUF_inst/I
    W5                   IBUF (Prop_ibuf_I_O)         1.458     1.458 r  clk_IBUF_inst/O
                         net (fo=1, unplaced)         0.800     2.258    clk_IBUF
                                                                      r  clk_IBUF_BUFG_inst/I
                         BUFG (Prop_bufg_I_O)         0.096     2.354 r  clk_IBUF_BUFG_inst/O
                         net (fo=31, unplaced)        0.584     2.938    uart_rx_controller_blk/CLK
                         FDRE                                         r  uart_rx_controller_blk/FSM_onehot_state_reg[5]/C
  -------------------------------------------------------------------    -------------------
                         FDRE (Prop_fdre_C_Q)         0.456     3.394 r  uart_rx_controller_blk/FSM_onehot_state_reg[5]/Q
                         net (fo=21, unplaced)        0.531     3.925    uart_rx_controller_blk/out[5]
                                                                      r  uart_rx_controller_blk/p_data_OBUF[5]_inst_i_1/I0
                         LUT2 (Prop_lut2_I0_O)        0.295     4.220 r  uart_rx_controller_blk/p_data_OBUF[5]_inst_i_1/O
                         net (fo=1, unplaced)         0.800     5.020    p_data_OBUF[5]
    U15                                                               r  p_data_OBUF[5]_inst/I
    U15                  OBUF (Prop_obuf_I_O)         3.514     8.534 r  p_data_OBUF[5]_inst/O
                         net (fo=0)                   0.000     8.534    p_data[5]
    U15                                                               r  p_data[5] (OUT)
  -------------------------------------------------------------------    -------------------

Slack:                    inf
  Source:                 uart_rx_controller_blk/FSM_onehot_state_reg[5]/C
                            (rising edge-triggered cell FDRE clocked by sys_clk_pin  {rise@0.000ns fall@5.000ns period=10.000ns})
  Destination:            p_data[3]
                            (output port)
  Path Group:             (none)
  Path Type:              Max at Slow Process Corner
  Data Path Delay:        5.591ns  (logic 4.260ns (76.198%)  route 1.331ns (23.802%))
  Logic Levels:           2  (LUT2=1 OBUF=1)
  Clock Uncertainty:      0.025ns  ((TSJ^2 + TIJ^2)^1/2 + DJ) / 2 + PE
    Total System Jitter     (TSJ):    0.050ns
    Total Input Jitter      (TIJ):    0.000ns
    Discrete Jitter          (DJ):    0.000ns
    Phase Error              (PE):    0.000ns

    Location             Delay type                Incr(ns)  Path(ns)    Netlist Resource(s)
  -------------------------------------------------------------------    -------------------
                         (clock sys_clk_pin rise edge)
                                                      0.000     0.000 r  
    W5                                                0.000     0.000 r  clk (IN)
                         net (fo=0)                   0.000     0.000    clk
    W5                                                                r  clk_IBUF_inst/I
    W5                   IBUF (Prop_ibuf_I_O)         1.458     1.458 r  clk_IBUF_inst/O
                         net (fo=1, unplaced)         0.800     2.258    clk_IBUF
                                                                      r  clk_IBUF_BUFG_inst/I
                         BUFG (Prop_bufg_I_O)         0.096     2.354 r  clk_IBUF_BUFG_inst/O
                         net (fo=31, unplaced)        0.584     2.938    uart_rx_controller_blk/CLK
                         FDRE                                         r  uart_rx_controller_blk/FSM_onehot_state_reg[5]/C
  -------------------------------------------------------------------    -------------------
                         FDRE (Prop_fdre_C_Q)         0.456     3.394 r  uart_rx_controller_blk/FSM_onehot_state_reg[5]/Q
                         net (fo=21, unplaced)        0.531     3.925    uart_rx_controller_blk/out[5]
                                                                      r  uart_rx_controller_blk/p_data_OBUF[3]_inst_i_1/I0
                         LUT2 (Prop_lut2_I0_O)        0.295     4.220 r  uart_rx_controller_blk/p_data_OBUF[3]_inst_i_1/O
                         net (fo=1, unplaced)         0.800     5.020    p_data_OBUF[3]
    V19                                                               r  p_data_OBUF[3]_inst/I
    V19                  OBUF (Prop_obuf_I_O)         3.509     8.529 r  p_data_OBUF[3]_inst/O
                         net (fo=0)                   0.000     8.529    p_data[3]
    V19                                                               r  p_data[3] (OUT)
  -------------------------------------------------------------------    -------------------

Slack:                    inf
  Source:                 uart_rx_controller_blk/FSM_onehot_state_reg[5]/C
                            (rising edge-triggered cell FDRE clocked by sys_clk_pin  {rise@0.000ns fall@5.000ns period=10.000ns})
  Destination:            p_data[4]
                            (output port)
  Path Group:             (none)
  Path Type:              Max at Slow Process Corner
  Data Path Delay:        5.590ns  (logic 4.260ns (76.196%)  route 1.331ns (23.804%))
  Logic Levels:           2  (LUT2=1 OBUF=1)
  Clock Uncertainty:      0.025ns  ((TSJ^2 + TIJ^2)^1/2 + DJ) / 2 + PE
    Total System Jitter     (TSJ):    0.050ns
    Total Input Jitter      (TIJ):    0.000ns
    Discrete Jitter          (DJ):    0.000ns
    Phase Error              (PE):    0.000ns

    Location             Delay type                Incr(ns)  Path(ns)    Netlist Resource(s)
  -------------------------------------------------------------------    -------------------
                         (clock sys_clk_pin rise edge)
                                                      0.000     0.000 r  
    W5                                                0.000     0.000 r  clk (IN)
                         net (fo=0)                   0.000     0.000    clk
    W5                                                                r  clk_IBUF_inst/I
    W5                   IBUF (Prop_ibuf_I_O)         1.458     1.458 r  clk_IBUF_inst/O
                         net (fo=1, unplaced)         0.800     2.258    clk_IBUF
                                                                      r  clk_IBUF_BUFG_inst/I
                         BUFG (Prop_bufg_I_O)         0.096     2.354 r  clk_IBUF_BUFG_inst/O
                         net (fo=31, unplaced)        0.584     2.938    uart_rx_controller_blk/CLK
                         FDRE                                         r  uart_rx_controller_blk/FSM_onehot_state_reg[5]/C
  -------------------------------------------------------------------    -------------------
                         FDRE (Prop_fdre_C_Q)         0.456     3.394 r  uart_rx_controller_blk/FSM_onehot_state_reg[5]/Q
                         net (fo=21, unplaced)        0.531     3.925    uart_rx_controller_blk/out[5]
                                                                      r  uart_rx_controller_blk/p_data_OBUF[4]_inst_i_1/I0
                         LUT2 (Prop_lut2_I0_O)        0.295     4.220 r  uart_rx_controller_blk/p_data_OBUF[4]_inst_i_1/O
                         net (fo=1, unplaced)         0.800     5.020    p_data_OBUF[4]
    W18                                                               r  p_data_OBUF[4]_inst/I
    W18                  OBUF (Prop_obuf_I_O)         3.509     8.528 r  p_data_OBUF[4]_inst/O
                         net (fo=0)                   0.000     8.528    p_data[4]
    W18                                                               r  p_data[4] (OUT)
  -------------------------------------------------------------------    -------------------

Slack:                    inf
  Source:                 uart_rx_controller_blk/FSM_onehot_state_reg[5]/C
                            (rising edge-triggered cell FDRE clocked by sys_clk_pin  {rise@0.000ns fall@5.000ns period=10.000ns})
  Destination:            p_data[9]
                            (output port)
  Path Group:             (none)
  Path Type:              Max at Slow Process Corner
  Data Path Delay:        5.590ns  (logic 4.259ns (76.194%)  route 1.331ns (23.806%))
  Logic Levels:           2  (LUT2=1 OBUF=1)
  Clock Uncertainty:      0.025ns  ((TSJ^2 + TIJ^2)^1/2 + DJ) / 2 + PE
    Total System Jitter     (TSJ):    0.050ns
    Total Input Jitter      (TIJ):    0.000ns
    Discrete Jitter          (DJ):    0.000ns
    Phase Error              (PE):    0.000ns

    Location             Delay type                Incr(ns)  Path(ns)    Netlist Resource(s)
  -------------------------------------------------------------------    -------------------
                         (clock sys_clk_pin rise edge)
                                                      0.000     0.000 r  
    W5                                                0.000     0.000 r  clk (IN)
                         net (fo=0)                   0.000     0.000    clk
    W5                                                                r  clk_IBUF_inst/I
    W5                   IBUF (Prop_ibuf_I_O)         1.458     1.458 r  clk_IBUF_inst/O
                         net (fo=1, unplaced)         0.800     2.258    clk_IBUF
                                                                      r  clk_IBUF_BUFG_inst/I
                         BUFG (Prop_bufg_I_O)         0.096     2.354 r  clk_IBUF_BUFG_inst/O
                         net (fo=31, unplaced)        0.584     2.938    uart_rx_controller_blk/CLK
                         FDRE                                         r  uart_rx_controller_blk/FSM_onehot_state_reg[5]/C
  -------------------------------------------------------------------    -------------------
                         FDRE (Prop_fdre_C_Q)         0.456     3.394 r  uart_rx_controller_blk/FSM_onehot_state_reg[5]/Q
                         net (fo=21, unplaced)        0.531     3.925    uart_rx_controller_blk/out[5]
                                                                      r  uart_rx_controller_blk/p_data_OBUF[9]_inst_i_1/I0
                         LUT2 (Prop_lut2_I0_O)        0.295     4.220 r  uart_rx_controller_blk/p_data_OBUF[9]_inst_i_1/O
                         net (fo=1, unplaced)         0.800     5.020    p_data_OBUF[9]
    V3                                                                r  p_data_OBUF[9]_inst/I
    V3                   OBUF (Prop_obuf_I_O)         3.508     8.528 r  p_data_OBUF[9]_inst/O
                         net (fo=0)                   0.000     8.528    p_data[9]
    V3                                                                r  p_data[9] (OUT)
  -------------------------------------------------------------------    -------------------

Slack:                    inf
  Source:                 uart_rx_controller_blk/FSM_onehot_state_reg[5]/C
                            (rising edge-triggered cell FDRE clocked by sys_clk_pin  {rise@0.000ns fall@5.000ns period=10.000ns})
  Destination:            p_data[6]
                            (output port)
  Path Group:             (none)
  Path Type:              Max at Slow Process Corner
  Data Path Delay:        5.588ns  (logic 4.257ns (76.186%)  route 1.331ns (23.814%))
  Logic Levels:           2  (LUT2=1 OBUF=1)
  Clock Uncertainty:      0.025ns  ((TSJ^2 + TIJ^2)^1/2 + DJ) / 2 + PE
    Total System Jitter     (TSJ):    0.050ns
    Total Input Jitter      (TIJ):    0.000ns
    Discrete Jitter          (DJ):    0.000ns
    Phase Error              (PE):    0.000ns

    Location             Delay type                Incr(ns)  Path(ns)    Netlist Resource(s)
  -------------------------------------------------------------------    -------------------
                         (clock sys_clk_pin rise edge)
                                                      0.000     0.000 r  
    W5                                                0.000     0.000 r  clk (IN)
                         net (fo=0)                   0.000     0.000    clk
    W5                                                                r  clk_IBUF_inst/I
    W5                   IBUF (Prop_ibuf_I_O)         1.458     1.458 r  clk_IBUF_inst/O
                         net (fo=1, unplaced)         0.800     2.258    clk_IBUF
                                                                      r  clk_IBUF_BUFG_inst/I
                         BUFG (Prop_bufg_I_O)         0.096     2.354 r  clk_IBUF_BUFG_inst/O
                         net (fo=31, unplaced)        0.584     2.938    uart_rx_controller_blk/CLK
                         FDRE                                         r  uart_rx_controller_blk/FSM_onehot_state_reg[5]/C
  -------------------------------------------------------------------    -------------------
                         FDRE (Prop_fdre_C_Q)         0.456     3.394 r  uart_rx_controller_blk/FSM_onehot_state_reg[5]/Q
                         net (fo=21, unplaced)        0.531     3.925    uart_rx_controller_blk/out[5]
                                                                      r  uart_rx_controller_blk/p_data_OBUF[6]_inst_i_1/I0
                         LUT2 (Prop_lut2_I0_O)        0.295     4.220 r  uart_rx_controller_blk/p_data_OBUF[6]_inst_i_1/O
                         net (fo=1, unplaced)         0.800     5.020    p_data_OBUF[6]
    U14                                                               r  p_data_OBUF[6]_inst/I
    U14                  OBUF (Prop_obuf_I_O)         3.506     8.526 r  p_data_OBUF[6]_inst/O
                         net (fo=0)                   0.000     8.526    p_data[6]
    U14                                                               r  p_data[6] (OUT)
  -------------------------------------------------------------------    -------------------

Slack:                    inf
  Source:                 uart_rx_controller_blk/FSM_onehot_state_reg[5]/C
                            (rising edge-triggered cell FDRE clocked by sys_clk_pin  {rise@0.000ns fall@5.000ns period=10.000ns})
  Destination:            p_data[8]
                            (output port)
  Path Group:             (none)
  Path Type:              Max at Slow Process Corner
  Data Path Delay:        5.586ns  (logic 4.255ns (76.177%)  route 1.331ns (23.823%))
  Logic Levels:           2  (LUT2=1 OBUF=1)
  Clock Uncertainty:      0.025ns  ((TSJ^2 + TIJ^2)^1/2 + DJ) / 2 + PE
    Total System Jitter     (TSJ):    0.050ns
    Total Input Jitter      (TIJ):    0.000ns
    Discrete Jitter          (DJ):    0.000ns
    Phase Error              (PE):    0.000ns

    Location             Delay type                Incr(ns)  Path(ns)    Netlist Resource(s)
  -------------------------------------------------------------------    -------------------
                         (clock sys_clk_pin rise edge)
                                                      0.000     0.000 r  
    W5                                                0.000     0.000 r  clk (IN)
                         net (fo=0)                   0.000     0.000    clk
    W5                                                                r  clk_IBUF_inst/I
    W5                   IBUF (Prop_ibuf_I_O)         1.458     1.458 r  clk_IBUF_inst/O
                         net (fo=1, unplaced)         0.800     2.258    clk_IBUF
                                                                      r  clk_IBUF_BUFG_inst/I
                         BUFG (Prop_bufg_I_O)         0.096     2.354 r  clk_IBUF_BUFG_inst/O
                         net (fo=31, unplaced)        0.584     2.938    uart_rx_controller_blk/CLK
                         FDRE                                         r  uart_rx_controller_blk/FSM_onehot_state_reg[5]/C
  -------------------------------------------------------------------    -------------------
                         FDRE (Prop_fdre_C_Q)         0.456     3.394 r  uart_rx_controller_blk/FSM_onehot_state_reg[5]/Q
                         net (fo=21, unplaced)        0.531     3.925    uart_rx_controller_blk/out[5]
                                                                      r  uart_rx_controller_blk/p_data_OBUF[8]_inst_i_1/I0
                         LUT2 (Prop_lut2_I0_O)        0.295     4.220 r  uart_rx_controller_blk/p_data_OBUF[8]_inst_i_1/O
                         net (fo=1, unplaced)         0.800     5.020    p_data_OBUF[8]
    V13                                                               r  p_data_OBUF[8]_inst/I
    V13                  OBUF (Prop_obuf_I_O)         3.504     8.524 r  p_data_OBUF[8]_inst/O
                         net (fo=0)                   0.000     8.524    p_data[8]
    V13                                                               r  p_data[8] (OUT)
  -------------------------------------------------------------------    -------------------

Slack:                    inf
  Source:                 uart_rx_controller_blk/FSM_onehot_state_reg[5]/C
                            (rising edge-triggered cell FDRE clocked by sys_clk_pin  {rise@0.000ns fall@5.000ns period=10.000ns})
  Destination:            p_data[2]
                            (output port)
  Path Group:             (none)
  Path Type:              Max at Slow Process Corner
  Data Path Delay:        5.583ns  (logic 4.252ns (76.163%)  route 1.331ns (23.837%))
  Logic Levels:           2  (LUT2=1 OBUF=1)
  Clock Uncertainty:      0.025ns  ((TSJ^2 + TIJ^2)^1/2 + DJ) / 2 + PE
    Total System Jitter     (TSJ):    0.050ns
    Total Input Jitter      (TIJ):    0.000ns
    Discrete Jitter          (DJ):    0.000ns
    Phase Error              (PE):    0.000ns

    Location             Delay type                Incr(ns)  Path(ns)    Netlist Resource(s)
  -------------------------------------------------------------------    -------------------
                         (clock sys_clk_pin rise edge)
                                                      0.000     0.000 r  
    W5                                                0.000     0.000 r  clk (IN)
                         net (fo=0)                   0.000     0.000    clk
    W5                                                                r  clk_IBUF_inst/I
    W5                   IBUF (Prop_ibuf_I_O)         1.458     1.458 r  clk_IBUF_inst/O
                         net (fo=1, unplaced)         0.800     2.258    clk_IBUF
                                                                      r  clk_IBUF_BUFG_inst/I
                         BUFG (Prop_bufg_I_O)         0.096     2.354 r  clk_IBUF_BUFG_inst/O
                         net (fo=31, unplaced)        0.584     2.938    uart_rx_controller_blk/CLK
                         FDRE                                         r  uart_rx_controller_blk/FSM_onehot_state_reg[5]/C
  -------------------------------------------------------------------    -------------------
                         FDRE (Prop_fdre_C_Q)         0.456     3.394 r  uart_rx_controller_blk/FSM_onehot_state_reg[5]/Q
                         net (fo=21, unplaced)        0.531     3.925    uart_rx_controller_blk/out[5]
                                                                      r  uart_rx_controller_blk/p_data_OBUF[2]_inst_i_1/I0
                         LUT2 (Prop_lut2_I0_O)        0.295     4.220 r  uart_rx_controller_blk/p_data_OBUF[2]_inst_i_1/O
                         net (fo=1, unplaced)         0.800     5.020    p_data_OBUF[2]
    U19                                                               r  p_data_OBUF[2]_inst/I
    U19                  OBUF (Prop_obuf_I_O)         3.501     8.521 r  p_data_OBUF[2]_inst/O
                         net (fo=0)                   0.000     8.521    p_data[2]
    U19                                                               r  p_data[2] (OUT)
  -------------------------------------------------------------------    -------------------

Slack:                    inf
  Source:                 uart_rx_controller_blk/FSM_onehot_state_reg[5]/C
                            (rising edge-triggered cell FDRE clocked by sys_clk_pin  {rise@0.000ns fall@5.000ns period=10.000ns})
  Destination:            p_data[7]
                            (output port)
  Path Group:             (none)
  Path Type:              Max at Slow Process Corner
  Data Path Delay:        5.582ns  (logic 4.252ns (76.162%)  route 1.331ns (23.838%))
  Logic Levels:           2  (LUT2=1 OBUF=1)
  Clock Uncertainty:      0.025ns  ((TSJ^2 + TIJ^2)^1/2 + DJ) / 2 + PE
    Total System Jitter     (TSJ):    0.050ns
    Total Input Jitter      (TIJ):    0.000ns
    Discrete Jitter          (DJ):    0.000ns
    Phase Error              (PE):    0.000ns

    Location             Delay type                Incr(ns)  Path(ns)    Netlist Resource(s)
  -------------------------------------------------------------------    -------------------
                         (clock sys_clk_pin rise edge)
                                                      0.000     0.000 r  
    W5                                                0.000     0.000 r  clk (IN)
                         net (fo=0)                   0.000     0.000    clk
    W5                                                                r  clk_IBUF_inst/I
    W5                   IBUF (Prop_ibuf_I_O)         1.458     1.458 r  clk_IBUF_inst/O
                         net (fo=1, unplaced)         0.800     2.258    clk_IBUF
                                                                      r  clk_IBUF_BUFG_inst/I
                         BUFG (Prop_bufg_I_O)         0.096     2.354 r  clk_IBUF_BUFG_inst/O
                         net (fo=31, unplaced)        0.584     2.938    uart_rx_controller_blk/CLK
                         FDRE                                         r  uart_rx_controller_blk/FSM_onehot_state_reg[5]/C
  -------------------------------------------------------------------    -------------------
                         FDRE (Prop_fdre_C_Q)         0.456     3.394 r  uart_rx_controller_blk/FSM_onehot_state_reg[5]/Q
                         net (fo=21, unplaced)        0.531     3.925    uart_rx_controller_blk/out[5]
                                                                      r  uart_rx_controller_blk/p_data_OBUF[7]_inst_i_1/I0
                         LUT2 (Prop_lut2_I0_O)        0.295     4.220 r  uart_rx_controller_blk/p_data_OBUF[7]_inst_i_1/O
                         net (fo=1, unplaced)         0.800     5.020    p_data_OBUF[7]
    V14                                                               r  p_data_OBUF[7]_inst/I
    V14                  OBUF (Prop_obuf_I_O)         3.501     8.520 r  p_data_OBUF[7]_inst/O
                         net (fo=0)                   0.000     8.520    p_data[7]
    V14                                                               r  p_data[7] (OUT)
  -------------------------------------------------------------------    -------------------

Slack:                    inf
  Source:                 uart_rx_controller_blk/FSM_onehot_state_reg[5]/C
                            (rising edge-triggered cell FDRE clocked by sys_clk_pin  {rise@0.000ns fall@5.000ns period=10.000ns})
  Destination:            data_valid
                            (output port)
  Path Group:             (none)
  Path Type:              Max at Slow Process Corner
  Data Path Delay:        4.935ns  (logic 4.136ns (83.797%)  route 0.800ns (16.203%))
  Logic Levels:           1  (OBUF=1)
  Clock Uncertainty:      0.025ns  ((TSJ^2 + TIJ^2)^1/2 + DJ) / 2 + PE
    Total System Jitter     (TSJ):    0.050ns
    Total Input Jitter      (TIJ):    0.000ns
    Discrete Jitter          (DJ):    0.000ns
    Phase Error              (PE):    0.000ns

    Location             Delay type                Incr(ns)  Path(ns)    Netlist Resource(s)
  -------------------------------------------------------------------    -------------------
                         (clock sys_clk_pin rise edge)
                                                      0.000     0.000 r  
    W5                                                0.000     0.000 r  clk (IN)
                         net (fo=0)                   0.000     0.000    clk
    W5                                                                r  clk_IBUF_inst/I
    W5                   IBUF (Prop_ibuf_I_O)         1.458     1.458 r  clk_IBUF_inst/O
                         net (fo=1, unplaced)         0.800     2.258    clk_IBUF
                                                                      r  clk_IBUF_BUFG_inst/I
                         BUFG (Prop_bufg_I_O)         0.096     2.354 r  clk_IBUF_BUFG_inst/O
                         net (fo=31, unplaced)        0.584     2.938    uart_rx_controller_blk/CLK
                         FDRE                                         r  uart_rx_controller_blk/FSM_onehot_state_reg[5]/C
  -------------------------------------------------------------------    -------------------
                         FDRE (Prop_fdre_C_Q)         0.456     3.394 r  uart_rx_controller_blk/FSM_onehot_state_reg[5]/Q
                         net (fo=21, unplaced)        0.800     4.194    uart_rx_controller_blk_n_0
    U16                                                               r  data_valid_OBUF_inst/I
    U16                  OBUF (Prop_obuf_I_O)         3.680     7.874 r  data_valid_OBUF_inst/O
                         net (fo=0)                   0.000     7.874    data_valid
    U16                                                               r  data_valid (OUT)
  -------------------------------------------------------------------    -------------------





Min Delay Paths
--------------------------------------------------------------------------------------
Slack:                    inf
  Source:                 uart_rx_controller_blk/FSM_onehot_state_reg[5]/C
                            (rising edge-triggered cell FDRE clocked by sys_clk_pin  {rise@0.000ns fall@5.000ns period=10.000ns})
  Destination:            p_data[0]
                            (output port)
  Path Group:             (none)
  Path Type:              Min at Fast Process Corner
  Data Path Delay:        1.737ns  (logic 1.400ns (80.593%)  route 0.337ns (19.407%))
  Logic Levels:           1  (OBUF=1)
  Clock Uncertainty:      0.025ns  ((TSJ^2 + TIJ^2)^1/2 + DJ) / 2 + PE
    Total System Jitter     (TSJ):    0.050ns
    Total Input Jitter      (TIJ):    0.000ns
    Discrete Jitter          (DJ):    0.000ns
    Phase Error              (PE):    0.000ns

    Location             Delay type                Incr(ns)  Path(ns)    Netlist Resource(s)
  -------------------------------------------------------------------    -------------------
                         (clock sys_clk_pin rise edge)
                                                      0.000     0.000 r  
    W5                                                0.000     0.000 r  clk (IN)
                         net (fo=0)                   0.000     0.000    clk
    W5                                                                r  clk_IBUF_inst/I
    W5                   IBUF (Prop_ibuf_I_O)         0.226     0.226 r  clk_IBUF_inst/O
                         net (fo=1, unplaced)         0.337     0.564    clk_IBUF
                                                                      r  clk_IBUF_BUFG_inst/I
                         BUFG (Prop_bufg_I_O)         0.026     0.590 r  clk_IBUF_BUFG_inst/O
                         net (fo=31, unplaced)        0.114     0.704    uart_rx_controller_blk/CLK
                         FDRE                                         r  uart_rx_controller_blk/FSM_onehot_state_reg[5]/C
  -------------------------------------------------------------------    -------------------
                         FDRE (Prop_fdre_C_Q)         0.141     0.845 r  uart_rx_controller_blk/FSM_onehot_state_reg[5]/Q
                         net (fo=21, unplaced)        0.337     1.182    uart_rx_controller_blk_n_0
    U3                                                                r  p_data_OBUF[0]_inst/I
    U3                   OBUF (Prop_obuf_I_O)         1.259     2.440 r  p_data_OBUF[0]_inst/O
                         net (fo=0)                   0.000     2.440    p_data[0]
    U3                                                                r  p_data[0] (OUT)
  -------------------------------------------------------------------    -------------------

Slack:                    inf
  Source:                 uart_rx_controller_blk/FSM_onehot_state_reg[5]/C
                            (rising edge-triggered cell FDRE clocked by sys_clk_pin  {rise@0.000ns fall@5.000ns period=10.000ns})
  Destination:            data_valid
                            (output port)
  Path Group:             (none)
  Path Type:              Min at Fast Process Corner
  Data Path Delay:        1.738ns  (logic 1.401ns (80.604%)  route 0.337ns (19.396%))
  Logic Levels:           1  (OBUF=1)
  Clock Uncertainty:      0.025ns  ((TSJ^2 + TIJ^2)^1/2 + DJ) / 2 + PE
    Total System Jitter     (TSJ):    0.050ns
    Total Input Jitter      (TIJ):    0.000ns
    Discrete Jitter          (DJ):    0.000ns
    Phase Error              (PE):    0.000ns

    Location             Delay type                Incr(ns)  Path(ns)    Netlist Resource(s)
  -------------------------------------------------------------------    -------------------
                         (clock sys_clk_pin rise edge)
                                                      0.000     0.000 r  
    W5                                                0.000     0.000 r  clk (IN)
                         net (fo=0)                   0.000     0.000    clk
    W5                                                                r  clk_IBUF_inst/I
    W5                   IBUF (Prop_ibuf_I_O)         0.226     0.226 r  clk_IBUF_inst/O
                         net (fo=1, unplaced)         0.337     0.564    clk_IBUF
                                                                      r  clk_IBUF_BUFG_inst/I
                         BUFG (Prop_bufg_I_O)         0.026     0.590 r  clk_IBUF_BUFG_inst/O
                         net (fo=31, unplaced)        0.114     0.704    uart_rx_controller_blk/CLK
                         FDRE                                         r  uart_rx_controller_blk/FSM_onehot_state_reg[5]/C
  -------------------------------------------------------------------    -------------------
                         FDRE (Prop_fdre_C_Q)         0.141     0.845 r  uart_rx_controller_blk/FSM_onehot_state_reg[5]/Q
                         net (fo=21, unplaced)        0.337     1.182    uart_rx_controller_blk_n_0
    U16                                                               r  data_valid_OBUF_inst/I
    U16                  OBUF (Prop_obuf_I_O)         1.260     2.442 r  data_valid_OBUF_inst/O
                         net (fo=0)                   0.000     2.442    data_valid
    U16                                                               r  data_valid (OUT)
  -------------------------------------------------------------------    -------------------

Slack:                    inf
  Source:                 uart_rx_deserializer_blk/p_data_temp_reg[5]/C
                            (rising edge-triggered cell FDCE clocked by sys_clk_pin  {rise@0.000ns fall@5.000ns period=10.000ns})
  Destination:            p_data[7]
                            (output port)
  Path Group:             (none)
  Path Type:              Min at Fast Process Corner
  Data Path Delay:        1.914ns  (logic 1.441ns (75.292%)  route 0.473ns (24.708%))
  Logic Levels:           2  (LUT2=1 OBUF=1)
  Clock Uncertainty:      0.025ns  ((TSJ^2 + TIJ^2)^1/2 + DJ) / 2 + PE
    Total System Jitter     (TSJ):    0.050ns
    Total Input Jitter      (TIJ):    0.000ns
    Discrete Jitter          (DJ):    0.000ns
    Phase Error              (PE):    0.000ns

    Location             Delay type                Incr(ns)  Path(ns)    Netlist Resource(s)
  -------------------------------------------------------------------    -------------------
                         (clock sys_clk_pin rise edge)
                                                      0.000     0.000 r  
    W5                                                0.000     0.000 r  clk (IN)
                         net (fo=0)                   0.000     0.000    clk
    W5                                                                r  clk_IBUF_inst/I
    W5                   IBUF (Prop_ibuf_I_O)         0.226     0.226 r  clk_IBUF_inst/O
                         net (fo=1, unplaced)         0.337     0.564    clk_IBUF
                                                                      r  clk_IBUF_BUFG_inst/I
                         BUFG (Prop_bufg_I_O)         0.026     0.590 r  clk_IBUF_BUFG_inst/O
                         net (fo=31, unplaced)        0.114     0.704    uart_rx_deserializer_blk/CLK
                         FDCE                                         r  uart_rx_deserializer_blk/p_data_temp_reg[5]/C
  -------------------------------------------------------------------    -------------------
                         FDCE (Prop_fdce_C_Q)         0.141     0.845 r  uart_rx_deserializer_blk/p_data_temp_reg[5]/Q
                         net (fo=2, unplaced)         0.136     0.980    uart_rx_controller_blk/p_data_temp[5]
                                                                      r  uart_rx_controller_blk/p_data_OBUF[7]_inst_i_1/I1
                         LUT2 (Prop_lut2_I1_O)        0.098     1.078 r  uart_rx_controller_blk/p_data_OBUF[7]_inst_i_1/O
                         net (fo=1, unplaced)         0.337     1.415    p_data_OBUF[7]
    V14                                                               r  p_data_OBUF[7]_inst/I
    V14                  OBUF (Prop_obuf_I_O)         1.202     2.617 r  p_data_OBUF[7]_inst/O
                         net (fo=0)                   0.000     2.617    p_data[7]
    V14                                                               r  p_data[7] (OUT)
  -------------------------------------------------------------------    -------------------

Slack:                    inf
  Source:                 uart_rx_deserializer_blk/p_data_temp_reg[0]/C
                            (rising edge-triggered cell FDCE clocked by sys_clk_pin  {rise@0.000ns fall@5.000ns period=10.000ns})
  Destination:            p_data[2]
                            (output port)
  Path Group:             (none)
  Path Type:              Min at Fast Process Corner
  Data Path Delay:        1.914ns  (logic 1.441ns (75.296%)  route 0.473ns (24.704%))
  Logic Levels:           2  (LUT2=1 OBUF=1)
  Clock Uncertainty:      0.025ns  ((TSJ^2 + TIJ^2)^1/2 + DJ) / 2 + PE
    Total System Jitter     (TSJ):    0.050ns
    Total Input Jitter      (TIJ):    0.000ns
    Discrete Jitter          (DJ):    0.000ns
    Phase Error              (PE):    0.000ns

    Location             Delay type                Incr(ns)  Path(ns)    Netlist Resource(s)
  -------------------------------------------------------------------    -------------------
                         (clock sys_clk_pin rise edge)
                                                      0.000     0.000 r  
    W5                                                0.000     0.000 r  clk (IN)
                         net (fo=0)                   0.000     0.000    clk
    W5                                                                r  clk_IBUF_inst/I
    W5                   IBUF (Prop_ibuf_I_O)         0.226     0.226 r  clk_IBUF_inst/O
                         net (fo=1, unplaced)         0.337     0.564    clk_IBUF
                                                                      r  clk_IBUF_BUFG_inst/I
                         BUFG (Prop_bufg_I_O)         0.026     0.590 r  clk_IBUF_BUFG_inst/O
                         net (fo=31, unplaced)        0.114     0.704    uart_rx_deserializer_blk/CLK
                         FDCE                                         r  uart_rx_deserializer_blk/p_data_temp_reg[0]/C
  -------------------------------------------------------------------    -------------------
                         FDCE (Prop_fdce_C_Q)         0.141     0.845 r  uart_rx_deserializer_blk/p_data_temp_reg[0]/Q
                         net (fo=2, unplaced)         0.136     0.980    uart_rx_controller_blk/p_data_temp[0]
                                                                      r  uart_rx_controller_blk/p_data_OBUF[2]_inst_i_1/I1
                         LUT2 (Prop_lut2_I1_O)        0.098     1.078 r  uart_rx_controller_blk/p_data_OBUF[2]_inst_i_1/O
                         net (fo=1, unplaced)         0.337     1.415    p_data_OBUF[2]
    U19                                                               r  p_data_OBUF[2]_inst/I
    U19                  OBUF (Prop_obuf_I_O)         1.202     2.617 r  p_data_OBUF[2]_inst/O
                         net (fo=0)                   0.000     2.617    p_data[2]
    U19                                                               r  p_data[2] (OUT)
  -------------------------------------------------------------------    -------------------

Slack:                    inf
  Source:                 uart_rx_deserializer_blk/p_data_temp_reg[6]/C
                            (rising edge-triggered cell FDCE clocked by sys_clk_pin  {rise@0.000ns fall@5.000ns period=10.000ns})
  Destination:            p_data[8]
                            (output port)
  Path Group:             (none)
  Path Type:              Min at Fast Process Corner
  Data Path Delay:        1.917ns  (logic 1.444ns (75.336%)  route 0.473ns (24.664%))
  Logic Levels:           2  (LUT2=1 OBUF=1)
  Clock Uncertainty:      0.025ns  ((TSJ^2 + TIJ^2)^1/2 + DJ) / 2 + PE
    Total System Jitter     (TSJ):    0.050ns
    Total Input Jitter      (TIJ):    0.000ns
    Discrete Jitter          (DJ):    0.000ns
    Phase Error              (PE):    0.000ns

    Location             Delay type                Incr(ns)  Path(ns)    Netlist Resource(s)
  -------------------------------------------------------------------    -------------------
                         (clock sys_clk_pin rise edge)
                                                      0.000     0.000 r  
    W5                                                0.000     0.000 r  clk (IN)
                         net (fo=0)                   0.000     0.000    clk
    W5                                                                r  clk_IBUF_inst/I
    W5                   IBUF (Prop_ibuf_I_O)         0.226     0.226 r  clk_IBUF_inst/O
                         net (fo=1, unplaced)         0.337     0.564    clk_IBUF
                                                                      r  clk_IBUF_BUFG_inst/I
                         BUFG (Prop_bufg_I_O)         0.026     0.590 r  clk_IBUF_BUFG_inst/O
                         net (fo=31, unplaced)        0.114     0.704    uart_rx_deserializer_blk/CLK
                         FDCE                                         r  uart_rx_deserializer_blk/p_data_temp_reg[6]/C
  -------------------------------------------------------------------    -------------------
                         FDCE (Prop_fdce_C_Q)         0.141     0.845 r  uart_rx_deserializer_blk/p_data_temp_reg[6]/Q
                         net (fo=2, unplaced)         0.136     0.980    uart_rx_controller_blk/p_data_temp[6]
                                                                      r  uart_rx_controller_blk/p_data_OBUF[8]_inst_i_1/I1
                         LUT2 (Prop_lut2_I1_O)        0.098     1.078 r  uart_rx_controller_blk/p_data_OBUF[8]_inst_i_1/O
                         net (fo=1, unplaced)         0.337     1.415    p_data_OBUF[8]
    V13                                                               r  p_data_OBUF[8]_inst/I
    V13                  OBUF (Prop_obuf_I_O)         1.205     2.621 r  p_data_OBUF[8]_inst/O
                         net (fo=0)                   0.000     2.621    p_data[8]
    V13                                                               r  p_data[8] (OUT)
  -------------------------------------------------------------------    -------------------

Slack:                    inf
  Source:                 uart_rx_deserializer_blk/p_data_temp_reg[4]/C
                            (rising edge-triggered cell FDCE clocked by sys_clk_pin  {rise@0.000ns fall@5.000ns period=10.000ns})
  Destination:            p_data[6]
                            (output port)
  Path Group:             (none)
  Path Type:              Min at Fast Process Corner
  Data Path Delay:        1.919ns  (logic 1.446ns (75.362%)  route 0.473ns (24.638%))
  Logic Levels:           2  (LUT2=1 OBUF=1)
  Clock Uncertainty:      0.025ns  ((TSJ^2 + TIJ^2)^1/2 + DJ) / 2 + PE
    Total System Jitter     (TSJ):    0.050ns
    Total Input Jitter      (TIJ):    0.000ns
    Discrete Jitter          (DJ):    0.000ns
    Phase Error              (PE):    0.000ns

    Location             Delay type                Incr(ns)  Path(ns)    Netlist Resource(s)
  -------------------------------------------------------------------    -------------------
                         (clock sys_clk_pin rise edge)
                                                      0.000     0.000 r  
    W5                                                0.000     0.000 r  clk (IN)
                         net (fo=0)                   0.000     0.000    clk
    W5                                                                r  clk_IBUF_inst/I
    W5                   IBUF (Prop_ibuf_I_O)         0.226     0.226 r  clk_IBUF_inst/O
                         net (fo=1, unplaced)         0.337     0.564    clk_IBUF
                                                                      r  clk_IBUF_BUFG_inst/I
                         BUFG (Prop_bufg_I_O)         0.026     0.590 r  clk_IBUF_BUFG_inst/O
                         net (fo=31, unplaced)        0.114     0.704    uart_rx_deserializer_blk/CLK
                         FDCE                                         r  uart_rx_deserializer_blk/p_data_temp_reg[4]/C
  -------------------------------------------------------------------    -------------------
                         FDCE (Prop_fdce_C_Q)         0.141     0.845 r  uart_rx_deserializer_blk/p_data_temp_reg[4]/Q
                         net (fo=2, unplaced)         0.136     0.980    uart_rx_controller_blk/p_data_temp[4]
                                                                      r  uart_rx_controller_blk/p_data_OBUF[6]_inst_i_1/I1
                         LUT2 (Prop_lut2_I1_O)        0.098     1.078 r  uart_rx_controller_blk/p_data_OBUF[6]_inst_i_1/O
                         net (fo=1, unplaced)         0.337     1.415    p_data_OBUF[6]
    U14                                                               r  p_data_OBUF[6]_inst/I
    U14                  OBUF (Prop_obuf_I_O)         1.207     2.623 r  p_data_OBUF[6]_inst/O
                         net (fo=0)                   0.000     2.623    p_data[6]
    U14                                                               r  p_data[6] (OUT)
  -------------------------------------------------------------------    -------------------

Slack:                    inf
  Source:                 uart_rx_deserializer_blk/p_data_temp_reg[7]/C
                            (rising edge-triggered cell FDCE clocked by sys_clk_pin  {rise@0.000ns fall@5.000ns period=10.000ns})
  Destination:            p_data[9]
                            (output port)
  Path Group:             (none)
  Path Type:              Min at Fast Process Corner
  Data Path Delay:        1.921ns  (logic 1.448ns (75.388%)  route 0.473ns (24.612%))
  Logic Levels:           2  (LUT2=1 OBUF=1)
  Clock Uncertainty:      0.025ns  ((TSJ^2 + TIJ^2)^1/2 + DJ) / 2 + PE
    Total System Jitter     (TSJ):    0.050ns
    Total Input Jitter      (TIJ):    0.000ns
    Discrete Jitter          (DJ):    0.000ns
    Phase Error              (PE):    0.000ns

    Location             Delay type                Incr(ns)  Path(ns)    Netlist Resource(s)
  -------------------------------------------------------------------    -------------------
                         (clock sys_clk_pin rise edge)
                                                      0.000     0.000 r  
    W5                                                0.000     0.000 r  clk (IN)
                         net (fo=0)                   0.000     0.000    clk
    W5                                                                r  clk_IBUF_inst/I
    W5                   IBUF (Prop_ibuf_I_O)         0.226     0.226 r  clk_IBUF_inst/O
                         net (fo=1, unplaced)         0.337     0.564    clk_IBUF
                                                                      r  clk_IBUF_BUFG_inst/I
                         BUFG (Prop_bufg_I_O)         0.026     0.590 r  clk_IBUF_BUFG_inst/O
                         net (fo=31, unplaced)        0.114     0.704    uart_rx_deserializer_blk/CLK
                         FDCE                                         r  uart_rx_deserializer_blk/p_data_temp_reg[7]/C
  -------------------------------------------------------------------    -------------------
                         FDCE (Prop_fdce_C_Q)         0.141     0.845 r  uart_rx_deserializer_blk/p_data_temp_reg[7]/Q
                         net (fo=2, unplaced)         0.136     0.980    uart_rx_controller_blk/p_data_temp[7]
                                                                      r  uart_rx_controller_blk/p_data_OBUF[9]_inst_i_1/I1
                         LUT2 (Prop_lut2_I1_O)        0.098     1.078 r  uart_rx_controller_blk/p_data_OBUF[9]_inst_i_1/O
                         net (fo=1, unplaced)         0.337     1.415    p_data_OBUF[9]
    V3                                                                r  p_data_OBUF[9]_inst/I
    V3                   OBUF (Prop_obuf_I_O)         1.209     2.625 r  p_data_OBUF[9]_inst/O
                         net (fo=0)                   0.000     2.625    p_data[9]
    V3                                                                r  p_data[9] (OUT)
  -------------------------------------------------------------------    -------------------

Slack:                    inf
  Source:                 uart_rx_deserializer_blk/p_data_temp_reg[2]/C
                            (rising edge-triggered cell FDCE clocked by sys_clk_pin  {rise@0.000ns fall@5.000ns period=10.000ns})
  Destination:            p_data[4]
                            (output port)
  Path Group:             (none)
  Path Type:              Min at Fast Process Corner
  Data Path Delay:        1.922ns  (logic 1.449ns (75.393%)  route 0.473ns (24.607%))
  Logic Levels:           2  (LUT2=1 OBUF=1)
  Clock Uncertainty:      0.025ns  ((TSJ^2 + TIJ^2)^1/2 + DJ) / 2 + PE
    Total System Jitter     (TSJ):    0.050ns
    Total Input Jitter      (TIJ):    0.000ns
    Discrete Jitter          (DJ):    0.000ns
    Phase Error              (PE):    0.000ns

    Location             Delay type                Incr(ns)  Path(ns)    Netlist Resource(s)
  -------------------------------------------------------------------    -------------------
                         (clock sys_clk_pin rise edge)
                                                      0.000     0.000 r  
    W5                                                0.000     0.000 r  clk (IN)
                         net (fo=0)                   0.000     0.000    clk
    W5                                                                r  clk_IBUF_inst/I
    W5                   IBUF (Prop_ibuf_I_O)         0.226     0.226 r  clk_IBUF_inst/O
                         net (fo=1, unplaced)         0.337     0.564    clk_IBUF
                                                                      r  clk_IBUF_BUFG_inst/I
                         BUFG (Prop_bufg_I_O)         0.026     0.590 r  clk_IBUF_BUFG_inst/O
                         net (fo=31, unplaced)        0.114     0.704    uart_rx_deserializer_blk/CLK
                         FDCE                                         r  uart_rx_deserializer_blk/p_data_temp_reg[2]/C
  -------------------------------------------------------------------    -------------------
                         FDCE (Prop_fdce_C_Q)         0.141     0.845 r  uart_rx_deserializer_blk/p_data_temp_reg[2]/Q
                         net (fo=2, unplaced)         0.136     0.980    uart_rx_controller_blk/p_data_temp[2]
                                                                      r  uart_rx_controller_blk/p_data_OBUF[4]_inst_i_1/I1
                         LUT2 (Prop_lut2_I1_O)        0.098     1.078 r  uart_rx_controller_blk/p_data_OBUF[4]_inst_i_1/O
                         net (fo=1, unplaced)         0.337     1.415    p_data_OBUF[4]
    W18                                                               r  p_data_OBUF[4]_inst/I
    W18                  OBUF (Prop_obuf_I_O)         1.210     2.625 r  p_data_OBUF[4]_inst/O
                         net (fo=0)                   0.000     2.625    p_data[4]
    W18                                                               r  p_data[4] (OUT)
  -------------------------------------------------------------------    -------------------

Slack:                    inf
  Source:                 uart_rx_deserializer_blk/p_data_temp_reg[1]/C
                            (rising edge-triggered cell FDCE clocked by sys_clk_pin  {rise@0.000ns fall@5.000ns period=10.000ns})
  Destination:            p_data[3]
                            (output port)
  Path Group:             (none)
  Path Type:              Min at Fast Process Corner
  Data Path Delay:        1.922ns  (logic 1.449ns (75.399%)  route 0.473ns (24.601%))
  Logic Levels:           2  (LUT2=1 OBUF=1)
  Clock Uncertainty:      0.025ns  ((TSJ^2 + TIJ^2)^1/2 + DJ) / 2 + PE
    Total System Jitter     (TSJ):    0.050ns
    Total Input Jitter      (TIJ):    0.000ns
    Discrete Jitter          (DJ):    0.000ns
    Phase Error              (PE):    0.000ns

    Location             Delay type                Incr(ns)  Path(ns)    Netlist Resource(s)
  -------------------------------------------------------------------    -------------------
                         (clock sys_clk_pin rise edge)
                                                      0.000     0.000 r  
    W5                                                0.000     0.000 r  clk (IN)
                         net (fo=0)                   0.000     0.000    clk
    W5                                                                r  clk_IBUF_inst/I
    W5                   IBUF (Prop_ibuf_I_O)         0.226     0.226 r  clk_IBUF_inst/O
                         net (fo=1, unplaced)         0.337     0.564    clk_IBUF
                                                                      r  clk_IBUF_BUFG_inst/I
                         BUFG (Prop_bufg_I_O)         0.026     0.590 r  clk_IBUF_BUFG_inst/O
                         net (fo=31, unplaced)        0.114     0.704    uart_rx_deserializer_blk/CLK
                         FDCE                                         r  uart_rx_deserializer_blk/p_data_temp_reg[1]/C
  -------------------------------------------------------------------    -------------------
                         FDCE (Prop_fdce_C_Q)         0.141     0.845 r  uart_rx_deserializer_blk/p_data_temp_reg[1]/Q
                         net (fo=2, unplaced)         0.136     0.980    uart_rx_controller_blk/p_data_temp[1]
                                                                      r  uart_rx_controller_blk/p_data_OBUF[3]_inst_i_1/I1
                         LUT2 (Prop_lut2_I1_O)        0.098     1.078 r  uart_rx_controller_blk/p_data_OBUF[3]_inst_i_1/O
                         net (fo=1, unplaced)         0.337     1.415    p_data_OBUF[3]
    V19                                                               r  p_data_OBUF[3]_inst/I
    V19                  OBUF (Prop_obuf_I_O)         1.210     2.625 r  p_data_OBUF[3]_inst/O
                         net (fo=0)                   0.000     2.625    p_data[3]
    V19                                                               r  p_data[3] (OUT)
  -------------------------------------------------------------------    -------------------

Slack:                    inf
  Source:                 uart_rx_deserializer_blk/p_data_temp_reg[3]/C
                            (rising edge-triggered cell FDCE clocked by sys_clk_pin  {rise@0.000ns fall@5.000ns period=10.000ns})
  Destination:            p_data[5]
                            (output port)
  Path Group:             (none)
  Path Type:              Min at Fast Process Corner
  Data Path Delay:        1.927ns  (logic 1.455ns (75.468%)  route 0.473ns (24.532%))
  Logic Levels:           2  (LUT2=1 OBUF=1)
  Clock Uncertainty:      0.025ns  ((TSJ^2 + TIJ^2)^1/2 + DJ) / 2 + PE
    Total System Jitter     (TSJ):    0.050ns
    Total Input Jitter      (TIJ):    0.000ns
    Discrete Jitter          (DJ):    0.000ns
    Phase Error              (PE):    0.000ns

    Location             Delay type                Incr(ns)  Path(ns)    Netlist Resource(s)
  -------------------------------------------------------------------    -------------------
                         (clock sys_clk_pin rise edge)
                                                      0.000     0.000 r  
    W5                                                0.000     0.000 r  clk (IN)
                         net (fo=0)                   0.000     0.000    clk
    W5                                                                r  clk_IBUF_inst/I
    W5                   IBUF (Prop_ibuf_I_O)         0.226     0.226 r  clk_IBUF_inst/O
                         net (fo=1, unplaced)         0.337     0.564    clk_IBUF
                                                                      r  clk_IBUF_BUFG_inst/I
                         BUFG (Prop_bufg_I_O)         0.026     0.590 r  clk_IBUF_BUFG_inst/O
                         net (fo=31, unplaced)        0.114     0.704    uart_rx_deserializer_blk/CLK
                         FDCE                                         r  uart_rx_deserializer_blk/p_data_temp_reg[3]/C
  -------------------------------------------------------------------    -------------------
                         FDCE (Prop_fdce_C_Q)         0.141     0.845 r  uart_rx_deserializer_blk/p_data_temp_reg[3]/Q
                         net (fo=2, unplaced)         0.136     0.980    uart_rx_controller_blk/p_data_temp[3]
                                                                      r  uart_rx_controller_blk/p_data_OBUF[5]_inst_i_1/I1
                         LUT2 (Prop_lut2_I1_O)        0.098     1.078 r  uart_rx_controller_blk/p_data_OBUF[5]_inst_i_1/O
                         net (fo=1, unplaced)         0.337     1.415    p_data_OBUF[5]
    U15                                                               r  p_data_OBUF[5]_inst/I
    U15                  OBUF (Prop_obuf_I_O)         1.216     2.631 r  p_data_OBUF[5]_inst/O
                         net (fo=0)                   0.000     2.631    p_data[5]
    U15                                                               r  p_data[5] (OUT)
  -------------------------------------------------------------------    -------------------





--------------------------------------------------------------------------------------
Path Group:  (none)
From Clock:  
  To Clock:  sys_clk_pin

Max Delay            40 Endpoints
Min Delay            40 Endpoints
--------------------------------------------------------------------------------------


Max Delay Paths
--------------------------------------------------------------------------------------
Slack:                    inf
  Source:                 par_en
                            (input port)
  Destination:            uart_rx_controller_blk/FSM_onehot_state_reg[4]/D
                            (rising edge-triggered cell FDRE clocked by sys_clk_pin  {rise@0.000ns fall@5.000ns period=10.000ns})
  Path Group:             (none)
  Path Type:              Setup (Max at Slow Process Corner)
  Data Path Delay:        3.411ns  (logic 1.709ns (50.112%)  route 1.702ns (49.888%))
  Logic Levels:           3  (IBUF=1 LUT6=2)
  Clock Path Skew:        2.678ns (DCD - SCD + CPR)
    Destination Clock Delay (DCD):    2.678ns
    Source Clock Delay      (SCD):    0.000ns
    Clock Pessimism Removal (CPR):    0.000ns

    Location             Delay type                Incr(ns)  Path(ns)    Netlist Resource(s)
  -------------------------------------------------------------------    -------------------
    V16                                               0.000     0.000 f  par_en (IN)
                         net (fo=0)                   0.000     0.000    par_en
    V16                                                               f  par_en_IBUF_inst/I
    V16                  IBUF (Prop_ibuf_I_O)         1.461     1.461 f  par_en_IBUF_inst/O
                         net (fo=3, unplaced)         0.800     2.261    uart_rx_counters_blk/par_en_IBUF
                                                                      f  uart_rx_counters_blk/FSM_onehot_state[4]_i_2/I0
                         LUT6 (Prop_lut6_I0_O)        0.124     2.385 r  uart_rx_counters_blk/FSM_onehot_state[4]_i_2/O
                         net (fo=1, unplaced)         0.902     3.287    uart_rx_counters_blk/FSM_onehot_state[4]_i_2_n_0
                                                                      r  uart_rx_counters_blk/FSM_onehot_state[4]_i_1/I2
                         LUT6 (Prop_lut6_I2_O)        0.124     3.411 r  uart_rx_counters_blk/FSM_onehot_state[4]_i_1/O
                         net (fo=1, unplaced)         0.000     3.411    uart_rx_controller_blk/FSM_onehot_state_reg[5]_0[4]
                         FDRE                                         r  uart_rx_controller_blk/FSM_onehot_state_reg[4]/D
  -------------------------------------------------------------------    -------------------

                         (clock sys_clk_pin rise edge)
                                                      0.000     0.000 r  
    W5                                                0.000     0.000 r  clk (IN)
                         net (fo=0)                   0.000     0.000    clk
    W5                                                                r  clk_IBUF_inst/I
    W5                   IBUF (Prop_ibuf_I_O)         1.388     1.388 r  clk_IBUF_inst/O
                         net (fo=1, unplaced)         0.760     2.148    clk_IBUF
                                                                      r  clk_IBUF_BUFG_inst/I
                         BUFG (Prop_bufg_I_O)         0.091     2.239 r  clk_IBUF_BUFG_inst/O
                         net (fo=31, unplaced)        0.439     2.678    uart_rx_controller_blk/CLK
                         FDRE                                         r  uart_rx_controller_blk/FSM_onehot_state_reg[4]/C

Slack:                    inf
  Source:                 rst_n
                            (input port)
  Destination:            uart_rx_controller_blk/FSM_onehot_state_reg[0]/S
                            (rising edge-triggered cell FDSE clocked by sys_clk_pin  {rise@0.000ns fall@5.000ns period=10.000ns})
  Path Group:             (none)
  Path Type:              Setup (Max at Slow Process Corner)
  Data Path Delay:        3.211ns  (logic 1.565ns (48.748%)  route 1.646ns (51.252%))
  Logic Levels:           2  (IBUF=1 LUT1=1)
  Clock Path Skew:        2.678ns (DCD - SCD + CPR)
    Destination Clock Delay (DCD):    2.678ns
    Source Clock Delay      (SCD):    0.000ns
    Clock Pessimism Removal (CPR):    0.000ns

    Location             Delay type                Incr(ns)  Path(ns)    Netlist Resource(s)
  -------------------------------------------------------------------    -------------------
    U18                                               0.000     0.000 f  rst_n (IN)
                         net (fo=0)                   0.000     0.000    rst_n
    U18                                                               f  rst_n_IBUF_inst/I
    U18                  IBUF (Prop_ibuf_I_O)         1.441     1.441 f  rst_n_IBUF_inst/O
                         net (fo=2, unplaced)         0.800     2.241    uart_rx_counters_blk/rst_n_IBUF
                                                                      f  uart_rx_counters_blk/FSM_onehot_state[5]_i_1/I0
                         LUT1 (Prop_lut1_I0_O)        0.124     2.365 r  uart_rx_counters_blk/FSM_onehot_state[5]_i_1/O
                         net (fo=31, unplaced)        0.846     3.211    uart_rx_controller_blk/SS[0]
                         FDSE                                         r  uart_rx_controller_blk/FSM_onehot_state_reg[0]/S
  -------------------------------------------------------------------    -------------------

                         (clock sys_clk_pin rise edge)
                                                      0.000     0.000 r  
    W5                                                0.000     0.000 r  clk (IN)
                         net (fo=0)                   0.000     0.000    clk
    W5                                                                r  clk_IBUF_inst/I
    W5                   IBUF (Prop_ibuf_I_O)         1.388     1.388 r  clk_IBUF_inst/O
                         net (fo=1, unplaced)         0.760     2.148    clk_IBUF
                                                                      r  clk_IBUF_BUFG_inst/I
                         BUFG (Prop_bufg_I_O)         0.091     2.239 r  clk_IBUF_BUFG_inst/O
                         net (fo=31, unplaced)        0.439     2.678    uart_rx_controller_blk/CLK
                         FDSE                                         r  uart_rx_controller_blk/FSM_onehot_state_reg[0]/C

Slack:                    inf
  Source:                 rst_n
                            (input port)
  Destination:            uart_rx_controller_blk/FSM_onehot_state_reg[1]/R
                            (rising edge-triggered cell FDRE clocked by sys_clk_pin  {rise@0.000ns fall@5.000ns period=10.000ns})
  Path Group:             (none)
  Path Type:              Setup (Max at Slow Process Corner)
  Data Path Delay:        3.211ns  (logic 1.565ns (48.748%)  route 1.646ns (51.252%))
  Logic Levels:           2  (IBUF=1 LUT1=1)
  Clock Path Skew:        2.678ns (DCD - SCD + CPR)
    Destination Clock Delay (DCD):    2.678ns
    Source Clock Delay      (SCD):    0.000ns
    Clock Pessimism Removal (CPR):    0.000ns

    Location             Delay type                Incr(ns)  Path(ns)    Netlist Resource(s)
  -------------------------------------------------------------------    -------------------
    U18                                               0.000     0.000 f  rst_n (IN)
                         net (fo=0)                   0.000     0.000    rst_n
    U18                                                               f  rst_n_IBUF_inst/I
    U18                  IBUF (Prop_ibuf_I_O)         1.441     1.441 f  rst_n_IBUF_inst/O
                         net (fo=2, unplaced)         0.800     2.241    uart_rx_counters_blk/rst_n_IBUF
                                                                      f  uart_rx_counters_blk/FSM_onehot_state[5]_i_1/I0
                         LUT1 (Prop_lut1_I0_O)        0.124     2.365 r  uart_rx_counters_blk/FSM_onehot_state[5]_i_1/O
                         net (fo=31, unplaced)        0.846     3.211    uart_rx_controller_blk/SS[0]
                         FDRE                                         r  uart_rx_controller_blk/FSM_onehot_state_reg[1]/R
  -------------------------------------------------------------------    -------------------

                         (clock sys_clk_pin rise edge)
                                                      0.000     0.000 r  
    W5                                                0.000     0.000 r  clk (IN)
                         net (fo=0)                   0.000     0.000    clk
    W5                                                                r  clk_IBUF_inst/I
    W5                   IBUF (Prop_ibuf_I_O)         1.388     1.388 r  clk_IBUF_inst/O
                         net (fo=1, unplaced)         0.760     2.148    clk_IBUF
                                                                      r  clk_IBUF_BUFG_inst/I
                         BUFG (Prop_bufg_I_O)         0.091     2.239 r  clk_IBUF_BUFG_inst/O
                         net (fo=31, unplaced)        0.439     2.678    uart_rx_controller_blk/CLK
                         FDRE                                         r  uart_rx_controller_blk/FSM_onehot_state_reg[1]/C

Slack:                    inf
  Source:                 rst_n
                            (input port)
  Destination:            uart_rx_controller_blk/FSM_onehot_state_reg[2]/R
                            (rising edge-triggered cell FDRE clocked by sys_clk_pin  {rise@0.000ns fall@5.000ns period=10.000ns})
  Path Group:             (none)
  Path Type:              Setup (Max at Slow Process Corner)
  Data Path Delay:        3.211ns  (logic 1.565ns (48.748%)  route 1.646ns (51.252%))
  Logic Levels:           2  (IBUF=1 LUT1=1)
  Clock Path Skew:        2.678ns (DCD - SCD + CPR)
    Destination Clock Delay (DCD):    2.678ns
    Source Clock Delay      (SCD):    0.000ns
    Clock Pessimism Removal (CPR):    0.000ns

    Location             Delay type                Incr(ns)  Path(ns)    Netlist Resource(s)
  -------------------------------------------------------------------    -------------------
    U18                                               0.000     0.000 f  rst_n (IN)
                         net (fo=0)                   0.000     0.000    rst_n
    U18                                                               f  rst_n_IBUF_inst/I
    U18                  IBUF (Prop_ibuf_I_O)         1.441     1.441 f  rst_n_IBUF_inst/O
                         net (fo=2, unplaced)         0.800     2.241    uart_rx_counters_blk/rst_n_IBUF
                                                                      f  uart_rx_counters_blk/FSM_onehot_state[5]_i_1/I0
                         LUT1 (Prop_lut1_I0_O)        0.124     2.365 r  uart_rx_counters_blk/FSM_onehot_state[5]_i_1/O
                         net (fo=31, unplaced)        0.846     3.211    uart_rx_controller_blk/SS[0]
                         FDRE                                         r  uart_rx_controller_blk/FSM_onehot_state_reg[2]/R
  -------------------------------------------------------------------    -------------------

                         (clock sys_clk_pin rise edge)
                                                      0.000     0.000 r  
    W5                                                0.000     0.000 r  clk (IN)
                         net (fo=0)                   0.000     0.000    clk
    W5                                                                r  clk_IBUF_inst/I
    W5                   IBUF (Prop_ibuf_I_O)         1.388     1.388 r  clk_IBUF_inst/O
                         net (fo=1, unplaced)         0.760     2.148    clk_IBUF
                                                                      r  clk_IBUF_BUFG_inst/I
                         BUFG (Prop_bufg_I_O)         0.091     2.239 r  clk_IBUF_BUFG_inst/O
                         net (fo=31, unplaced)        0.439     2.678    uart_rx_controller_blk/CLK
                         FDRE                                         r  uart_rx_controller_blk/FSM_onehot_state_reg[2]/C

Slack:                    inf
  Source:                 rst_n
                            (input port)
  Destination:            uart_rx_controller_blk/FSM_onehot_state_reg[3]/R
                            (rising edge-triggered cell FDRE clocked by sys_clk_pin  {rise@0.000ns fall@5.000ns period=10.000ns})
  Path Group:             (none)
  Path Type:              Setup (Max at Slow Process Corner)
  Data Path Delay:        3.211ns  (logic 1.565ns (48.748%)  route 1.646ns (51.252%))
  Logic Levels:           2  (IBUF=1 LUT1=1)
  Clock Path Skew:        2.678ns (DCD - SCD + CPR)
    Destination Clock Delay (DCD):    2.678ns
    Source Clock Delay      (SCD):    0.000ns
    Clock Pessimism Removal (CPR):    0.000ns

    Location             Delay type                Incr(ns)  Path(ns)    Netlist Resource(s)
  -------------------------------------------------------------------    -------------------
    U18                                               0.000     0.000 f  rst_n (IN)
                         net (fo=0)                   0.000     0.000    rst_n
    U18                                                               f  rst_n_IBUF_inst/I
    U18                  IBUF (Prop_ibuf_I_O)         1.441     1.441 f  rst_n_IBUF_inst/O
                         net (fo=2, unplaced)         0.800     2.241    uart_rx_counters_blk/rst_n_IBUF
                                                                      f  uart_rx_counters_blk/FSM_onehot_state[5]_i_1/I0
                         LUT1 (Prop_lut1_I0_O)        0.124     2.365 r  uart_rx_counters_blk/FSM_onehot_state[5]_i_1/O
                         net (fo=31, unplaced)        0.846     3.211    uart_rx_controller_blk/SS[0]
                         FDRE                                         r  uart_rx_controller_blk/FSM_onehot_state_reg[3]/R
  -------------------------------------------------------------------    -------------------

                         (clock sys_clk_pin rise edge)
                                                      0.000     0.000 r  
    W5                                                0.000     0.000 r  clk (IN)
                         net (fo=0)                   0.000     0.000    clk
    W5                                                                r  clk_IBUF_inst/I
    W5                   IBUF (Prop_ibuf_I_O)         1.388     1.388 r  clk_IBUF_inst/O
                         net (fo=1, unplaced)         0.760     2.148    clk_IBUF
                                                                      r  clk_IBUF_BUFG_inst/I
                         BUFG (Prop_bufg_I_O)         0.091     2.239 r  clk_IBUF_BUFG_inst/O
                         net (fo=31, unplaced)        0.439     2.678    uart_rx_controller_blk/CLK
                         FDRE                                         r  uart_rx_controller_blk/FSM_onehot_state_reg[3]/C

Slack:                    inf
  Source:                 rst_n
                            (input port)
  Destination:            uart_rx_controller_blk/FSM_onehot_state_reg[4]/R
                            (rising edge-triggered cell FDRE clocked by sys_clk_pin  {rise@0.000ns fall@5.000ns period=10.000ns})
  Path Group:             (none)
  Path Type:              Setup (Max at Slow Process Corner)
  Data Path Delay:        3.211ns  (logic 1.565ns (48.748%)  route 1.646ns (51.252%))
  Logic Levels:           2  (IBUF=1 LUT1=1)
  Clock Path Skew:        2.678ns (DCD - SCD + CPR)
    Destination Clock Delay (DCD):    2.678ns
    Source Clock Delay      (SCD):    0.000ns
    Clock Pessimism Removal (CPR):    0.000ns

    Location             Delay type                Incr(ns)  Path(ns)    Netlist Resource(s)
  -------------------------------------------------------------------    -------------------
    U18                                               0.000     0.000 f  rst_n (IN)
                         net (fo=0)                   0.000     0.000    rst_n
    U18                                                               f  rst_n_IBUF_inst/I
    U18                  IBUF (Prop_ibuf_I_O)         1.441     1.441 f  rst_n_IBUF_inst/O
                         net (fo=2, unplaced)         0.800     2.241    uart_rx_counters_blk/rst_n_IBUF
                                                                      f  uart_rx_counters_blk/FSM_onehot_state[5]_i_1/I0
                         LUT1 (Prop_lut1_I0_O)        0.124     2.365 r  uart_rx_counters_blk/FSM_onehot_state[5]_i_1/O
                         net (fo=31, unplaced)        0.846     3.211    uart_rx_controller_blk/SS[0]
                         FDRE                                         r  uart_rx_controller_blk/FSM_onehot_state_reg[4]/R
  -------------------------------------------------------------------    -------------------

                         (clock sys_clk_pin rise edge)
                                                      0.000     0.000 r  
    W5                                                0.000     0.000 r  clk (IN)
                         net (fo=0)                   0.000     0.000    clk
    W5                                                                r  clk_IBUF_inst/I
    W5                   IBUF (Prop_ibuf_I_O)         1.388     1.388 r  clk_IBUF_inst/O
                         net (fo=1, unplaced)         0.760     2.148    clk_IBUF
                                                                      r  clk_IBUF_BUFG_inst/I
                         BUFG (Prop_bufg_I_O)         0.091     2.239 r  clk_IBUF_BUFG_inst/O
                         net (fo=31, unplaced)        0.439     2.678    uart_rx_controller_blk/CLK
                         FDRE                                         r  uart_rx_controller_blk/FSM_onehot_state_reg[4]/C

Slack:                    inf
  Source:                 rst_n
                            (input port)
  Destination:            uart_rx_controller_blk/FSM_onehot_state_reg[5]/R
                            (rising edge-triggered cell FDRE clocked by sys_clk_pin  {rise@0.000ns fall@5.000ns period=10.000ns})
  Path Group:             (none)
  Path Type:              Setup (Max at Slow Process Corner)
  Data Path Delay:        3.211ns  (logic 1.565ns (48.748%)  route 1.646ns (51.252%))
  Logic Levels:           2  (IBUF=1 LUT1=1)
  Clock Path Skew:        2.678ns (DCD - SCD + CPR)
    Destination Clock Delay (DCD):    2.678ns
    Source Clock Delay      (SCD):    0.000ns
    Clock Pessimism Removal (CPR):    0.000ns

    Location             Delay type                Incr(ns)  Path(ns)    Netlist Resource(s)
  -------------------------------------------------------------------    -------------------
    U18                                               0.000     0.000 f  rst_n (IN)
                         net (fo=0)                   0.000     0.000    rst_n
    U18                                                               f  rst_n_IBUF_inst/I
    U18                  IBUF (Prop_ibuf_I_O)         1.441     1.441 f  rst_n_IBUF_inst/O
                         net (fo=2, unplaced)         0.800     2.241    uart_rx_counters_blk/rst_n_IBUF
                                                                      f  uart_rx_counters_blk/FSM_onehot_state[5]_i_1/I0
                         LUT1 (Prop_lut1_I0_O)        0.124     2.365 r  uart_rx_counters_blk/FSM_onehot_state[5]_i_1/O
                         net (fo=31, unplaced)        0.846     3.211    uart_rx_controller_blk/SS[0]
                         FDRE                                         r  uart_rx_controller_blk/FSM_onehot_state_reg[5]/R
  -------------------------------------------------------------------    -------------------

                         (clock sys_clk_pin rise edge)
                                                      0.000     0.000 r  
    W5                                                0.000     0.000 r  clk (IN)
                         net (fo=0)                   0.000     0.000    clk
    W5                                                                r  clk_IBUF_inst/I
    W5                   IBUF (Prop_ibuf_I_O)         1.388     1.388 r  clk_IBUF_inst/O
                         net (fo=1, unplaced)         0.760     2.148    clk_IBUF
                                                                      r  clk_IBUF_BUFG_inst/I
                         BUFG (Prop_bufg_I_O)         0.091     2.239 r  clk_IBUF_BUFG_inst/O
                         net (fo=31, unplaced)        0.439     2.678    uart_rx_controller_blk/CLK
                         FDRE                                         r  uart_rx_controller_blk/FSM_onehot_state_reg[5]/C

Slack:                    inf
  Source:                 rst_n
                            (input port)
  Destination:            uart_rx_counters_blk/bit_cnt_reg[0]/CLR
                            (recovery check against rising-edge clock sys_clk_pin  {rise@0.000ns fall@5.000ns period=10.000ns})
  Path Group:             (none)
  Path Type:              Recovery (Max at Slow Process Corner)
  Data Path Delay:        3.211ns  (logic 1.565ns (48.748%)  route 1.646ns (51.252%))
  Logic Levels:           2  (IBUF=1 LUT1=1)
  Clock Path Skew:        2.678ns (DCD - SCD + CPR)
    Destination Clock Delay (DCD):    2.678ns
    Source Clock Delay      (SCD):    0.000ns
    Clock Pessimism Removal (CPR):    0.000ns

    Location             Delay type                Incr(ns)  Path(ns)    Netlist Resource(s)
  -------------------------------------------------------------------    -------------------
    U18                                               0.000     0.000 r  rst_n (IN)
                         net (fo=0)                   0.000     0.000    rst_n
    U18                                                               r  rst_n_IBUF_inst/I
    U18                  IBUF (Prop_ibuf_I_O)         1.441     1.441 r  rst_n_IBUF_inst/O
                         net (fo=2, unplaced)         0.800     2.241    uart_rx_counters_blk/rst_n_IBUF
                                                                      r  uart_rx_counters_blk/FSM_onehot_state[5]_i_1/I0
                         LUT1 (Prop_lut1_I0_O)        0.124     2.365 f  uart_rx_counters_blk/FSM_onehot_state[5]_i_1/O
                         net (fo=31, unplaced)        0.846     3.211    uart_rx_counters_blk/SS[0]
                         FDCE                                         f  uart_rx_counters_blk/bit_cnt_reg[0]/CLR
  -------------------------------------------------------------------    -------------------

                         (clock sys_clk_pin rise edge)
                                                      0.000     0.000 r  
    W5                                                0.000     0.000 r  clk (IN)
                         net (fo=0)                   0.000     0.000    clk
    W5                                                                r  clk_IBUF_inst/I
    W5                   IBUF (Prop_ibuf_I_O)         1.388     1.388 r  clk_IBUF_inst/O
                         net (fo=1, unplaced)         0.760     2.148    clk_IBUF
                                                                      r  clk_IBUF_BUFG_inst/I
                         BUFG (Prop_bufg_I_O)         0.091     2.239 r  clk_IBUF_BUFG_inst/O
                         net (fo=31, unplaced)        0.439     2.678    uart_rx_counters_blk/CLK
                         FDCE                                         r  uart_rx_counters_blk/bit_cnt_reg[0]/C

Slack:                    inf
  Source:                 rst_n
                            (input port)
  Destination:            uart_rx_counters_blk/bit_cnt_reg[1]/CLR
                            (recovery check against rising-edge clock sys_clk_pin  {rise@0.000ns fall@5.000ns period=10.000ns})
  Path Group:             (none)
  Path Type:              Recovery (Max at Slow Process Corner)
  Data Path Delay:        3.211ns  (logic 1.565ns (48.748%)  route 1.646ns (51.252%))
  Logic Levels:           2  (IBUF=1 LUT1=1)
  Clock Path Skew:        2.678ns (DCD - SCD + CPR)
    Destination Clock Delay (DCD):    2.678ns
    Source Clock Delay      (SCD):    0.000ns
    Clock Pessimism Removal (CPR):    0.000ns

    Location             Delay type                Incr(ns)  Path(ns)    Netlist Resource(s)
  -------------------------------------------------------------------    -------------------
    U18                                               0.000     0.000 r  rst_n (IN)
                         net (fo=0)                   0.000     0.000    rst_n
    U18                                                               r  rst_n_IBUF_inst/I
    U18                  IBUF (Prop_ibuf_I_O)         1.441     1.441 r  rst_n_IBUF_inst/O
                         net (fo=2, unplaced)         0.800     2.241    uart_rx_counters_blk/rst_n_IBUF
                                                                      r  uart_rx_counters_blk/FSM_onehot_state[5]_i_1/I0
                         LUT1 (Prop_lut1_I0_O)        0.124     2.365 f  uart_rx_counters_blk/FSM_onehot_state[5]_i_1/O
                         net (fo=31, unplaced)        0.846     3.211    uart_rx_counters_blk/SS[0]
                         FDCE                                         f  uart_rx_counters_blk/bit_cnt_reg[1]/CLR
  -------------------------------------------------------------------    -------------------

                         (clock sys_clk_pin rise edge)
                                                      0.000     0.000 r  
    W5                                                0.000     0.000 r  clk (IN)
                         net (fo=0)                   0.000     0.000    clk
    W5                                                                r  clk_IBUF_inst/I
    W5                   IBUF (Prop_ibuf_I_O)         1.388     1.388 r  clk_IBUF_inst/O
                         net (fo=1, unplaced)         0.760     2.148    clk_IBUF
                                                                      r  clk_IBUF_BUFG_inst/I
                         BUFG (Prop_bufg_I_O)         0.091     2.239 r  clk_IBUF_BUFG_inst/O
                         net (fo=31, unplaced)        0.439     2.678    uart_rx_counters_blk/CLK
                         FDCE                                         r  uart_rx_counters_blk/bit_cnt_reg[1]/C

Slack:                    inf
  Source:                 rst_n
                            (input port)
  Destination:            uart_rx_counters_blk/bit_cnt_reg[2]/CLR
                            (recovery check against rising-edge clock sys_clk_pin  {rise@0.000ns fall@5.000ns period=10.000ns})
  Path Group:             (none)
  Path Type:              Recovery (Max at Slow Process Corner)
  Data Path Delay:        3.211ns  (logic 1.565ns (48.748%)  route 1.646ns (51.252%))
  Logic Levels:           2  (IBUF=1 LUT1=1)
  Clock Path Skew:        2.678ns (DCD - SCD + CPR)
    Destination Clock Delay (DCD):    2.678ns
    Source Clock Delay      (SCD):    0.000ns
    Clock Pessimism Removal (CPR):    0.000ns

    Location             Delay type                Incr(ns)  Path(ns)    Netlist Resource(s)
  -------------------------------------------------------------------    -------------------
    U18                                               0.000     0.000 r  rst_n (IN)
                         net (fo=0)                   0.000     0.000    rst_n
    U18                                                               r  rst_n_IBUF_inst/I
    U18                  IBUF (Prop_ibuf_I_O)         1.441     1.441 r  rst_n_IBUF_inst/O
                         net (fo=2, unplaced)         0.800     2.241    uart_rx_counters_blk/rst_n_IBUF
                                                                      r  uart_rx_counters_blk/FSM_onehot_state[5]_i_1/I0
                         LUT1 (Prop_lut1_I0_O)        0.124     2.365 f  uart_rx_counters_blk/FSM_onehot_state[5]_i_1/O
                         net (fo=31, unplaced)        0.846     3.211    uart_rx_counters_blk/SS[0]
                         FDCE                                         f  uart_rx_counters_blk/bit_cnt_reg[2]/CLR
  -------------------------------------------------------------------    -------------------

                         (clock sys_clk_pin rise edge)
                                                      0.000     0.000 r  
    W5                                                0.000     0.000 r  clk (IN)
                         net (fo=0)                   0.000     0.000    clk
    W5                                                                r  clk_IBUF_inst/I
    W5                   IBUF (Prop_ibuf_I_O)         1.388     1.388 r  clk_IBUF_inst/O
                         net (fo=1, unplaced)         0.760     2.148    clk_IBUF
                                                                      r  clk_IBUF_BUFG_inst/I
                         BUFG (Prop_bufg_I_O)         0.091     2.239 r  clk_IBUF_BUFG_inst/O
                         net (fo=31, unplaced)        0.439     2.678    uart_rx_counters_blk/CLK
                         FDCE                                         r  uart_rx_counters_blk/bit_cnt_reg[2]/C





Min Delay Paths
--------------------------------------------------------------------------------------
Slack:                    inf
  Source:                 rx_in
                            (input port)
  Destination:            uart_rx_data_sampling_blk/three_samps_data_reg[0]/D
                            (rising edge-triggered cell FDCE clocked by sys_clk_pin  {rise@0.000ns fall@5.000ns period=10.000ns})
  Path Group:             (none)
  Path Type:              Hold (Min at Fast Process Corner)
  Data Path Delay:        0.558ns  (logic 0.221ns (39.595%)  route 0.337ns (60.405%))
  Logic Levels:           1  (IBUF=1)
  Clock Path Skew:        1.057ns (DCD - SCD - CPR)
    Destination Clock Delay (DCD):    1.057ns
    Source Clock Delay      (SCD):    0.000ns
    Clock Pessimism Removal (CPR):    -0.000ns

    Location             Delay type                Incr(ns)  Path(ns)    Netlist Resource(s)
  -------------------------------------------------------------------    -------------------
    V17                                               0.000     0.000 r  rx_in (IN)
                         net (fo=0)                   0.000     0.000    rx_in
    V17                                                               r  rx_in_IBUF_inst/I
    V17                  IBUF (Prop_ibuf_I_O)         0.221     0.221 r  rx_in_IBUF_inst/O
                         net (fo=5, unplaced)         0.337     0.558    uart_rx_data_sampling_blk/D[0]
                         FDCE                                         r  uart_rx_data_sampling_blk/three_samps_data_reg[0]/D
  -------------------------------------------------------------------    -------------------

                         (clock sys_clk_pin rise edge)
                                                      0.000     0.000 r  
    W5                                                0.000     0.000 r  clk (IN)
                         net (fo=0)                   0.000     0.000    clk
    W5                                                                r  clk_IBUF_inst/I
    W5                   IBUF (Prop_ibuf_I_O)         0.414     0.414 r  clk_IBUF_inst/O
                         net (fo=1, unplaced)         0.355     0.769    clk_IBUF
                                                                      r  clk_IBUF_BUFG_inst/I
                         BUFG (Prop_bufg_I_O)         0.029     0.798 r  clk_IBUF_BUFG_inst/O
                         net (fo=31, unplaced)        0.259     1.057    uart_rx_data_sampling_blk/CLK
                         FDCE                                         r  uart_rx_data_sampling_blk/three_samps_data_reg[0]/C

Slack:                    inf
  Source:                 rx_in
                            (input port)
  Destination:            uart_rx_data_sampling_blk/three_samps_data_reg[1]/D
                            (rising edge-triggered cell FDCE clocked by sys_clk_pin  {rise@0.000ns fall@5.000ns period=10.000ns})
  Path Group:             (none)
  Path Type:              Hold (Min at Fast Process Corner)
  Data Path Delay:        0.558ns  (logic 0.221ns (39.595%)  route 0.337ns (60.405%))
  Logic Levels:           1  (IBUF=1)
  Clock Path Skew:        1.057ns (DCD - SCD - CPR)
    Destination Clock Delay (DCD):    1.057ns
    Source Clock Delay      (SCD):    0.000ns
    Clock Pessimism Removal (CPR):    -0.000ns

    Location             Delay type                Incr(ns)  Path(ns)    Netlist Resource(s)
  -------------------------------------------------------------------    -------------------
    V17                                               0.000     0.000 r  rx_in (IN)
                         net (fo=0)                   0.000     0.000    rx_in
    V17                                                               r  rx_in_IBUF_inst/I
    V17                  IBUF (Prop_ibuf_I_O)         0.221     0.221 r  rx_in_IBUF_inst/O
                         net (fo=5, unplaced)         0.337     0.558    uart_rx_data_sampling_blk/D[0]
                         FDCE                                         r  uart_rx_data_sampling_blk/three_samps_data_reg[1]/D
  -------------------------------------------------------------------    -------------------

                         (clock sys_clk_pin rise edge)
                                                      0.000     0.000 r  
    W5                                                0.000     0.000 r  clk (IN)
                         net (fo=0)                   0.000     0.000    clk
    W5                                                                r  clk_IBUF_inst/I
    W5                   IBUF (Prop_ibuf_I_O)         0.414     0.414 r  clk_IBUF_inst/O
                         net (fo=1, unplaced)         0.355     0.769    clk_IBUF
                                                                      r  clk_IBUF_BUFG_inst/I
                         BUFG (Prop_bufg_I_O)         0.029     0.798 r  clk_IBUF_BUFG_inst/O
                         net (fo=31, unplaced)        0.259     1.057    uart_rx_data_sampling_blk/CLK
                         FDCE                                         r  uart_rx_data_sampling_blk/three_samps_data_reg[1]/C

Slack:                    inf
  Source:                 rx_in
                            (input port)
  Destination:            uart_rx_data_sampling_blk/three_samps_data_reg[2]/D
                            (rising edge-triggered cell FDCE clocked by sys_clk_pin  {rise@0.000ns fall@5.000ns period=10.000ns})
  Path Group:             (none)
  Path Type:              Hold (Min at Fast Process Corner)
  Data Path Delay:        0.558ns  (logic 0.221ns (39.595%)  route 0.337ns (60.405%))
  Logic Levels:           1  (IBUF=1)
  Clock Path Skew:        1.057ns (DCD - SCD - CPR)
    Destination Clock Delay (DCD):    1.057ns
    Source Clock Delay      (SCD):    0.000ns
    Clock Pessimism Removal (CPR):    -0.000ns

    Location             Delay type                Incr(ns)  Path(ns)    Netlist Resource(s)
  -------------------------------------------------------------------    -------------------
    V17                                               0.000     0.000 r  rx_in (IN)
                         net (fo=0)                   0.000     0.000    rx_in
    V17                                                               r  rx_in_IBUF_inst/I
    V17                  IBUF (Prop_ibuf_I_O)         0.221     0.221 r  rx_in_IBUF_inst/O
                         net (fo=5, unplaced)         0.337     0.558    uart_rx_data_sampling_blk/D[0]
                         FDCE                                         r  uart_rx_data_sampling_blk/three_samps_data_reg[2]/D
  -------------------------------------------------------------------    -------------------

                         (clock sys_clk_pin rise edge)
                                                      0.000     0.000 r  
    W5                                                0.000     0.000 r  clk (IN)
                         net (fo=0)                   0.000     0.000    clk
    W5                                                                r  clk_IBUF_inst/I
    W5                   IBUF (Prop_ibuf_I_O)         0.414     0.414 r  clk_IBUF_inst/O
                         net (fo=1, unplaced)         0.355     0.769    clk_IBUF
                                                                      r  clk_IBUF_BUFG_inst/I
                         BUFG (Prop_bufg_I_O)         0.029     0.798 r  clk_IBUF_BUFG_inst/O
                         net (fo=31, unplaced)        0.259     1.057    uart_rx_data_sampling_blk/CLK
                         FDCE                                         r  uart_rx_data_sampling_blk/three_samps_data_reg[2]/C

Slack:                    inf
  Source:                 rx_in
                            (input port)
  Destination:            uart_rx_controller_blk/FSM_onehot_state_reg[1]/D
                            (rising edge-triggered cell FDRE clocked by sys_clk_pin  {rise@0.000ns fall@5.000ns period=10.000ns})
  Path Group:             (none)
  Path Type:              Hold (Min at Fast Process Corner)
  Data Path Delay:        0.603ns  (logic 0.266ns (44.102%)  route 0.337ns (55.898%))
  Logic Levels:           2  (IBUF=1 LUT5=1)
  Clock Path Skew:        1.057ns (DCD - SCD - CPR)
    Destination Clock Delay (DCD):    1.057ns
    Source Clock Delay      (SCD):    0.000ns
    Clock Pessimism Removal (CPR):    -0.000ns

    Location             Delay type                Incr(ns)  Path(ns)    Netlist Resource(s)
  -------------------------------------------------------------------    -------------------
    V17                                               0.000     0.000 f  rx_in (IN)
                         net (fo=0)                   0.000     0.000    rx_in
    V17                                                               f  rx_in_IBUF_inst/I
    V17                  IBUF (Prop_ibuf_I_O)         0.221     0.221 f  rx_in_IBUF_inst/O
                         net (fo=5, unplaced)         0.337     0.558    uart_rx_counters_blk/D[0]
                                                                      f  uart_rx_counters_blk/FSM_onehot_state[1]_i_1/I3
                         LUT5 (Prop_lut5_I3_O)        0.045     0.603 r  uart_rx_counters_blk/FSM_onehot_state[1]_i_1/O
                         net (fo=1, unplaced)         0.000     0.603    uart_rx_controller_blk/FSM_onehot_state_reg[5]_0[1]
                         FDRE                                         r  uart_rx_controller_blk/FSM_onehot_state_reg[1]/D
  -------------------------------------------------------------------    -------------------

                         (clock sys_clk_pin rise edge)
                                                      0.000     0.000 r  
    W5                                                0.000     0.000 r  clk (IN)
                         net (fo=0)                   0.000     0.000    clk
    W5                                                                r  clk_IBUF_inst/I
    W5                   IBUF (Prop_ibuf_I_O)         0.414     0.414 r  clk_IBUF_inst/O
                         net (fo=1, unplaced)         0.355     0.769    clk_IBUF
                                                                      r  clk_IBUF_BUFG_inst/I
                         BUFG (Prop_bufg_I_O)         0.029     0.798 r  clk_IBUF_BUFG_inst/O
                         net (fo=31, unplaced)        0.259     1.057    uart_rx_controller_blk/CLK
                         FDRE                                         r  uart_rx_controller_blk/FSM_onehot_state_reg[1]/C

Slack:                    inf
  Source:                 par_en
                            (input port)
  Destination:            uart_rx_controller_blk/FSM_onehot_state_reg[3]/D
                            (rising edge-triggered cell FDRE clocked by sys_clk_pin  {rise@0.000ns fall@5.000ns period=10.000ns})
  Path Group:             (none)
  Path Type:              Hold (Min at Fast Process Corner)
  Data Path Delay:        0.611ns  (logic 0.274ns (44.870%)  route 0.337ns (55.130%))
  Logic Levels:           2  (IBUF=1 LUT6=1)
  Clock Path Skew:        1.057ns (DCD - SCD - CPR)
    Destination Clock Delay (DCD):    1.057ns
    Source Clock Delay      (SCD):    0.000ns
    Clock Pessimism Removal (CPR):    -0.000ns

    Location             Delay type                Incr(ns)  Path(ns)    Netlist Resource(s)
  -------------------------------------------------------------------    -------------------
    V16                                               0.000     0.000 r  par_en (IN)
                         net (fo=0)                   0.000     0.000    par_en
    V16                                                               r  par_en_IBUF_inst/I
    V16                  IBUF (Prop_ibuf_I_O)         0.229     0.229 r  par_en_IBUF_inst/O
                         net (fo=3, unplaced)         0.337     0.566    uart_rx_counters_blk/par_en_IBUF
                                                                      r  uart_rx_counters_blk/FSM_onehot_state[3]_i_1/I1
                         LUT6 (Prop_lut6_I1_O)        0.045     0.611 r  uart_rx_counters_blk/FSM_onehot_state[3]_i_1/O
                         net (fo=1, unplaced)         0.000     0.611    uart_rx_controller_blk/FSM_onehot_state_reg[5]_0[3]
                         FDRE                                         r  uart_rx_controller_blk/FSM_onehot_state_reg[3]/D
  -------------------------------------------------------------------    -------------------

                         (clock sys_clk_pin rise edge)
                                                      0.000     0.000 r  
    W5                                                0.000     0.000 r  clk (IN)
                         net (fo=0)                   0.000     0.000    clk
    W5                                                                r  clk_IBUF_inst/I
    W5                   IBUF (Prop_ibuf_I_O)         0.414     0.414 r  clk_IBUF_inst/O
                         net (fo=1, unplaced)         0.355     0.769    clk_IBUF
                                                                      r  clk_IBUF_BUFG_inst/I
                         BUFG (Prop_bufg_I_O)         0.029     0.798 r  clk_IBUF_BUFG_inst/O
                         net (fo=31, unplaced)        0.259     1.057    uart_rx_controller_blk/CLK
                         FDRE                                         r  uart_rx_controller_blk/FSM_onehot_state_reg[3]/C

Slack:                    inf
  Source:                 par_typ
                            (input port)
  Destination:            uart_rx_parity_check_blk/calc_par_bit_reg/D
                            (rising edge-triggered cell FDCE clocked by sys_clk_pin  {rise@0.000ns fall@5.000ns period=10.000ns})
  Path Group:             (none)
  Path Type:              Hold (Min at Fast Process Corner)
  Data Path Delay:        0.614ns  (logic 0.277ns (45.089%)  route 0.337ns (54.911%))
  Logic Levels:           2  (IBUF=1 LUT5=1)
  Clock Path Skew:        1.057ns (DCD - SCD - CPR)
    Destination Clock Delay (DCD):    1.057ns
    Source Clock Delay      (SCD):    0.000ns
    Clock Pessimism Removal (CPR):    -0.000ns

    Location             Delay type                Incr(ns)  Path(ns)    Netlist Resource(s)
  -------------------------------------------------------------------    -------------------
    W16                                               0.000     0.000 r  par_typ (IN)
                         net (fo=0)                   0.000     0.000    par_typ
    W16                                                               r  par_typ_IBUF_inst/I
    W16                  IBUF (Prop_ibuf_I_O)         0.232     0.232 r  par_typ_IBUF_inst/O
                         net (fo=1, unplaced)         0.337     0.569    uart_rx_data_sampling_blk/par_typ_IBUF
                                                                      r  uart_rx_data_sampling_blk/calc_par_bit_i_1/I0
                         LUT5 (Prop_lut5_I0_O)        0.045     0.614 r  uart_rx_data_sampling_blk/calc_par_bit_i_1/O
                         net (fo=1, unplaced)         0.000     0.614    uart_rx_parity_check_blk/sampled_bit_reg
                         FDCE                                         r  uart_rx_parity_check_blk/calc_par_bit_reg/D
  -------------------------------------------------------------------    -------------------

                         (clock sys_clk_pin rise edge)
                                                      0.000     0.000 r  
    W5                                                0.000     0.000 r  clk (IN)
                         net (fo=0)                   0.000     0.000    clk
    W5                                                                r  clk_IBUF_inst/I
    W5                   IBUF (Prop_ibuf_I_O)         0.414     0.414 r  clk_IBUF_inst/O
                         net (fo=1, unplaced)         0.355     0.769    clk_IBUF
                                                                      r  clk_IBUF_BUFG_inst/I
                         BUFG (Prop_bufg_I_O)         0.029     0.798 r  clk_IBUF_BUFG_inst/O
                         net (fo=31, unplaced)        0.259     1.057    uart_rx_parity_check_blk/CLK
                         FDCE                                         r  uart_rx_parity_check_blk/calc_par_bit_reg/C

Slack:                    inf
  Source:                 rx_in
                            (input port)
  Destination:            uart_rx_controller_blk/FSM_onehot_state_reg[0]/D
                            (rising edge-triggered cell FDSE clocked by sys_clk_pin  {rise@0.000ns fall@5.000ns period=10.000ns})
  Path Group:             (none)
  Path Type:              Hold (Min at Fast Process Corner)
  Data Path Delay:        0.825ns  (logic 0.311ns (37.707%)  route 0.514ns (62.293%))
  Logic Levels:           3  (IBUF=1 LUT4=1 LUT6=1)
  Clock Path Skew:        1.057ns (DCD - SCD - CPR)
    Destination Clock Delay (DCD):    1.057ns
    Source Clock Delay      (SCD):    0.000ns
    Clock Pessimism Removal (CPR):    -0.000ns

    Location             Delay type                Incr(ns)  Path(ns)    Netlist Resource(s)
  -------------------------------------------------------------------    -------------------
    V17                                               0.000     0.000 r  rx_in (IN)
                         net (fo=0)                   0.000     0.000    rx_in
    V17                                                               r  rx_in_IBUF_inst/I
    V17                  IBUF (Prop_ibuf_I_O)         0.221     0.221 r  rx_in_IBUF_inst/O
                         net (fo=5, unplaced)         0.337     0.558    uart_rx_controller_blk/D[0]
                                                                      r  uart_rx_controller_blk/FSM_onehot_state[0]_i_4/I2
                         LUT4 (Prop_lut4_I2_O)        0.045     0.603 r  uart_rx_controller_blk/FSM_onehot_state[0]_i_4/O
                         net (fo=1, unplaced)         0.177     0.780    uart_rx_counters_blk/stp_err_reg_0
                                                                      r  uart_rx_counters_blk/FSM_onehot_state[0]_i_1/I4
                         LUT6 (Prop_lut6_I4_O)        0.045     0.825 r  uart_rx_counters_blk/FSM_onehot_state[0]_i_1/O
                         net (fo=1, unplaced)         0.000     0.825    uart_rx_controller_blk/FSM_onehot_state_reg[5]_0[0]
                         FDSE                                         r  uart_rx_controller_blk/FSM_onehot_state_reg[0]/D
  -------------------------------------------------------------------    -------------------

                         (clock sys_clk_pin rise edge)
                                                      0.000     0.000 r  
    W5                                                0.000     0.000 r  clk (IN)
                         net (fo=0)                   0.000     0.000    clk
    W5                                                                r  clk_IBUF_inst/I
    W5                   IBUF (Prop_ibuf_I_O)         0.414     0.414 r  clk_IBUF_inst/O
                         net (fo=1, unplaced)         0.355     0.769    clk_IBUF
                                                                      r  clk_IBUF_BUFG_inst/I
                         BUFG (Prop_bufg_I_O)         0.029     0.798 r  clk_IBUF_BUFG_inst/O
                         net (fo=31, unplaced)        0.259     1.057    uart_rx_controller_blk/CLK
                         FDSE                                         r  uart_rx_controller_blk/FSM_onehot_state_reg[0]/C

Slack:                    inf
  Source:                 rst_n
                            (input port)
  Destination:            uart_rx_data_sampling_blk/sampled_bit_reg/D
                            (rising edge-triggered cell FDCE clocked by sys_clk_pin  {rise@0.000ns fall@5.000ns period=10.000ns})
  Path Group:             (none)
  Path Type:              Hold (Min at Fast Process Corner)
  Data Path Delay:        0.825ns  (logic 0.299ns (36.190%)  route 0.526ns (63.810%))
  Logic Levels:           3  (IBUF=1 LUT4=1 LUT6=1)
  Clock Path Skew:        1.057ns (DCD - SCD - CPR)
    Destination Clock Delay (DCD):    1.057ns
    Source Clock Delay      (SCD):    0.000ns
    Clock Pessimism Removal (CPR):    -0.000ns

    Location             Delay type                Incr(ns)  Path(ns)    Netlist Resource(s)
  -------------------------------------------------------------------    -------------------
    U18                                               0.000     0.000 f  rst_n (IN)
                         net (fo=0)                   0.000     0.000    rst_n
    U18                                                               f  rst_n_IBUF_inst/I
    U18                  IBUF (Prop_ibuf_I_O)         0.210     0.210 f  rst_n_IBUF_inst/O
                         net (fo=2, unplaced)         0.337     0.547    uart_rx_counters_blk/rst_n_IBUF
                                                                      f  uart_rx_counters_blk/sampled_bit_i_3/I0
                         LUT4 (Prop_lut4_I0_O)        0.044     0.591 r  uart_rx_counters_blk/sampled_bit_i_3/O
                         net (fo=1, unplaced)         0.189     0.780    uart_rx_data_sampling_blk/edge_cnt_reg[0]
                                                                      r  uart_rx_data_sampling_blk/sampled_bit_i_1/I4
                         LUT6 (Prop_lut6_I4_O)        0.045     0.825 r  uart_rx_data_sampling_blk/sampled_bit_i_1/O
                         net (fo=1, unplaced)         0.000     0.825    uart_rx_data_sampling_blk/sampled_bit_i_1_n_0
                         FDCE                                         r  uart_rx_data_sampling_blk/sampled_bit_reg/D
  -------------------------------------------------------------------    -------------------

                         (clock sys_clk_pin rise edge)
                                                      0.000     0.000 r  
    W5                                                0.000     0.000 r  clk (IN)
                         net (fo=0)                   0.000     0.000    clk
    W5                                                                r  clk_IBUF_inst/I
    W5                   IBUF (Prop_ibuf_I_O)         0.414     0.414 r  clk_IBUF_inst/O
                         net (fo=1, unplaced)         0.355     0.769    clk_IBUF
                                                                      r  clk_IBUF_BUFG_inst/I
                         BUFG (Prop_bufg_I_O)         0.029     0.798 r  clk_IBUF_BUFG_inst/O
                         net (fo=31, unplaced)        0.259     1.057    uart_rx_data_sampling_blk/CLK
                         FDCE                                         r  uart_rx_data_sampling_blk/sampled_bit_reg/C

Slack:                    inf
  Source:                 rst_n
                            (input port)
  Destination:            uart_rx_controller_blk/FSM_onehot_state_reg[0]/S
                            (rising edge-triggered cell FDSE clocked by sys_clk_pin  {rise@0.000ns fall@5.000ns period=10.000ns})
  Path Group:             (none)
  Path Type:              Hold (Min at Fast Process Corner)
  Data Path Delay:        0.948ns  (logic 0.255ns (26.842%)  route 0.694ns (73.158%))
  Logic Levels:           2  (IBUF=1 LUT1=1)
  Clock Path Skew:        1.057ns (DCD - SCD - CPR)
    Destination Clock Delay (DCD):    1.057ns
    Source Clock Delay      (SCD):    0.000ns
    Clock Pessimism Removal (CPR):    -0.000ns

    Location             Delay type                Incr(ns)  Path(ns)    Netlist Resource(s)
  -------------------------------------------------------------------    -------------------
    U18                                               0.000     0.000 f  rst_n (IN)
                         net (fo=0)                   0.000     0.000    rst_n
    U18                                                               f  rst_n_IBUF_inst/I
    U18                  IBUF (Prop_ibuf_I_O)         0.210     0.210 f  rst_n_IBUF_inst/O
                         net (fo=2, unplaced)         0.337     0.547    uart_rx_counters_blk/rst_n_IBUF
                                                                      f  uart_rx_counters_blk/FSM_onehot_state[5]_i_1/I0
                         LUT1 (Prop_lut1_I0_O)        0.045     0.592 r  uart_rx_counters_blk/FSM_onehot_state[5]_i_1/O
                         net (fo=31, unplaced)        0.357     0.948    uart_rx_controller_blk/SS[0]
                         FDSE                                         r  uart_rx_controller_blk/FSM_onehot_state_reg[0]/S
  -------------------------------------------------------------------    -------------------

                         (clock sys_clk_pin rise edge)
                                                      0.000     0.000 r  
    W5                                                0.000     0.000 r  clk (IN)
                         net (fo=0)                   0.000     0.000    clk
    W5                                                                r  clk_IBUF_inst/I
    W5                   IBUF (Prop_ibuf_I_O)         0.414     0.414 r  clk_IBUF_inst/O
                         net (fo=1, unplaced)         0.355     0.769    clk_IBUF
                                                                      r  clk_IBUF_BUFG_inst/I
                         BUFG (Prop_bufg_I_O)         0.029     0.798 r  clk_IBUF_BUFG_inst/O
                         net (fo=31, unplaced)        0.259     1.057    uart_rx_controller_blk/CLK
                         FDSE                                         r  uart_rx_controller_blk/FSM_onehot_state_reg[0]/C

Slack:                    inf
  Source:                 rst_n
                            (input port)
  Destination:            uart_rx_controller_blk/FSM_onehot_state_reg[1]/R
                            (rising edge-triggered cell FDRE clocked by sys_clk_pin  {rise@0.000ns fall@5.000ns period=10.000ns})
  Path Group:             (none)
  Path Type:              Hold (Min at Fast Process Corner)
  Data Path Delay:        0.948ns  (logic 0.255ns (26.842%)  route 0.694ns (73.158%))
  Logic Levels:           2  (IBUF=1 LUT1=1)
  Clock Path Skew:        1.057ns (DCD - SCD - CPR)
    Destination Clock Delay (DCD):    1.057ns
    Source Clock Delay      (SCD):    0.000ns
    Clock Pessimism Removal (CPR):    -0.000ns

    Location             Delay type                Incr(ns)  Path(ns)    Netlist Resource(s)
  -------------------------------------------------------------------    -------------------
    U18                                               0.000     0.000 f  rst_n (IN)
                         net (fo=0)                   0.000     0.000    rst_n
    U18                                                               f  rst_n_IBUF_inst/I
    U18                  IBUF (Prop_ibuf_I_O)         0.210     0.210 f  rst_n_IBUF_inst/O
                         net (fo=2, unplaced)         0.337     0.547    uart_rx_counters_blk/rst_n_IBUF
                                                                      f  uart_rx_counters_blk/FSM_onehot_state[5]_i_1/I0
                         LUT1 (Prop_lut1_I0_O)        0.045     0.592 r  uart_rx_counters_blk/FSM_onehot_state[5]_i_1/O
                         net (fo=31, unplaced)        0.357     0.948    uart_rx_controller_blk/SS[0]
                         FDRE                                         r  uart_rx_controller_blk/FSM_onehot_state_reg[1]/R
  -------------------------------------------------------------------    -------------------

                         (clock sys_clk_pin rise edge)
                                                      0.000     0.000 r  
    W5                                                0.000     0.000 r  clk (IN)
                         net (fo=0)                   0.000     0.000    clk
    W5                                                                r  clk_IBUF_inst/I
    W5                   IBUF (Prop_ibuf_I_O)         0.414     0.414 r  clk_IBUF_inst/O
                         net (fo=1, unplaced)         0.355     0.769    clk_IBUF
                                                                      r  clk_IBUF_BUFG_inst/I
                         BUFG (Prop_bufg_I_O)         0.029     0.798 r  clk_IBUF_BUFG_inst/O
                         net (fo=31, unplaced)        0.259     1.057    uart_rx_controller_blk/CLK
                         FDRE                                         r  uart_rx_controller_blk/FSM_onehot_state_reg[1]/C





